proxyWallet,side,conditionId,size,price,timestamp,title,slug,eventSlug,outcome,outcomeIndex,name,total_trade_value
0xdbade4c82fb72780a0db9a38f821d8671aba9c95,BUY,0xbfa45527ec959aacc36f7c312bd4f328171a7681ef1aeb3a7e34db5fb47d3f1d,265520.98,0.998,1767479343,Maduro in U.S. custody by January 31?,maduro-in-us-custody-by-january-31,maduro-in-us-custody-by-january-31,Yes,0,SwissMiss,264989.93804
0xc5adc0dc256fb943da868b2f8f6e63f13921b0cf,BUY,0xbfa45527ec959aacc36f7c312bd4f328171a7681ef1aeb3a7e34db5fb47d3f1d,226533.48,0.999,1767544147,Maduro in U.S. custody by January 31?,maduro-in-us-custody-by-january-31,maduro-in-us-custody-by-january-31,Yes,0,Alexparker,226306.94652
0xa7cfafa0db244f760436fcf83c8b1eb98904ba10,SELL,0xbfa45527ec959aacc36f7c312bd4f328171a7681ef1aeb3a7e34db5fb47d3f1d,135093.69,0.998,1767473421,Maduro in U.S. custody by January 31?,maduro-in-us-custody-by-january-31,maduro-in-us-custody-by-january-31,Yes,0,peggysage,134823.50262
0x3022ebb3d83ba8e4d8a272d0e28174cfa49359c1,BUY,0xbfa45527ec959aacc36f7c312bd4f328171a7681ef1aeb3a7e34db5fb47d3f1d,80995.99,0.999,1767464417,Maduro in U.S. custody by January 31?,maduro-in-us-custody-by-january-31,maduro-in-us-custody-by-january-31,Yes,0,Arlette,80914.99401000001
0x94cff0a688ca7b2e5b2602343c49bcd812123db3,BUY,0xbfa45527ec959aacc36f7c312bd4f328171a7681ef1aeb3a7e34db5fb47d3f1d,80000.0,0.999,1767516667,Maduro in U.S. custody by January 31?,maduro-in-us-custody-by-january-31,maduro-in-us-custody-by-january-31,Yes,0,Official-Market-Maker,79920.0
0xbdde4a18c01db2488b36adaf2abcd870b449c019,SELL,0xbfa45527ec959aacc36f7c312bd4f328171a7681ef1aeb3a7e34db5fb47d3f1d,69849.19,0.998,1767461511,Maduro in U.S. custody by January 31?,maduro-in-us-custody-by-january-31,maduro-in-us-custody-by-january-31,Yes,0,dooby,69709.49162
0xc8ab97a9089a9ff7e6ef0688e6e591a066946418,BUY,0xbfa45527ec959aacc36f7c312bd4f328171a7681ef1aeb3a7e34db5fb47d3f1d,69793.45,0.998,1767437487,Maduro in U.S. custody by January 31?,maduro-in-us-custody-by-january-31,maduro-in-us-custody-by-january-31,Yes,0,ArmageddonRewardsBilly,69653.8631
0x10909359f9db92c8ea52c9533ebe05f903db8104,BUY,0xbfa45527ec959aacc36f7c312bd4f328171a7681ef1aeb3a7e34db5fb47d3f1d,53012.01,0.999,1767521913,Maduro in U.S. custody by January 31?,maduro-in-us-custody-by-january-31,maduro-in-us-custody-by-january-31,Yes,0,Crypto-Dawg,52958.99799
0x46124c9f4996de1e1d9df92e883680c816574f8f,BUY,0xbfa45527ec959aacc36f7c312bd4f328171a7681ef1aeb3a7e34db5fb47d3f1d,52037.537536,0.9989999999910834,1767523015,Maduro in U.S. custody by January 31?,maduro-in-us-custody-by-january-31,maduro-in-us-custody-by-january-31,Yes,0,0xb34B41EFb262602BDe24d4Fb9e04b2DA7f0690C5,51985.49999800001
0x0026ca70e996c6119f9a47a425245d227dcbaef7,SELL,0xbfa45527ec959aacc36f7c312bd4f328171a7681ef1aeb3a7e34db5fb47d3f1d,52000.0,0.998,1767473793,Maduro in U.S. custody by January 31?,maduro-in-us-custody-by-january-31,maduro-in-us-custody-by-january-31,Yes,0,GobiDesertCanoePro,51896.0
0x7744bfd749a70020d16a1fcbac1d064761c9999e,SELL,0xbfa45527ec959aacc36f7c312bd4f328171a7681ef1aeb3a7e34db5fb47d3f1d,50000.0,0.999,1767695969,Maduro in U.S. custody by January 31?,maduro-in-us-custody-by-january-31,maduro-in-us-custody-by-january-31,Yes,0,chungguskhan,49950.0
0xa7cfafa0db244f760436fcf83c8b1eb98904ba10,BUY,0xbfa45527ec959aacc36f7c312bd4f328171a7681ef1aeb3a7e34db5fb47d3f1d,50000.0,0.9986876924,1767457519,Maduro in U.S. custody by January 31?,maduro-in-us-custody-by-january-31,maduro-in-us-custody-by-january-31,Yes,0,peggysage,49934.38462
0xfcf2378f20cf408d077c21e731272f21cccea469,SELL,0xbfa45527ec959aacc36f7c312bd4f328171a7681ef1aeb3a7e34db5fb47d3f1d,45393.76,0.998,1767444687,Maduro in U.S. custody by January 31?,maduro-in-us-custody-by-january-31,maduro-in-us-custody-by-january-31,Yes,0,Roflan-ludoman,45302.972480000004
0x2e69fe40fc27ee0ef07bd46849f1692d3d2f200e,BUY,0xbfa45527ec959aacc36f7c312bd4f328171a7681ef1aeb3a7e34db5fb47d3f1d,40040.04,0.999,1767533415,Maduro in U.S. custody by January 31?,maduro-in-us-custody-by-january-31,maduro-in-us-custody-by-january-31,Yes,0,,39999.99996
0x2e69fe40fc27ee0ef07bd46849f1692d3d2f200e,SELL,0xbfa45527ec959aacc36f7c312bd4f328171a7681ef1aeb3a7e34db5fb47d3f1d,38050.99,0.998,1767533619,Maduro in U.S. custody by January 31?,maduro-in-us-custody-by-january-31,maduro-in-us-custody-by-january-31,Yes,0,,37974.88802
0x7744bfd749a70020d16a1fcbac1d064761c9999e,SELL,0xbfa45527ec959aacc36f7c312bd4f328171a7681ef1aeb3a7e34db5fb47d3f1d,35000.0,0.999,1767726267,Maduro in U.S. custody by January 31?,maduro-in-us-custody-by-january-31,maduro-in-us-custody-by-january-31,Yes,0,chungguskhan,34965.0
0xbdde4a18c01db2488b36adaf2abcd870b449c019,BUY,0xbfa45527ec959aacc36f7c312bd4f328171a7681ef1aeb3a7e34db5fb47d3f1d,33688.68,0.999,1767454011,Maduro in U.S. custody by January 31?,maduro-in-us-custody-by-january-31,maduro-in-us-custody-by-january-31,Yes,0,dooby,33654.99132
0xdd6784520a526702e517ad2d43d5bf700c2cfb31,BUY,0xbfa45527ec959aacc36f7c312bd4f328171a7681ef1aeb3a7e34db5fb47d3f1d,32059.9495,0.998,1767443571,Maduro in U.S. custody by January 31?,maduro-in-us-custody-by-january-31,maduro-in-us-custody-by-january-31,Yes,0,ADancrypto,31995.829600999998
0x45d59c4d70128ce7969124b515549aafb90e47ef,BUY,0xbfa45527ec959aacc36f7c312bd4f328171a7681ef1aeb3a7e34db5fb47d3f1d,30030.03,0.999,1767510441,Maduro in U.S. custody by January 31?,maduro-in-us-custody-by-january-31,maduro-in-us-custody-by-january-31,Yes,0,sports-professional,29999.999969999997
0x99dd407b80e45874638d783f54b0d8c097544303,BUY,0xbfa45527ec959aacc36f7c312bd4f328171a7681ef1aeb3a7e34db5fb47d3f1d,30000.0,0.999,1767533959,Maduro in U.S. custody by January 31?,maduro-in-us-custody-by-january-31,maduro-in-us-custody-by-january-31,Yes,0,weaklei,29970.0
0xfcf2378f20cf408d077c21e731272f21cccea469,SELL,0xbfa45527ec959aacc36f7c312bd4f328171a7681ef1aeb3a7e34db5fb47d3f1d,30000.0,0.997,1767447063,Maduro in U.S. custody by January 31?,maduro-in-us-custody-by-january-31,maduro-in-us-custody-by-january-31,Yes,0,Roflan-ludoman,29910.0
0xfcf2378f20cf408d077c21e731272f21cccea469,SELL,0xbfa45527ec959aacc36f7c312bd4f328171a7681ef1aeb3a7e34db5fb47d3f1d,26831.67,0.998,1767454487,Maduro in U.S. custody by January 31?,maduro-in-us-custody-by-january-31,maduro-in-us-custody-by-january-31,Yes,0,Roflan-ludoman,26778.00666
0xc5adc0dc256fb943da868b2f8f6e63f13921b0cf,BUY,0xbfa45527ec959aacc36f7c312bd4f328171a7681ef1aeb3a7e34db5fb47d3f1d,25802.54,0.9899942370014735,1767432795,Maduro in U.S. custody by January 31?,maduro-in-us-custody-by-january-31,maduro-in-us-custody-by-january-31,Yes,0,Alexparker,25544.3659
0x2f4ad5b6f519118f3d968fbbdbe5c6a7b9227c9f,SELL,0xbfa45527ec959aacc36f7c312bd4f328171a7681ef1aeb3a7e34db5fb47d3f1d,25000.0,0.999,1767684447,Maduro in U.S. custody by January 31?,maduro-in-us-custody-by-january-31,maduro-in-us-custody-by-january-31,Yes,0,superSOLdeir,24975.0
0x2f4ad5b6f519118f3d968fbbdbe5c6a7b9227c9f,SELL,0xbfa45527ec959aacc36f7c312bd4f328171a7681ef1aeb3a7e34db5fb47d3f1d,25000.0,0.999,1767683095,Maduro in U.S. custody by January 31?,maduro-in-us-custody-by-january-31,maduro-in-us-custody-by-january-31,Yes,0,superSOLdeir,24975.0
0xbdde4a18c01db2488b36adaf2abcd870b449c019,BUY,0xbfa45527ec959aacc36f7c312bd4f328171a7681ef1aeb3a7e34db5fb47d3f1d,25000.0,0.9989778,1767451687,Maduro in U.S. custody by January 31?,maduro-in-us-custody-by-january-31,maduro-in-us-custody-by-january-31,Yes,0,dooby,24974.445
0x25a7fcfe11abd6ae873148584fa3e1b6aa98a4c8,BUY,0xbfa45527ec959aacc36f7c312bd4f328171a7681ef1aeb3a7e34db5fb47d3f1d,24392.0,0.999,1767510871,Maduro in U.S. custody by January 31?,maduro-in-us-custody-by-january-31,maduro-in-us-custody-by-january-31,Yes,0,loser-star,24367.608
0x8055ae09bfeeac2f46dffe254cc1868f2df444c4,BUY,0xbfa45527ec959aacc36f7c312bd4f328171a7681ef1aeb3a7e34db5fb47d3f1d,22546.0,0.999,1767535407,Maduro in U.S. custody by January 31?,maduro-in-us-custody-by-january-31,maduro-in-us-custody-by-january-31,Yes,0,Lisbon,22523.454
0xbc40bc17d76d2f379dfe15d5746f190111f57727,BUY,0xbfa45527ec959aacc36f7c312bd4f328171a7681ef1aeb3a7e34db5fb47d3f1d,22498.0,0.999,1767535719,Maduro in U.S. custody by January 31?,maduro-in-us-custody-by-january-31,maduro-in-us-custody-by-january-31,Yes,0,LRFBCenter,22475.502
0xdcd669c506a938bae9269a84b8bd2bdb220484cd,BUY,0xbfa45527ec959aacc36f7c312bd4f328171a7681ef1aeb3a7e34db5fb47d3f1d,20766.67,0.9929450754502287,1767434103,Maduro in U.S. custody by January 31?,maduro-in-us-custody-by-january-31,maduro-in-us-custody-by-january-31,Yes,0,thegreengem,20620.16271
0x4ad6cadefae3c28f5b2caa32a99ebba3a614464c,SELL,0xbfa45527ec959aacc36f7c312bd4f328171a7681ef1aeb3a7e34db5fb47d3f1d,20000.0,0.999,1767706389,Maduro in U.S. custody by January 31?,maduro-in-us-custody-by-january-31,maduro-in-us-custody-by-january-31,Yes,0,noreasapa,19980.0
0x2f4ad5b6f519118f3d968fbbdbe5c6a7b9227c9f,SELL,0xbfa45527ec959aacc36f7c312bd4f328171a7681ef1aeb3a7e34db5fb47d3f1d,20000.0,0.999,1767724613,Maduro in U.S. custody by January 31?,maduro-in-us-custody-by-january-31,maduro-in-us-custody-by-january-31,Yes,0,superSOLdeir,19980.0
0x9305c84154dae3aa4bec0506ce4bbf726498e605,SELL,0xbfa45527ec959aacc36f7c312bd4f328171a7681ef1aeb3a7e34db5fb47d3f1d,18754.5,0.998,1767496021,Maduro in U.S. custody by January 31?,maduro-in-us-custody-by-january-31,maduro-in-us-custody-by-january-31,Yes,0,MortWalker,18716.990999999998
0x5a79e83ccb6b3c58b4730eeabb9115101f0f6296,BUY,0xbfa45527ec959aacc36f7c312bd4f328171a7681ef1aeb3a7e34db5fb47d3f1d,18577.57,0.999,1767519501,Maduro in U.S. custody by January 31?,maduro-in-us-custody-by-january-31,maduro-in-us-custody-by-january-31,Yes,0,Goopster,18558.99243
0x088ffbbc6f2c0b3839d2832e75f37e1bcecbc9e7,BUY,0xbfa45527ec959aacc36f7c312bd4f328171a7681ef1aeb3a7e34db5fb47d3f1d,18405.28,0.998,1767449693,Maduro in U.S. custody by January 31?,maduro-in-us-custody-by-january-31,maduro-in-us-custody-by-january-31,Yes,0,MisTKy3,18368.469439999997
0x088ffbbc6f2c0b3839d2832e75f37e1bcecbc9e7,SELL,0xbfa45527ec959aacc36f7c312bd4f328171a7681ef1aeb3a7e34db5fb47d3f1d,16647.06,0.998,1767457617,Maduro in U.S. custody by January 31?,maduro-in-us-custody-by-january-31,maduro-in-us-custody-by-january-31,Yes,0,MisTKy3,16613.765880000003
0x8055ae09bfeeac2f46dffe254cc1868f2df444c4,BUY,0xbfa45527ec959aacc36f7c312bd4f328171a7681ef1aeb3a7e34db5fb47d3f1d,15015.0,0.999,1767458421,Maduro in U.S. custody by January 31?,maduro-in-us-custody-by-january-31,maduro-in-us-custody-by-january-31,Yes,0,Lisbon,14999.985
0x11e829d2a19e7ade935861fb043715766a015b74,BUY,0xbfa45527ec959aacc36f7c312bd4f328171a7681ef1aeb3a7e34db5fb47d3f1d,12611.54,0.9645938402447283,1767432415,Maduro in U.S. custody by January 31?,maduro-in-us-custody-by-january-31,maduro-in-us-custody-by-january-31,Yes,0,Justitia,12165.0138
0x08458f7e9d2858027de579e4c3ca305475496b6f,SELL,0xbfa45527ec959aacc36f7c312bd4f328171a7681ef1aeb3a7e34db5fb47d3f1d,11128.26,0.998,1767466207,Maduro in U.S. custody by January 31?,maduro-in-us-custody-by-january-31,maduro-in-us-custody-by-january-31,Yes,0,GollumGekko,11106.00348
0xbacd00c9080a82ded56f504ee8810af732b0ab35,BUY,0xbfa45527ec959aacc36f7c312bd4f328171a7681ef1aeb3a7e34db5fb47d3f1d,11111.0,0.999,1767452421,Maduro in U.S. custody by January 31?,maduro-in-us-custody-by-january-31,maduro-in-us-custody-by-january-31,Yes,0,ScottyNooo,11099.889
0xbb9c165825e9f233d1f611b50b193fe94513072b,SELL,0xbfa45527ec959aacc36f7c312bd4f328171a7681ef1aeb3a7e34db5fb47d3f1d,11188.84,0.9904919812956482,1767434487,Maduro in U.S. custody by January 31?,maduro-in-us-custody-by-january-31,maduro-in-us-custody-by-january-31,Yes,0,jesterthegoose,11082.4563
0x59d7a43d0919cc9d800dbdbc545deefbfbd8ba8e,BUY,0xbfa45527ec959aacc36f7c312bd4f328171a7681ef1aeb3a7e34db5fb47d3f1d,11020.0,0.999,1767524775,Maduro in U.S. custody by January 31?,maduro-in-us-custody-by-january-31,maduro-in-us-custody-by-january-31,Yes,0,Abdoulay,11008.98
0x22e4a734845a79da7548676afec5cefb412d66e5,BUY,0xbfa45527ec959aacc36f7c312bd4f328171a7681ef1aeb3a7e34db5fb47d3f1d,10552.47,0.998,1767454949,Maduro in U.S. custody by January 31?,maduro-in-us-custody-by-january-31,maduro-in-us-custody-by-january-31,Yes,0,BISTURI,10531.36506
0x8de674db0dfe57e85594a32c06b94703d2842938,BUY,0xbfa45527ec959aacc36f7c312bd4f328171a7681ef1aeb3a7e34db5fb47d3f1d,10385.0,0.999,1767463949,Maduro in U.S. custody by January 31?,maduro-in-us-custody-by-january-31,maduro-in-us-custody-by-january-31,Yes,0,OLOTH,10374.615
0xbb9c165825e9f233d1f611b50b193fe94513072b,BUY,0xbfa45527ec959aacc36f7c312bd4f328171a7681ef1aeb3a7e34db5fb47d3f1d,10404.0,0.995,1767437007,Maduro in U.S. custody by January 31?,maduro-in-us-custody-by-january-31,maduro-in-us-custody-by-january-31,Yes,0,jesterthegoose,10351.98
0x0ead7a48afa30eba6413b8d5717569e514019572,BUY,0xbfa45527ec959aacc36f7c312bd4f328171a7681ef1aeb3a7e34db5fb47d3f1d,10090.817355,0.9909999999202245,1767434785,Maduro in U.S. custody by January 31?,maduro-in-us-custody-by-january-31,maduro-in-us-custody-by-january-31,Yes,0,minisobaby,9999.999998
0x45d59c4d70128ce7969124b515549aafb90e47ef,SELL,0xbfa45527ec959aacc36f7c312bd4f328171a7681ef1aeb3a7e34db5fb47d3f1d,10010.01,0.999,1767547875,Maduro in U.S. custody by January 31?,maduro-in-us-custody-by-january-31,maduro-in-us-custody-by-january-31,Yes,0,sports-professional,9999.99999
0x45d59c4d70128ce7969124b515549aafb90e47ef,SELL,0xbfa45527ec959aacc36f7c312bd4f328171a7681ef1aeb3a7e34db5fb47d3f1d,10010.01,0.999,1767548031,Maduro in U.S. custody by January 31?,maduro-in-us-custody-by-january-31,maduro-in-us-custody-by-january-31,Yes,0,sports-professional,9999.99999
0x45d59c4d70128ce7969124b515549aafb90e47ef,SELL,0xbfa45527ec959aacc36f7c312bd4f328171a7681ef1aeb3a7e34db5fb47d3f1d,10010.01,0.999,1767549491,Maduro in U.S. custody by January 31?,maduro-in-us-custody-by-january-31,maduro-in-us-custody-by-january-31,Yes,0,sports-professional,9999.99999
0x4ad6cadefae3c28f5b2caa32a99ebba3a614464c,SELL,0xbfa45527ec959aacc36f7c312bd4f328171a7681ef1aeb3a7e34db5fb47d3f1d,10000.0,0.999,1767718781,Maduro in U.S. custody by January 31?,maduro-in-us-custody-by-january-31,maduro-in-us-custody-by-january-31,Yes,0,noreasapa,9990.0
0x4ad6cadefae3c28f5b2caa32a99ebba3a614464c,SELL,0xbfa45527ec959aacc36f7c312bd4f328171a7681ef1aeb3a7e34db5fb47d3f1d,10000.0,0.999,1767718851,Maduro in U.S. custody by January 31?,maduro-in-us-custody-by-january-31,maduro-in-us-custody-by-january-31,Yes,0,noreasapa,9990.0
0xf5831e00655e4bc688a66e49a0916e1b4b66edc8,SELL,0xbfa45527ec959aacc36f7c312bd4f328171a7681ef1aeb3a7e34db5fb47d3f1d,9546.0,0.999,1767549203,Maduro in U.S. custody by January 31?,maduro-in-us-custody-by-january-31,maduro-in-us-custody-by-january-31,Yes,0,hdfddfgdfg,9536.454
0x000d257d2dc7616feaef4ae0f14600fdf50a758e,BUY,0xbfa45527ec959aacc36f7c312bd4f328171a7681ef1aeb3a7e34db5fb47d3f1d,9295.09,0.994,1767434313,Maduro in U.S. custody by January 31?,maduro-in-us-custody-by-january-31,maduro-in-us-custody-by-january-31,Yes,0,scottilicious,9239.31946
0xdcd669c506a938bae9269a84b8bd2bdb220484cd,BUY,0xbfa45527ec959aacc36f7c312bd4f328171a7681ef1aeb3a7e34db5fb47d3f1d,9260.46,0.996,1767435827,Maduro in U.S. custody by January 31?,maduro-in-us-custody-by-january-31,maduro-in-us-custody-by-january-31,Yes,0,thegreengem,9223.41816
0x08354f0ec613f7b8a0abc0b7cacf7cee899f0e07,BUY,0xbfa45527ec959aacc36f7c312bd4f328171a7681ef1aeb3a7e34db5fb47d3f1d,8049.05,0.999,1767533537,Maduro in U.S. custody by January 31?,maduro-in-us-custody-by-january-31,maduro-in-us-custody-by-january-31,Yes,0,Magic-Mushroom-Predicting,8041.000950000001
0x000d257d2dc7616feaef4ae0f14600fdf50a758e,SELL,0xbfa45527ec959aacc36f7c312bd4f328171a7681ef1aeb3a7e34db5fb47d3f1d,8000.0,0.999,1767568949,Maduro in U.S. custody by January 31?,maduro-in-us-custody-by-january-31,maduro-in-us-custody-by-january-31,Yes,0,scottilicious,7992.0
0x329529e574926056dad6627e9677eef8511270f6,BUY,0xbfa45527ec959aacc36f7c312bd4f328171a7681ef1aeb3a7e34db5fb47d3f1d,7910.45,0.98,1767432767,Maduro in U.S. custody by January 31?,maduro-in-us-custody-by-january-31,maduro-in-us-custody-by-january-31,Yes,0,thejoker96,7752.241
0x48afe8fbde091ff3e616901dc92ef20862c289cc,BUY,0xbfa45527ec959aacc36f7c312bd4f328171a7681ef1aeb3a7e34db5fb47d3f1d,8104.597469,0.8637073000571498,1767432229,Maduro in U.S. custody by January 31?,maduro-in-us-custody-by-january-31,maduro-in-us-custody-by-january-31,Yes,0,heresjimmy,6999.999998
0xfdedfff4aa31bdb2b5e213918ff287d8c28c28aa,BUY,0xbfa45527ec959aacc36f7c312bd4f328171a7681ef1aeb3a7e34db5fb47d3f1d,7014.028055,0.9979999998731114,1767441713,Maduro in U.S. custody by January 31?,maduro-in-us-custody-by-january-31,maduro-in-us-custody-by-january-31,Yes,0,0xfDEdFfF4aA31bDB2B5e213918FF287D8C28c28AA-1719212206343,6999.999997999999
0xd592400c366db77ae75ae92d0cd8cf3331e0b119,BUY,0xbfa45527ec959aacc36f7c312bd4f328171a7681ef1aeb3a7e34db5fb47d3f1d,6830.064978,0.9978250602230215,1767456725,Maduro in U.S. custody by January 31?,maduro-in-us-custody-by-january-31,maduro-in-us-custody-by-january-31,Yes,0,LG33,6815.209998
0xa48e29c2bd8b5299dfe8e65330976594ec7db476,BUY,0xbfa45527ec959aacc36f7c312bd4f328171a7681ef1aeb3a7e34db5fb47d3f1d,6806.806,0.999,1767468793,Maduro in U.S. custody by January 31?,maduro-in-us-custody-by-january-31,maduro-in-us-custody-by-january-31,Yes,0,deepmouse,6799.999194
0x25a7fcfe11abd6ae873148584fa3e1b6aa98a4c8,BUY,0xbfa45527ec959aacc36f7c312bd4f328171a7681ef1aeb3a7e34db5fb47d3f1d,6306.0,0.999,1767515021,Maduro in U.S. custody by January 31?,maduro-in-us-custody-by-january-31,maduro-in-us-custody-by-january-31,Yes,0,loser-star,6299.694
0x0eeed0b0adf5fabd1831c8ba286964e243c15b68,BUY,0xbfa45527ec959aacc36f7c312bd4f328171a7681ef1aeb3a7e34db5fb47d3f1d,6051.05,0.999,1767535439,Maduro in U.S. custody by January 31?,maduro-in-us-custody-by-january-31,maduro-in-us-custody-by-january-31,Yes,0,Picador,6044.99895
0x2a019dc0089ea8c6edbbafc8a7cc9ba77b4b6397,SELL,0xbfa45527ec959aacc36f7c312bd4f328171a7681ef1aeb3a7e34db5fb47d3f1d,6000.0,0.999,1767704097,Maduro in U.S. custody by January 31?,maduro-in-us-custody-by-january-31,maduro-in-us-custody-by-january-31,Yes,0,aviato,5994.0
0xa9e8faf20424f3efbf12abaea0e7069d7546c443,SELL,0xbfa45527ec959aacc36f7c312bd4f328171a7681ef1aeb3a7e34db5fb47d3f1d,6000.0,0.998,1767534239,Maduro in U.S. custody by January 31?,maduro-in-us-custody-by-january-31,maduro-in-us-custody-by-january-31,Yes,0,0xa9E8FaF20424F3efBF12abaEa0e7069d7546C443-1727183987392,5988.0
0xa8c63f775ddbbe66b56614191747def3021444e8,SELL,0xbfa45527ec959aacc36f7c312bd4f328171a7681ef1aeb3a7e34db5fb47d3f1d,6000.0,0.997,1767479231,Maduro in U.S. custody by January 31?,maduro-in-us-custody-by-january-31,maduro-in-us-custody-by-january-31,Yes,0,Tenebrus7,5982.0
0xbb9c165825e9f233d1f611b50b193fe94513072b,BUY,0xbfa45527ec959aacc36f7c312bd4f328171a7681ef1aeb3a7e34db5fb47d3f1d,6055.22,0.9492158831553602,1767432385,Maduro in U.S. custody by January 31?,maduro-in-us-custody-by-january-31,maduro-in-us-custody-by-january-31,Yes,0,jesterthegoose,5747.711
0x08458f7e9d2858027de579e4c3ca305475496b6f,SELL,0xbfa45527ec959aacc36f7c312bd4f328171a7681ef1aeb3a7e34db5fb47d3f1d,5564.13,0.998,1767468463,Maduro in U.S. custody by January 31?,maduro-in-us-custody-by-january-31,maduro-in-us-custody-by-january-31,Yes,0,GollumGekko,5553.00174
0x4206c90e3809fbe9d2f35d3f367b544438570922,BUY,0xbfa45527ec959aacc36f7c312bd4f328171a7681ef1aeb3a7e34db5fb47d3f1d,5045.535,0.999,1767510373,Maduro in U.S. custody by January 31?,maduro-in-us-custody-by-january-31,maduro-in-us-custody-by-january-31,Yes,0,,5040.489465
0xdc9c00c012e428cd9142b3dda82c66baae0442ca,BUY,0xbfa45527ec959aacc36f7c312bd4f328171a7681ef1aeb3a7e34db5fb47d3f1d,5012.83,0.998,1767451921,Maduro in U.S. custody by January 31?,maduro-in-us-custody-by-january-31,maduro-in-us-custody-by-january-31,Yes,0,,5002.80434
0x18cda925145a03cd1650ad1036f6b152ece1d8d2,BUY,0xbfa45527ec959aacc36f7c312bd4f328171a7681ef1aeb3a7e34db5fb47d3f1d,5010.02,0.998,1767440279,Maduro in U.S. custody by January 31?,maduro-in-us-custody-by-january-31,maduro-in-us-custody-by-january-31,Yes,0,AxiaSystem,4999.99996
0x9b077c7d8dd35ec81c5a455dbc8c5bf0292f782b,BUY,0xbfa45527ec959aacc36f7c312bd4f328171a7681ef1aeb3a7e34db5fb47d3f1d,5000.0,0.999,1767520651,Maduro in U.S. custody by January 31?,maduro-in-us-custody-by-january-31,maduro-in-us-custody-by-january-31,Yes,0,irbisSS,4995.0
0x54a78f8c6e64572111c5683a9efeed25a04c881b,BUY,0xbfa45527ec959aacc36f7c312bd4f328171a7681ef1aeb3a7e34db5fb47d3f1d,5000.0,0.995,1767436681,Maduro in U.S. custody by January 31?,maduro-in-us-custody-by-january-31,maduro-in-us-custody-by-january-31,Yes,0,Laurenman,4975.0
0x088ffbbc6f2c0b3839d2832e75f37e1bcecbc9e7,BUY,0xbfa45527ec959aacc36f7c312bd4f328171a7681ef1aeb3a7e34db5fb47d3f1d,5030.81,0.98,1767432669,Maduro in U.S. custody by January 31?,maduro-in-us-custody-by-january-31,maduro-in-us-custody-by-january-31,Yes,0,MisTKy3,4930.1938
0xc1afe52775b5118a12bcd98f44a677e3d4490dae,BUY,0xbfa45527ec959aacc36f7c312bd4f328171a7681ef1aeb3a7e34db5fb47d3f1d,4890.0,0.998,1767452053,Maduro in U.S. custody by January 31?,maduro-in-us-custody-by-january-31,maduro-in-us-custody-by-january-31,Yes,0,,4880.22
0x0224bb9eb0a5c9fd261ac9123a72cbdd5748292a,BUY,0xbfa45527ec959aacc36f7c312bd4f328171a7681ef1aeb3a7e34db5fb47d3f1d,4744.154,0.999,1767530271,Maduro in U.S. custody by January 31?,maduro-in-us-custody-by-january-31,maduro-in-us-custody-by-january-31,Yes,0,zb8,4739.4098460000005
0x954f63e01e948425d627468cf78e9a8850ab025d,SELL,0xbfa45527ec959aacc36f7c312bd4f328171a7681ef1aeb3a7e34db5fb47d3f1d,4200.0,0.998,1767452805,Maduro in U.S. custody by January 31?,maduro-in-us-custody-by-january-31,maduro-in-us-custody-by-january-31,Yes,0,Webet888,4191.6
0x954f63e01e948425d627468cf78e9a8850ab025d,SELL,0xbfa45527ec959aacc36f7c312bd4f328171a7681ef1aeb3a7e34db5fb47d3f1d,4200.0,0.998,1767460513,Maduro in U.S. custody by January 31?,maduro-in-us-custody-by-january-31,maduro-in-us-custody-by-january-31,Yes,0,Webet888,4191.6
0x48afe8fbde091ff3e616901dc92ef20862c289cc,BUY,0xbfa45527ec959aacc36f7c312bd4f328171a7681ef1aeb3a7e34db5fb47d3f1d,4210.5263,0.95,1767432353,Maduro in U.S. custody by January 31?,maduro-in-us-custody-by-january-31,maduro-in-us-custody-by-january-31,Yes,0,heresjimmy,3999.9999850000004
0x000d257d2dc7616feaef4ae0f14600fdf50a758e,BUY,0xbfa45527ec959aacc36f7c312bd4f328171a7681ef1aeb3a7e34db5fb47d3f1d,3871.05,0.9922583278438667,1767434385,Maduro in U.S. custody by January 31?,maduro-in-us-custody-by-january-31,maduro-in-us-custody-by-january-31,Yes,0,scottilicious,3841.0816000000004
0xab19716584931d81cd9e7763402673a64baa4876,BUY,0xbfa45527ec959aacc36f7c312bd4f328171a7681ef1aeb3a7e34db5fb47d3f1d,4346.38,0.8565180679093867,1767429617,Maduro in U.S. custody by January 31?,maduro-in-us-custody-by-january-31,maduro-in-us-custody-by-january-31,No,1,SlenderMan,3722.753
0x2a019dc0089ea8c6edbbafc8a7cc9ba77b4b6397,BUY,0xbfa45527ec959aacc36f7c312bd4f328171a7681ef1aeb3a7e34db5fb47d3f1d,4000.0,0.92950825,1767432295,Maduro in U.S. custody by January 31?,maduro-in-us-custody-by-january-31,maduro-in-us-custody-by-january-31,Yes,0,aviato,3718.0330000000004
0xdcd669c506a938bae9269a84b8bd2bdb220484cd,BUY,0xbfa45527ec959aacc36f7c312bd4f328171a7681ef1aeb3a7e34db5fb47d3f1d,3624.51,0.997,1767435833,Maduro in U.S. custody by January 31?,maduro-in-us-custody-by-january-31,maduro-in-us-custody-by-january-31,Yes,0,thegreengem,3613.6364700000004
0x000d257d2dc7616feaef4ae0f14600fdf50a758e,BUY,0xbfa45527ec959aacc36f7c312bd4f328171a7681ef1aeb3a7e34db5fb47d3f1d,3642.93,0.991,1767434787,Maduro in U.S. custody by January 31?,maduro-in-us-custody-by-january-31,maduro-in-us-custody-by-january-31,Yes,0,scottilicious,3610.14363
0x4b7a030f067a7252182464be7b790af76903c218,SELL,0xbfa45527ec959aacc36f7c312bd4f328171a7681ef1aeb3a7e34db5fb47d3f1d,3577.18,0.997,1767451055,Maduro in U.S. custody by January 31?,maduro-in-us-custody-by-january-31,maduro-in-us-custody-by-january-31,Yes,0,9ANDA,3566.4484599999996
0xdcd669c506a938bae9269a84b8bd2bdb220484cd,BUY,0xbfa45527ec959aacc36f7c312bd4f328171a7681ef1aeb3a7e34db5fb47d3f1d,3529.82,0.996,1767435717,Maduro in U.S. custody by January 31?,maduro-in-us-custody-by-january-31,maduro-in-us-custody-by-january-31,Yes,0,thegreengem,3515.7007200000003
0xdcd669c506a938bae9269a84b8bd2bdb220484cd,BUY,0xbfa45527ec959aacc36f7c312bd4f328171a7681ef1aeb3a7e34db5fb47d3f1d,3460.21,0.997,1767437403,Maduro in U.S. custody by January 31?,maduro-in-us-custody-by-january-31,maduro-in-us-custody-by-january-31,Yes,0,thegreengem,3449.82937
0x347fbc3142a8a5ba5baa737dcee36f2ea542da56,BUY,0xbfa45527ec959aacc36f7c312bd4f328171a7681ef1aeb3a7e34db5fb47d3f1d,3421.65,0.999,1767454537,Maduro in U.S. custody by January 31?,maduro-in-us-custody-by-january-31,maduro-in-us-custody-by-january-31,Yes,0,pilorget,3418.22835
0xd592400c366db77ae75ae92d0cd8cf3331e0b119,SELL,0xbfa45527ec959aacc36f7c312bd4f328171a7681ef1aeb3a7e34db5fb47d3f1d,3415.03,0.998,1767468661,Maduro in U.S. custody by January 31?,maduro-in-us-custody-by-january-31,maduro-in-us-custody-by-january-31,Yes,0,LG33,3408.19994
0xab19716584931d81cd9e7763402673a64baa4876,BUY,0xbfa45527ec959aacc36f7c312bd4f328171a7681ef1aeb3a7e34db5fb47d3f1d,4034.4,0.83,1767429531,Maduro in U.S. custody by January 31?,maduro-in-us-custody-by-january-31,maduro-in-us-custody-by-january-31,No,1,SlenderMan,3348.552
0x95923e6dfa4e685361ffb0ead28657d3fa1aa85b,SELL,0xbfa45527ec959aacc36f7c312bd4f328171a7681ef1aeb3a7e34db5fb47d3f1d,3280.62,0.999,1767573057,Maduro in U.S. custody by January 31?,maduro-in-us-custody-by-january-31,maduro-in-us-custody-by-january-31,Yes,0,copefan,3277.33938
0x6e8f80ca0cddb8d3f207dc5147ac0e6062ae162c,BUY,0xbfa45527ec959aacc36f7c312bd4f328171a7681ef1aeb3a7e34db5fb47d3f1d,3192.68,0.989798370021424,1767433915,Maduro in U.S. custody by January 31?,maduro-in-us-custody-by-january-31,maduro-in-us-custody-by-january-31,Yes,0,0x6e8f80ca0cddb8d3f207dc5147ac0e6062ae162,3160.1094599999997
0x95923e6dfa4e685361ffb0ead28657d3fa1aa85b,BUY,0xbfa45527ec959aacc36f7c312bd4f328171a7681ef1aeb3a7e34db5fb47d3f1d,3280.62,0.9496951795697155,1767432399,Maduro in U.S. custody by January 31?,maduro-in-us-custody-by-january-31,maduro-in-us-custody-by-january-31,Yes,0,copefan,3115.589
0xc8ab97a9089a9ff7e6ef0688e6e591a066946418,BUY,0xbfa45527ec959aacc36f7c312bd4f328171a7681ef1aeb3a7e34db5fb47d3f1d,3511.33,0.8767733024238679,1767430169,Maduro in U.S. custody by January 31?,maduro-in-us-custody-by-january-31,maduro-in-us-custody-by-january-31,No,1,ArmageddonRewardsBilly,3078.6403999999998
0xdcd669c506a938bae9269a84b8bd2bdb220484cd,BUY,0xbfa45527ec959aacc36f7c312bd4f328171a7681ef1aeb3a7e34db5fb47d3f1d,3091.76,0.9916549667503299,1767434071,Maduro in U.S. custody by January 31?,maduro-in-us-custody-by-january-31,maduro-in-us-custody-by-january-31,Yes,0,thegreengem,3065.9591600000003
0xee49705acf88cc712470254beff066fb22dbfc0d,BUY,0xbfa45527ec959aacc36f7c312bd4f328171a7681ef1aeb3a7e34db5fb47d3f1d,3006.012023,0.997999999682636,1767478153,Maduro in U.S. custody by January 31?,maduro-in-us-custody-by-january-31,maduro-in-us-custody-by-january-31,Yes,0,slowf,2999.9999980000002
0x8d19a9a13f48588865f0743e3d2db64bf325be54,BUY,0xbfa45527ec959aacc36f7c312bd4f328171a7681ef1aeb3a7e34db5fb47d3f1d,2866.890666,0.9969999999993023,1767437261,Maduro in U.S. custody by January 31?,maduro-in-us-custody-by-january-31,maduro-in-us-custody-by-january-31,Yes,0,makeadream,2858.2899939999998
0x9849f758f778393932d3d6f9135b4c27edce3603,SELL,0xbfa45527ec959aacc36f7c312bd4f328171a7681ef1aeb3a7e34db5fb47d3f1d,2834.41,0.999,1767589201,Maduro in U.S. custody by January 31?,maduro-in-us-custody-by-january-31,maduro-in-us-custody-by-january-31,Yes,0,ErnstStormare,2831.57559
0xbb611d193d53fe25a0d372d98cf24e4dc03558ff,SELL,0xbfa45527ec959aacc36f7c312bd4f328171a7681ef1aeb3a7e34db5fb47d3f1d,2795.65,0.998,1767503275,Maduro in U.S. custody by January 31?,maduro-in-us-custody-by-january-31,maduro-in-us-custody-by-january-31,Yes,0,prescient,2790.0587
0x54a78f8c6e64572111c5683a9efeed25a04c881b,BUY,0xbfa45527ec959aacc36f7c312bd4f328171a7681ef1aeb3a7e34db5fb47d3f1d,2700.0,0.995,1767436705,Maduro in U.S. custody by January 31?,maduro-in-us-custody-by-january-31,maduro-in-us-custody-by-january-31,Yes,0,Laurenman,2686.5
0x7a30dd2839b83118d1a32d5b01664a743ef44e0a,BUY,0xbfa45527ec959aacc36f7c312bd4f328171a7681ef1aeb3a7e34db5fb47d3f1d,2679.69,0.9939134340166214,1767434599,Maduro in U.S. custody by January 31?,maduro-in-us-custody-by-january-31,maduro-in-us-custody-by-january-31,Yes,0,f12f12fsaf,2663.37989
0x1e862c5725bf84d15e3e1d881c1a3b2df6d129ab,SELL,0xbfa45527ec959aacc36f7c312bd4f328171a7681ef1aeb3a7e34db5fb47d3f1d,2499.99,0.998,1767487255,Maduro in U.S. custody by January 31?,maduro-in-us-custody-by-january-31,maduro-in-us-custody-by-january-31,Yes,0,hyperlickquid,2494.9900199999997
0x08faa47fef1f80ebdd013dd3e86ea990316b2220,BUY,0xbfa45527ec959aacc36f7c312bd4f328171a7681ef1aeb3a7e34db5fb47d3f1d,2461.53153,0.998999999809062,1767518191,Maduro in U.S. custody by January 31?,maduro-in-us-custody-by-january-31,maduro-in-us-custody-by-january-31,Yes,0,BitToon,2459.0699980000004
0xb10047d6a254b2ebb306d7a7d13bf59171ab6461,BUY,0xbfa45527ec959aacc36f7c312bd4f328171a7681ef1aeb3a7e34db5fb47d3f1d,2250.69,0.91,1767431503,Maduro in U.S. custody by January 31?,maduro-in-us-custody-by-january-31,maduro-in-us-custody-by-january-31,No,1,Parz1vaI,2048.1279
0xbb611d193d53fe25a0d372d98cf24e4dc03558ff,BUY,0xbfa45527ec959aacc36f7c312bd4f328171a7681ef1aeb3a7e34db5fb47d3f1d,2038.076,0.998,1767443437,Maduro in U.S. custody by January 31?,maduro-in-us-custody-by-january-31,maduro-in-us-custody-by-january-31,Yes,0,prescient,2033.999848
0x209592fd9db17e34ee0a66ac56dd1fe6d5378028,SELL,0xbfa45527ec959aacc36f7c312bd4f328171a7681ef1aeb3a7e34db5fb47d3f1d,2020.86,0.997,1767449363,Maduro in U.S. custody by January 31?,maduro-in-us-custody-by-january-31,maduro-in-us-custody-by-january-31,Yes,0,ShadowThong,2014.7974199999999
0x2a4205ca024761e96f67841c20efbf9a0f66ee8a,SELL,0xbfa45527ec959aacc36f7c312bd4f328171a7681ef1aeb3a7e34db5fb47d3f1d,2020.36,0.996,1767456999,Maduro in U.S. custody by January 31?,maduro-in-us-custody-by-january-31,maduro-in-us-custody-by-january-31,Yes,0,hisdhfia,2012.27856
0x2a4205ca024761e96f67841c20efbf9a0f66ee8a,BUY,0xbfa45527ec959aacc36f7c312bd4f328171a7681ef1aeb3a7e34db5fb47d3f1d,2020.369788,0.9957187094900273,1767435497,Maduro in U.S. custody by January 31?,maduro-in-us-custody-by-january-31,maduro-in-us-custody-by-january-31,Yes,0,hisdhfia,2011.719998
0x209592fd9db17e34ee0a66ac56dd1fe6d5378028,BUY,0xbfa45527ec959aacc36f7c312bd4f328171a7681ef1aeb3a7e34db5fb47d3f1d,2020.867428,0.9927469205565325,1767435241,Maduro in U.S. custody by January 31?,maduro-in-us-custody-by-january-31,maduro-in-us-custody-by-january-31,Yes,0,ShadowThong,2006.209916
0xdc753310a36d7509c68ece82ecc010464563e4bc,BUY,0xbfa45527ec959aacc36f7c312bd4f328171a7681ef1aeb3a7e34db5fb47d3f1d,2004.008015,0.99799999951597,1767447357,Maduro in U.S. custody by January 31?,maduro-in-us-custody-by-january-31,maduro-in-us-custody-by-january-31,Yes,0,Tukituki,1999.9999979999998
0x8bf33e0fc7582b190d96fe19800a44f949a997bd,SELL,0xbfa45527ec959aacc36f7c312bd4f328171a7681ef1aeb3a7e34db5fb47d3f1d,2000.0,0.999,1767710355,Maduro in U.S. custody by January 31?,maduro-in-us-custody-by-january-31,maduro-in-us-custody-by-january-31,Yes,0,sofka,1998.0
0x93cdaf38ddecb78f87307d3c15155bf7c35b7008,SELL,0xbfa45527ec959aacc36f7c312bd4f328171a7681ef1aeb3a7e34db5fb47d3f1d,2000.0,0.999,1767708579,Maduro in U.S. custody by January 31?,maduro-in-us-custody-by-january-31,maduro-in-us-custody-by-january-31,Yes,0,belosnejka,1998.0
0xd0db79306c38e8ce1969ce80dde58fa67a67b117,BUY,0xbfa45527ec959aacc36f7c312bd4f328171a7681ef1aeb3a7e34db5fb47d3f1d,2000.0,0.998,1767476741,Maduro in U.S. custody by January 31?,maduro-in-us-custody-by-january-31,maduro-in-us-custody-by-january-31,Yes,0,Talophex,1996.0
0xc31516291191961a882c5b6e22fe9ba8035afe18,BUY,0xbfa45527ec959aacc36f7c312bd4f328171a7681ef1aeb3a7e34db5fb47d3f1d,2000.0,0.998,1767474195,Maduro in U.S. custody by January 31?,maduro-in-us-custody-by-january-31,maduro-in-us-custody-by-january-31,Yes,0,BdMap,1996.0
0x8d19a9a13f48588865f0743e3d2db64bf325be54,SELL,0xbfa45527ec959aacc36f7c312bd4f328171a7681ef1aeb3a7e34db5fb47d3f1d,2000.0,0.997,1767437443,Maduro in U.S. custody by January 31?,maduro-in-us-custody-by-january-31,maduro-in-us-custody-by-january-31,Yes,0,makeadream,1994.0
0x9f6d9048fd7a670db9dad46c6168a7ee0d65b4c7,BUY,0xbfa45527ec959aacc36f7c312bd4f328171a7681ef1aeb3a7e34db5fb47d3f1d,2176.82,0.91,1767431755,Maduro in U.S. custody by January 31?,maduro-in-us-custody-by-january-31,maduro-in-us-custody-by-january-31,No,1,SuperBet69,1980.9062000000001
0xebccf67ea82ddb7062e8c3187f3dce57fbbee3cc,SELL,0xbfa45527ec959aacc36f7c312bd4f328171a7681ef1aeb3a7e34db5fb47d3f1d,1950.0,0.999,1767709381,Maduro in U.S. custody by January 31?,maduro-in-us-custody-by-january-31,maduro-in-us-custody-by-january-31,Yes,0,swanato,1948.05
0x7dd2c0bd844ff875f3b54c346e23253e9e3e25e9,BUY,0xbfa45527ec959aacc36f7c312bd4f328171a7681ef1aeb3a7e34db5fb47d3f1d,1931.57157,0.9989999997773833,1767519621,Maduro in U.S. custody by January 31?,maduro-in-us-custody-by-january-31,maduro-in-us-custody-by-january-31,Yes,0,DomPerignon,1929.6399979999999
0x040e33192dee5e6de7679cce66bd4611c329e1c0,SELL,0xbfa45527ec959aacc36f7c312bd4f328171a7681ef1aeb3a7e34db5fb47d3f1d,1900.0,0.999,1767702357,Maduro in U.S. custody by January 31?,maduro-in-us-custody-by-january-31,maduro-in-us-custody-by-january-31,Yes,0,stirka,1898.1
0x95074f700f93bdf6e62fc965e0832064c0877b04,BUY,0xbfa45527ec959aacc36f7c312bd4f328171a7681ef1aeb3a7e34db5fb47d3f1d,1872.92,0.999,1767528699,Maduro in U.S. custody by January 31?,maduro-in-us-custody-by-january-31,maduro-in-us-custody-by-january-31,Yes,0,AyatollahKhamenei,1871.04708
0x6e8f80ca0cddb8d3f207dc5147ac0e6062ae162c,BUY,0xbfa45527ec959aacc36f7c312bd4f328171a7681ef1aeb3a7e34db5fb47d3f1d,1860.97,0.99,1767433953,Maduro in U.S. custody by January 31?,maduro-in-us-custody-by-january-31,maduro-in-us-custody-by-january-31,Yes,0,0x6e8f80ca0cddb8d3f207dc5147ac0e6062ae162,1842.3603
0x40cb6f2e9965876fbae351a433bea8432b70442d,SELL,0xbfa45527ec959aacc36f7c312bd4f328171a7681ef1aeb3a7e34db5fb47d3f1d,1820.0,0.999,1767710075,Maduro in U.S. custody by January 31?,maduro-in-us-custody-by-january-31,maduro-in-us-custody-by-january-31,Yes,0,sapogovs,1818.18
0x2a019dc0089ea8c6edbbafc8a7cc9ba77b4b6397,BUY,0xbfa45527ec959aacc36f7c312bd4f328171a7681ef1aeb3a7e34db5fb47d3f1d,1870.0,0.97,1767432635,Maduro in U.S. custody by January 31?,maduro-in-us-custody-by-january-31,maduro-in-us-custody-by-january-31,Yes,0,aviato,1813.8999999999999
0xf483e0d3bb5934269d2a5db71019a7566c355b8a,BUY,0xbfa45527ec959aacc36f7c312bd4f328171a7681ef1aeb3a7e34db5fb47d3f1d,1804.0,0.999,1767516913,Maduro in U.S. custody by January 31?,maduro-in-us-custody-by-january-31,maduro-in-us-custody-by-january-31,Yes,0,gelly,1802.196
0xf483e0d3bb5934269d2a5db71019a7566c355b8a,SELL,0xbfa45527ec959aacc36f7c312bd4f328171a7681ef1aeb3a7e34db5fb47d3f1d,1804.0,0.999,1767648269,Maduro in U.S. custody by January 31?,maduro-in-us-custody-by-january-31,maduro-in-us-custody-by-january-31,Yes,0,gelly,1802.196
0x4044798f1d60d92369c86cf5b6f1e497e2818de5,SELL,0xbfa45527ec959aacc36f7c312bd4f328171a7681ef1aeb3a7e34db5fb47d3f1d,1800.0,0.997,1767436015,Maduro in U.S. custody by January 31?,maduro-in-us-custody-by-january-31,maduro-in-us-custody-by-january-31,Yes,0,0x4044798f1d60d92369C86CF5B6F1e497E2818De5-1761942443788,1794.6
0xe598435df0cdf5d22bdd5082d557f75f9180a0a8,BUY,0xbfa45527ec959aacc36f7c312bd4f328171a7681ef1aeb3a7e34db5fb47d3f1d,1750.0,0.98,1767432745,Maduro in U.S. custody by January 31?,maduro-in-us-custody-by-january-31,maduro-in-us-custody-by-january-31,Yes,0,bamesjond,1715.0
0xab19716584931d81cd9e7763402673a64baa4876,BUY,0xbfa45527ec959aacc36f7c312bd4f328171a7681ef1aeb3a7e34db5fb47d3f1d,2020.0,0.845049504950495,1767427451,Maduro in U.S. custody by January 31?,maduro-in-us-custody-by-january-31,maduro-in-us-custody-by-january-31,No,1,SlenderMan,1707.0
0xa12395f2eee90c4ef2dd02a35a2a0fe8c1a8e47b,SELL,0xbfa45527ec959aacc36f7c312bd4f328171a7681ef1aeb3a7e34db5fb47d3f1d,1700.0,0.999,1767708409,Maduro in U.S. custody by January 31?,maduro-in-us-custody-by-january-31,maduro-in-us-custody-by-january-31,Yes,0,trapka,1698.3
0xae10c2d12ee2f50f212eb454411e4c0ac67d1272,SELL,0xbfa45527ec959aacc36f7c312bd4f328171a7681ef1aeb3a7e34db5fb47d3f1d,1700.0,0.999,1767707853,Maduro in U.S. custody by January 31?,maduro-in-us-custody-by-january-31,maduro-in-us-custody-by-january-31,Yes,0,chihilak,1698.3
0x5313d54cd6bf5649a3016dd6ccc5feceb8919309,BUY,0xbfa45527ec959aacc36f7c312bd4f328171a7681ef1aeb3a7e34db5fb47d3f1d,1677.81563,0.9979999995589504,1767475191,Maduro in U.S. custody by January 31?,maduro-in-us-custody-by-january-31,maduro-in-us-custody-by-january-31,Yes,0,saber99,1674.459998
0x5313d54cd6bf5649a3016dd6ccc5feceb8919309,SELL,0xbfa45527ec959aacc36f7c312bd4f328171a7681ef1aeb3a7e34db5fb47d3f1d,1677.81,0.998,1767518783,Maduro in U.S. custody by January 31?,maduro-in-us-custody-by-january-31,maduro-in-us-custody-by-january-31,Yes,0,saber99,1674.45438
0xdcd669c506a938bae9269a84b8bd2bdb220484cd,BUY,0xbfa45527ec959aacc36f7c312bd4f328171a7681ef1aeb3a7e34db5fb47d3f1d,1663.55,0.9934808992816567,1767435295,Maduro in U.S. custody by January 31?,maduro-in-us-custody-by-january-31,maduro-in-us-custody-by-january-31,Yes,0,thegreengem,1652.70515
0x69e2c40d228cb190f8309ce39eb33945af556255,SELL,0xbfa45527ec959aacc36f7c312bd4f328171a7681ef1aeb3a7e34db5fb47d3f1d,1600.0,0.999,1767710865,Maduro in U.S. custody by January 31?,maduro-in-us-custody-by-january-31,maduro-in-us-custody-by-january-31,Yes,0,kinofilm,1598.4
0xf4373d2cb436e6875fd3cee8404e499aafcfe1f4,SELL,0xbfa45527ec959aacc36f7c312bd4f328171a7681ef1aeb3a7e34db5fb47d3f1d,1600.0,0.999,1767704717,Maduro in U.S. custody by January 31?,maduro-in-us-custody-by-january-31,maduro-in-us-custody-by-january-31,Yes,0,octopis,1598.4
0xa66790e2b0075e73c3781ddaf1d0b875a3aaceb3,BUY,0xbfa45527ec959aacc36f7c312bd4f328171a7681ef1aeb3a7e34db5fb47d3f1d,1579.47,0.999,1767528473,Maduro in U.S. custody by January 31?,maduro-in-us-custody-by-january-31,maduro-in-us-custody-by-january-31,Yes,0,Elias.Thornwell,1577.8905300000001
0xa66790e2b0075e73c3781ddaf1d0b875a3aaceb3,SELL,0xbfa45527ec959aacc36f7c312bd4f328171a7681ef1aeb3a7e34db5fb47d3f1d,1579.47,0.999,1767569551,Maduro in U.S. custody by January 31?,maduro-in-us-custody-by-january-31,maduro-in-us-custody-by-january-31,Yes,0,Elias.Thornwell,1577.8905300000001
0x83a296505eb520c9d35823571204ced41fd69452,BUY,0xbfa45527ec959aacc36f7c312bd4f328171a7681ef1aeb3a7e34db5fb47d3f1d,13184.53,0.11503869307438339,1767432107,Maduro in U.S. custody by January 31?,maduro-in-us-custody-by-january-31,maduro-in-us-custody-by-january-31,Yes,0,.jeet,1516.7311
0xda12740a3c62bc197cbf17c21c7a297ae8db7d17,BUY,0xbfa45527ec959aacc36f7c312bd4f328171a7681ef1aeb3a7e34db5fb47d3f1d,1509322.45,0.001,1767650387,Maduro in U.S. custody by January 31?,maduro-in-us-custody-by-january-31,maduro-in-us-custody-by-january-31,No,1,Extro,1509.32245
0xc1b399b26020a4f689108e9640fd3dc8ffc8501c,SELL,0xbfa45527ec959aacc36f7c312bd4f328171a7681ef1aeb3a7e34db5fb47d3f1d,1513.63,0.991,1767435215,Maduro in U.S. custody by January 31?,maduro-in-us-custody-by-january-31,maduro-in-us-custody-by-january-31,Yes,0,CoffeeLover,1500.0073300000001
0x3dc2cd459e17e7217b267c85f7ec2838a3ae4967,SELL,0xbfa45527ec959aacc36f7c312bd4f328171a7681ef1aeb3a7e34db5fb47d3f1d,1500.0,0.999,1767704951,Maduro in U.S. custody by January 31?,maduro-in-us-custody-by-january-31,maduro-in-us-custody-by-january-31,Yes,0,brilryka,1498.5
0x562bc8068347268d9a69b8dd464d00eed0f9dc09,SELL,0xbfa45527ec959aacc36f7c312bd4f328171a7681ef1aeb3a7e34db5fb47d3f1d,1485.0,0.996,1767437419,Maduro in U.S. custody by January 31?,maduro-in-us-custody-by-january-31,maduro-in-us-custody-by-january-31,Yes,0,SweetChariot,1479.06
0x6e8f80ca0cddb8d3f207dc5147ac0e6062ae162c,BUY,0xbfa45527ec959aacc36f7c312bd4f328171a7681ef1aeb3a7e34db5fb47d3f1d,1450.0,0.99,1767433787,Maduro in U.S. custody by January 31?,maduro-in-us-custody-by-january-31,maduro-in-us-custody-by-january-31,Yes,0,0x6e8f80ca0cddb8d3f207dc5147ac0e6062ae162,1435.5
0x0c93a4291ee2c43a4eae6ca6bcb11f40c3f5a00b,BUY,0xbfa45527ec959aacc36f7c312bd4f328171a7681ef1aeb3a7e34db5fb47d3f1d,1391.875,0.992,1767434693,Maduro in U.S. custody by January 31?,maduro-in-us-custody-by-january-31,maduro-in-us-custody-by-january-31,Yes,0,ArbFather,1380.74
0xfcf2378f20cf408d077c21e731272f21cccea469,BUY,0xbfa45527ec959aacc36f7c312bd4f328171a7681ef1aeb3a7e34db5fb47d3f1d,1362.0,0.992,1767434681,Maduro in U.S. custody by January 31?,maduro-in-us-custody-by-january-31,maduro-in-us-custody-by-january-31,Yes,0,Roflan-ludoman,1351.104
0x9849f758f778393932d3d6f9135b4c27edce3603,BUY,0xbfa45527ec959aacc36f7c312bd4f328171a7681ef1aeb3a7e34db5fb47d3f1d,1337.49,0.992,1767434485,Maduro in U.S. custody by January 31?,maduro-in-us-custody-by-january-31,maduro-in-us-custody-by-january-31,Yes,0,ErnstStormare,1326.79008
0x893b43e0a2031be941c75a852fbdc6b72527f5ec,BUY,0xbfa45527ec959aacc36f7c312bd4f328171a7681ef1aeb3a7e34db5fb47d3f1d,1346.95,0.87,1767430097,Maduro in U.S. custody by January 31?,maduro-in-us-custody-by-january-31,maduro-in-us-custody-by-january-31,No,1,4bet,1171.8465
0x439bc146cc8a1e4cf4305ac8e464519c4d69c176,BUY,0xbfa45527ec959aacc36f7c312bd4f328171a7681ef1aeb3a7e34db5fb47d3f1d,1160.0,0.999,1767524905,Maduro in U.S. custody by January 31?,maduro-in-us-custody-by-january-31,maduro-in-us-custody-by-january-31,Yes,0,bulushi,1158.84
0x0c93a4291ee2c43a4eae6ca6bcb11f40c3f5a00b,BUY,0xbfa45527ec959aacc36f7c312bd4f328171a7681ef1aeb3a7e34db5fb47d3f1d,1170.37,0.989977793347403,1767433181,Maduro in U.S. custody by January 31?,maduro-in-us-custody-by-january-31,maduro-in-us-custody-by-january-31,Yes,0,ArbFather,1158.64031
0x9f83f83bdfc209c6fade8a2c77ea9667e9176cd9,BUY,0xbfa45527ec959aacc36f7c312bd4f328171a7681ef1aeb3a7e34db5fb47d3f1d,1133.27,0.997,1767442433,Maduro in U.S. custody by January 31?,maduro-in-us-custody-by-january-31,maduro-in-us-custody-by-january-31,Yes,0,Naropoly,1129.8701899999999
0x6e8f80ca0cddb8d3f207dc5147ac0e6062ae162c,BUY,0xbfa45527ec959aacc36f7c312bd4f328171a7681ef1aeb3a7e34db5fb47d3f1d,1131.97,0.9898706149456258,1767433803,Maduro in U.S. custody by January 31?,maduro-in-us-custody-by-january-31,maduro-in-us-custody-by-january-31,Yes,0,0x6e8f80ca0cddb8d3f207dc5147ac0e6062ae162,1120.50384
0xfb8e96d9224dc0806f6b4b83d899733100cd6080,SELL,0xbfa45527ec959aacc36f7c312bd4f328171a7681ef1aeb3a7e34db5fb47d3f1d,1107.13,0.998,1767495579,Maduro in U.S. custody by January 31?,maduro-in-us-custody-by-january-31,maduro-in-us-custody-by-january-31,Yes,0,edgeoverluck,1104.9157400000001
0xfb8e96d9224dc0806f6b4b83d899733100cd6080,BUY,0xbfa45527ec959aacc36f7c312bd4f328171a7681ef1aeb3a7e34db5fb47d3f1d,1107.1313,0.99,1767433943,Maduro in U.S. custody by January 31?,maduro-in-us-custody-by-january-31,maduro-in-us-custody-by-january-31,Yes,0,edgeoverluck,1096.059987
0x80a0da00fbdc8440b0ef601341f14c3e24795708,SELL,0xbfa45527ec959aacc36f7c312bd4f328171a7681ef1aeb3a7e34db5fb47d3f1d,1100.0,0.9912247636363636,1767433349,Maduro in U.S. custody by January 31?,maduro-in-us-custody-by-january-31,maduro-in-us-custody-by-january-31,Yes,0,de5nuts,1090.3472399999998
0x06577a03c1df3955247de298bf3ea83b2b177ad6,BUY,0xbfa45527ec959aacc36f7c312bd4f328171a7681ef1aeb3a7e34db5fb47d3f1d,1076990.0,0.001,1767682919,Maduro in U.S. custody by January 31?,maduro-in-us-custody-by-january-31,maduro-in-us-custody-by-january-31,No,1,plgbet,1076.99
0xa97e43db0a4a6007899abf75817c452d5a7224ff,SELL,0xbfa45527ec959aacc36f7c312bd4f328171a7681ef1aeb3a7e34db5fb47d3f1d,1100.0,0.9703700909090909,1767432847,Maduro in U.S. custody by January 31?,maduro-in-us-custody-by-january-31,maduro-in-us-custody-by-january-31,Yes,0,0xA97e43Db0a4A6007899abf75817c452d5a7224ff-1738522326367,1067.4071
0xb8ad2849635c9ce413f1fdd2e7b364bbfafeff58,SELL,0xbfa45527ec959aacc36f7c312bd4f328171a7681ef1aeb3a7e34db5fb47d3f1d,1050.0,0.999,1767732117,Maduro in U.S. custody by January 31?,maduro-in-us-custody-by-january-31,maduro-in-us-custody-by-january-31,Yes,0,Rr55,1048.95
0x6e8f80ca0cddb8d3f207dc5147ac0e6062ae162c,BUY,0xbfa45527ec959aacc36f7c312bd4f328171a7681ef1aeb3a7e34db5fb47d3f1d,1025.29,0.9899881496942329,1767433055,Maduro in U.S. custody by January 31?,maduro-in-us-custody-by-january-31,maduro-in-us-custody-by-january-31,Yes,0,0x6e8f80ca0cddb8d3f207dc5147ac0e6062ae162,1015.02495
0x8a442c727627fcbc737b7f509b5db2a3921a3fd2,BUY,0xbfa45527ec959aacc36f7c312bd4f328171a7681ef1aeb3a7e34db5fb47d3f1d,1001.001,0.999,1767491911,Maduro in U.S. custody by January 31?,maduro-in-us-custody-by-january-31,maduro-in-us-custody-by-january-31,Yes,0,JIKOJKL,999.999999
0x841044859fe4d81ac9bd76815e1c3e62c92fd4ec,BUY,0xbfa45527ec959aacc36f7c312bd4f328171a7681ef1aeb3a7e34db5fb47d3f1d,1001.001,0.999,1767485797,Maduro in U.S. custody by January 31?,maduro-in-us-custody-by-january-31,maduro-in-us-custody-by-january-31,Yes,0,ClarkPeters,999.999999
0xf1a42ff041726bbd7f9aafc483675aeb93f1e9ad,BUY,0xbfa45527ec959aacc36f7c312bd4f328171a7681ef1aeb3a7e34db5fb47d3f1d,1007.247571,0.9928044869914112,1767434165,Maduro in U.S. custody by January 31?,maduro-in-us-custody-by-january-31,maduro-in-us-custody-by-january-31,Yes,0,Degeneral2,999.999908
0xf1a42ff041726bbd7f9aafc483675aeb93f1e9ad,BUY,0xbfa45527ec959aacc36f7c312bd4f328171a7681ef1aeb3a7e34db5fb47d3f1d,1008.056285,0.9920079918950161,1767434179,Maduro in U.S. custody by January 31?,maduro-in-us-custody-by-january-31,maduro-in-us-custody-by-january-31,Yes,0,Degeneral2,999.999891
0xf1a42ff041726bbd7f9aafc483675aeb93f1e9ad,BUY,0xbfa45527ec959aacc36f7c312bd4f328171a7681ef1aeb3a7e34db5fb47d3f1d,1008.056285,0.9920079918950161,1767434269,Maduro in U.S. custody by January 31?,maduro-in-us-custody-by-january-31,maduro-in-us-custody-by-january-31,Yes,0,Degeneral2,999.999891
0x841044859fe4d81ac9bd76815e1c3e62c92fd4ec,SELL,0xbfa45527ec959aacc36f7c312bd4f328171a7681ef1aeb3a7e34db5fb47d3f1d,1001.0,0.999,1767554695,Maduro in U.S. custody by January 31?,maduro-in-us-custody-by-january-31,maduro-in-us-custody-by-january-31,Yes,0,ClarkPeters,999.999
0xb8ad2849635c9ce413f1fdd2e7b364bbfafeff58,SELL,0xbfa45527ec959aacc36f7c312bd4f328171a7681ef1aeb3a7e34db5fb47d3f1d,1000.0,0.999,1767563437,Maduro in U.S. custody by January 31?,maduro-in-us-custody-by-january-31,maduro-in-us-custody-by-january-31,Yes,0,Rr55,999.0
0x676ec2de0fcf3c8afd180d489daccf938ee98aa7,BUY,0xbfa45527ec959aacc36f7c312bd4f328171a7681ef1aeb3a7e34db5fb47d3f1d,1000.0,0.999,1767540019,Maduro in U.S. custody by January 31?,maduro-in-us-custody-by-january-31,maduro-in-us-custody-by-january-31,Yes,0,ping0125,999.0
0x0026ca70e996c6119f9a47a425245d227dcbaef7,BUY,0xbfa45527ec959aacc36f7c312bd4f328171a7681ef1aeb3a7e34db5fb47d3f1d,995.99,0.998,1767459679,Maduro in U.S. custody by January 31?,maduro-in-us-custody-by-january-31,maduro-in-us-custody-by-january-31,Yes,0,GobiDesertCanoePro,993.99802
0x329529e574926056dad6627e9677eef8511270f6,BUY,0xbfa45527ec959aacc36f7c312bd4f328171a7681ef1aeb3a7e34db5fb47d3f1d,953.37,0.98,1767432789,Maduro in U.S. custody by January 31?,maduro-in-us-custody-by-january-31,maduro-in-us-custody-by-january-31,Yes,0,thejoker96,934.3026
0xcaab19659b995951a44cc992447cb2ad5be324dd,BUY,0xbfa45527ec959aacc36f7c312bd4f328171a7681ef1aeb3a7e34db5fb47d3f1d,1000.0,0.9,1767431141,Maduro in U.S. custody by January 31?,maduro-in-us-custody-by-january-31,maduro-in-us-custody-by-january-31,No,1,QMG-CORE,900.0
0xef57444bd5774aec993d234450b220595b15827d,SELL,0xbfa45527ec959aacc36f7c312bd4f328171a7681ef1aeb3a7e34db5fb47d3f1d,900.0,0.999,1767604745,Maduro in U.S. custody by January 31?,maduro-in-us-custody-by-january-31,maduro-in-us-custody-by-january-31,Yes,0,lilik,899.1
0xef57444bd5774aec993d234450b220595b15827d,BUY,0xbfa45527ec959aacc36f7c312bd4f328171a7681ef1aeb3a7e34db5fb47d3f1d,900.0,0.999,1767510611,Maduro in U.S. custody by January 31?,maduro-in-us-custody-by-january-31,maduro-in-us-custody-by-january-31,Yes,0,lilik,899.1
0x6e8f80ca0cddb8d3f207dc5147ac0e6062ae162c,BUY,0xbfa45527ec959aacc36f7c312bd4f328171a7681ef1aeb3a7e34db5fb47d3f1d,880.98,0.99,1767432853,Maduro in U.S. custody by January 31?,maduro-in-us-custody-by-january-31,maduro-in-us-custody-by-january-31,Yes,0,0x6e8f80ca0cddb8d3f207dc5147ac0e6062ae162,872.1702
0x83a296505eb520c9d35823571204ced41fd69452,BUY,0xbfa45527ec959aacc36f7c312bd4f328171a7681ef1aeb3a7e34db5fb47d3f1d,6055.0,0.14388934764657307,1767432107,Maduro in U.S. custody by January 31?,maduro-in-us-custody-by-january-31,maduro-in-us-custody-by-january-31,Yes,0,.jeet,871.25
0xeda5d5b1bc27a6deae7e79e69c1f6cd98ead414f,SELL,0xbfa45527ec959aacc36f7c312bd4f328171a7681ef1aeb3a7e34db5fb47d3f1d,870.0,0.999,1767701367,Maduro in U.S. custody by January 31?,maduro-in-us-custody-by-january-31,maduro-in-us-custody-by-january-31,Yes,0,pollaneitor,869.13
0xeda5d5b1bc27a6deae7e79e69c1f6cd98ead414f,BUY,0xbfa45527ec959aacc36f7c312bd4f328171a7681ef1aeb3a7e34db5fb47d3f1d,870.0,0.999,1767462807,Maduro in U.S. custody by January 31?,maduro-in-us-custody-by-january-31,maduro-in-us-custody-by-january-31,Yes,0,pollaneitor,869.13
0x54a78f8c6e64572111c5683a9efeed25a04c881b,BUY,0xbfa45527ec959aacc36f7c312bd4f328171a7681ef1aeb3a7e34db5fb47d3f1d,866.89,0.997,1767437477,Maduro in U.S. custody by January 31?,maduro-in-us-custody-by-january-31,maduro-in-us-custody-by-january-31,Yes,0,Laurenman,864.28933
0xb10047d6a254b2ebb306d7a7d13bf59171ab6461,BUY,0xbfa45527ec959aacc36f7c312bd4f328171a7681ef1aeb3a7e34db5fb47d3f1d,964.15,0.89,1767430811,Maduro in U.S. custody by January 31?,maduro-in-us-custody-by-january-31,maduro-in-us-custody-by-january-31,No,1,Parz1vaI,858.0935
0x6e8f80ca0cddb8d3f207dc5147ac0e6062ae162c,BUY,0xbfa45527ec959aacc36f7c312bd4f328171a7681ef1aeb3a7e34db5fb47d3f1d,844.63,0.989944176740111,1767433229,Maduro in U.S. custody by January 31?,maduro-in-us-custody-by-january-31,maduro-in-us-custody-by-january-31,Yes,0,0x6e8f80ca0cddb8d3f207dc5147ac0e6062ae162,836.1365499999999
0x48afe8fbde091ff3e616901dc92ef20862c289cc,BUY,0xbfa45527ec959aacc36f7c312bd4f328171a7681ef1aeb3a7e34db5fb47d3f1d,858.510637,0.9318463435648731,1767432309,Maduro in U.S. custody by January 31?,maduro-in-us-custody-by-january-31,maduro-in-us-custody-by-january-31,Yes,0,heresjimmy,799.999998
0x439bc146cc8a1e4cf4305ac8e464519c4d69c176,SELL,0xbfa45527ec959aacc36f7c312bd4f328171a7681ef1aeb3a7e34db5fb47d3f1d,752.0,0.998,1767525685,Maduro in U.S. custody by January 31?,maduro-in-us-custody-by-january-31,maduro-in-us-custody-by-january-31,Yes,0,bulushi,750.496
0xe598435df0cdf5d22bdd5082d557f75f9180a0a8,SELL,0xbfa45527ec959aacc36f7c312bd4f328171a7681ef1aeb3a7e34db5fb47d3f1d,752.0,0.998,1767465041,Maduro in U.S. custody by January 31?,maduro-in-us-custody-by-january-31,maduro-in-us-custody-by-january-31,Yes,0,bamesjond,750.496
0xbb611d193d53fe25a0d372d98cf24e4dc03558ff,BUY,0xbfa45527ec959aacc36f7c312bd4f328171a7681ef1aeb3a7e34db5fb47d3f1d,757.5757,0.99,1767433677,Maduro in U.S. custody by January 31?,maduro-in-us-custody-by-january-31,maduro-in-us-custody-by-january-31,Yes,0,prescient,749.999943
0x2b366034b69b64a444406b2db7ec1ff7869c473b,BUY,0xbfa45527ec959aacc36f7c312bd4f328171a7681ef1aeb3a7e34db5fb47d3f1d,782.736841,0.9499999987863098,1767432323,Maduro in U.S. custody by January 31?,maduro-in-us-custody-by-january-31,maduro-in-us-custody-by-january-31,Yes,0,,743.599998
0xa408a621ae6db857b18086a4986a34700b1dd831,SELL,0xbfa45527ec959aacc36f7c312bd4f328171a7681ef1aeb3a7e34db5fb47d3f1d,727.4,0.997,1767439963,Maduro in U.S. custody by January 31?,maduro-in-us-custody-by-january-31,maduro-in-us-custody-by-january-31,Yes,0,Celstef,725.2178
0xd5ccdf772f795547e299de57f47966e24de8dea4,BUY,0xbfa45527ec959aacc36f7c312bd4f328171a7681ef1aeb3a7e34db5fb47d3f1d,849.72,0.84,1767429605,Maduro in U.S. custody by January 31?,maduro-in-us-custody-by-january-31,maduro-in-us-custody-by-january-31,No,1,tsybka,713.7648
0x0c93a4291ee2c43a4eae6ca6bcb11f40c3f5a00b,BUY,0xbfa45527ec959aacc36f7c312bd4f328171a7681ef1aeb3a7e34db5fb47d3f1d,709.19,0.9895891087014763,1767432989,Maduro in U.S. custody by January 31?,maduro-in-us-custody-by-january-31,maduro-in-us-custody-by-january-31,Yes,0,ArbFather,701.8067000000001
0xc5ddb56268883391961a4f7492b1368feb25939a,BUY,0xbfa45527ec959aacc36f7c312bd4f328171a7681ef1aeb3a7e34db5fb47d3f1d,700.0,0.998,1767435899,Maduro in U.S. custody by January 31?,maduro-in-us-custody-by-january-31,maduro-in-us-custody-by-january-31,Yes,0,dmg,698.6
0x9aeb534c42b58b21673d5e03e9da14fbd15b2729,BUY,0xbfa45527ec959aacc36f7c312bd4f328171a7681ef1aeb3a7e34db5fb47d3f1d,700.0,0.94,1767432377,Maduro in U.S. custody by January 31?,maduro-in-us-custody-by-january-31,maduro-in-us-custody-by-january-31,Yes,0,The-Joker,658.0
0xcd81b8db09c4366170af4a62109be19b851b748c,SELL,0xbfa45527ec959aacc36f7c312bd4f328171a7681ef1aeb3a7e34db5fb47d3f1d,639.53,0.999,1767727009,Maduro in U.S. custody by January 31?,maduro-in-us-custody-by-january-31,maduro-in-us-custody-by-january-31,Yes,0,B.Viktor,638.8904699999999
0xcd81b8db09c4366170af4a62109be19b851b748c,BUY,0xbfa45527ec959aacc36f7c312bd4f328171a7681ef1aeb3a7e34db5fb47d3f1d,639.538,0.996,1767435821,Maduro in U.S. custody by January 31?,maduro-in-us-custody-by-january-31,maduro-in-us-custody-by-january-31,Yes,0,B.Viktor,636.9798480000001
0xcaab19659b995951a44cc992447cb2ad5be324dd,BUY,0xbfa45527ec959aacc36f7c312bd4f328171a7681ef1aeb3a7e34db5fb47d3f1d,680.0,0.9,1767431321,Maduro in U.S. custody by January 31?,maduro-in-us-custody-by-january-31,maduro-in-us-custody-by-january-31,No,1,QMG-CORE,612.0
0x8f2e35edc1784f11e6e1a13a75ef474fbea8caf6,SELL,0xbfa45527ec959aacc36f7c312bd4f328171a7681ef1aeb3a7e34db5fb47d3f1d,609.01,0.999,1767744649,Maduro in U.S. custody by January 31?,maduro-in-us-custody-by-january-31,maduro-in-us-custody-by-january-31,Yes,0,asgfehrf,608.40099
0x7e7c0a8a64fc49a5a1911ef268006623a7a24d13,SELL,0xbfa45527ec959aacc36f7c312bd4f328171a7681ef1aeb3a7e34db5fb47d3f1d,601.2,0.998,1767444013,Maduro in U.S. custody by January 31?,maduro-in-us-custody-by-january-31,maduro-in-us-custody-by-january-31,Yes,0,whenisit,599.9976
0x933ca00f565ba7130180e58fce4f965cc33ba8c6,BUY,0xbfa45527ec959aacc36f7c312bd4f328171a7681ef1aeb3a7e34db5fb47d3f1d,600.0,0.999,1767504437,Maduro in U.S. custody by January 31?,maduro-in-us-custody-by-january-31,maduro-in-us-custody-by-january-31,Yes,0,PrimePenguin,599.4
0x47ae6d13566c3418c4795c98ced1f197575eee94,BUY,0xbfa45527ec959aacc36f7c312bd4f328171a7681ef1aeb3a7e34db5fb47d3f1d,675.0,0.88,1767430219,Maduro in U.S. custody by January 31?,maduro-in-us-custody-by-january-31,maduro-in-us-custody-by-january-31,No,1,JasonPunos,594.0
0x4653496234dc95de8c552e121c2637b89da2bcc6,BUY,0xbfa45527ec959aacc36f7c312bd4f328171a7681ef1aeb3a7e34db5fb47d3f1d,592.87575,0.9979999991566529,1767455967,Maduro in U.S. custody by January 31?,maduro-in-us-custody-by-january-31,maduro-in-us-custody-by-january-31,Yes,0,,591.6899980000001
0xfc6a4b9def05ce366b9f1617b329f9af62c9ff37,SELL,0xbfa45527ec959aacc36f7c312bd4f328171a7681ef1aeb3a7e34db5fb47d3f1d,592.36,0.998,1767463211,Maduro in U.S. custody by January 31?,maduro-in-us-custody-by-january-31,maduro-in-us-custody-by-january-31,Yes,0,Enric,591.17528
0x357ecb1969b0a288d37e6a28223e620ef2082a0c,BUY,0xbfa45527ec959aacc36f7c312bd4f328171a7681ef1aeb3a7e34db5fb47d3f1d,5842.29,0.1,1767431739,Maduro in U.S. custody by January 31?,maduro-in-us-custody-by-january-31,maduro-in-us-custody-by-january-31,Yes,0,MasonsConqueredRome,584.229
0xabe904f43d6f6e5e219c6c12ba4e0d41487e4424,BUY,0xbfa45527ec959aacc36f7c312bd4f328171a7681ef1aeb3a7e34db5fb47d3f1d,590.0714,0.98,1767432715,Maduro in U.S. custody by January 31?,maduro-in-us-custody-by-january-31,maduro-in-us-custody-by-january-31,Yes,0,Ooooops,578.269972
0x2b366034b69b64a444406b2db7ec1ff7869c473b,BUY,0xbfa45527ec959aacc36f7c312bd4f328171a7681ef1aeb3a7e34db5fb47d3f1d,587.7551,0.98,1767432605,Maduro in U.S. custody by January 31?,maduro-in-us-custody-by-january-31,maduro-in-us-custody-by-january-31,Yes,0,,575.999998
0x6e8f80ca0cddb8d3f207dc5147ac0e6062ae162c,BUY,0xbfa45527ec959aacc36f7c312bd4f328171a7681ef1aeb3a7e34db5fb47d3f1d,578.07,0.99,1767432857,Maduro in U.S. custody by January 31?,maduro-in-us-custody-by-january-31,maduro-in-us-custody-by-january-31,Yes,0,0x6e8f80ca0cddb8d3f207dc5147ac0e6062ae162,572.2893
0x29a9864ceff6a297ffc358120fdecc5c0912d4f7,SELL,0xbfa45527ec959aacc36f7c312bd4f328171a7681ef1aeb3a7e34db5fb47d3f1d,580.0,0.97,1767432755,Maduro in U.S. custody by January 31?,maduro-in-us-custody-by-january-31,maduro-in-us-custody-by-january-31,Yes,0,ErinMiller1266,562.6
0xeca0c0888e34df59589c67fbe53dc7f298b5e8f8,SELL,0xbfa45527ec959aacc36f7c312bd4f328171a7681ef1aeb3a7e34db5fb47d3f1d,562.93,0.9851750484074396,1767433977,Maduro in U.S. custody by January 31?,maduro-in-us-custody-by-january-31,maduro-in-us-custody-by-january-31,Yes,0,StarMaster,554.5845899999999
0xa3cb925d761abd6eb9744e486ba6f6c76d0ede93,SELL,0xbfa45527ec959aacc36f7c312bd4f328171a7681ef1aeb3a7e34db5fb47d3f1d,535.22,0.999,1767720747,Maduro in U.S. custody by January 31?,maduro-in-us-custody-by-january-31,maduro-in-us-custody-by-january-31,Yes,0,856,534.68478
0xed4753102535701f58f5432fed4f1e40bcf08344,BUY,0xbfa45527ec959aacc36f7c312bd4f328171a7681ef1aeb3a7e34db5fb47d3f1d,532.562,0.999,1767514335,Maduro in U.S. custody by January 31?,maduro-in-us-custody-by-january-31,maduro-in-us-custody-by-january-31,Yes,0,58jee,532.029438
0xa3cb925d761abd6eb9744e486ba6f6c76d0ede93,BUY,0xbfa45527ec959aacc36f7c312bd4f328171a7681ef1aeb3a7e34db5fb47d3f1d,535.221326,0.993999999917791,1767433579,Maduro in U.S. custody by January 31?,maduro-in-us-custody-by-january-31,maduro-in-us-custody-by-january-31,Yes,0,856,532.009998
0xed4753102535701f58f5432fed4f1e40bcf08344,SELL,0xbfa45527ec959aacc36f7c312bd4f328171a7681ef1aeb3a7e34db5fb47d3f1d,532.56,0.998,1767514357,Maduro in U.S. custody by January 31?,maduro-in-us-custody-by-january-31,maduro-in-us-custody-by-january-31,Yes,0,58jee,531.49488
0xfd2b117412a698f322b0cd18d6827dad262b8e50,BUY,0xbfa45527ec959aacc36f7c312bd4f328171a7681ef1aeb3a7e34db5fb47d3f1d,2005.0,0.26,1767432115,Maduro in U.S. custody by January 31?,maduro-in-us-custody-by-january-31,maduro-in-us-custody-by-january-31,Yes,0,surf,521.3000000000001
0x65ab43bd955738c9c0a5d1fbdd3f30bbdcae2e0f,SELL,0xbfa45527ec959aacc36f7c312bd4f328171a7681ef1aeb3a7e34db5fb47d3f1d,526.31,0.9800424844673291,1767432895,Maduro in U.S. custody by January 31?,maduro-in-us-custody-by-january-31,maduro-in-us-custody-by-january-31,Yes,0,VenezuelaFree,515.80616
0x9327264a1a2ced65ec54eebb855d30a4238ed099,BUY,0xbfa45527ec959aacc36f7c312bd4f328171a7681ef1aeb3a7e34db5fb47d3f1d,137136.64875,0.0037081261984681538,1767459161,Maduro in U.S. custody by January 31?,maduro-in-us-custody-by-january-31,maduro-in-us-custody-by-january-31,No,1,0x9327264a1A2CeD65eC54EEBB855d30a4238ed099-1767343655232,508.52
0x6d828157379b72256a23acde685f97a36dd07d33,SELL,0xbfa45527ec959aacc36f7c312bd4f328171a7681ef1aeb3a7e34db5fb47d3f1d,503.01,0.999,1767738387,Maduro in U.S. custody by January 31?,maduro-in-us-custody-by-january-31,maduro-in-us-custody-by-january-31,Yes,0,Turtleiny,502.50699
0x6d828157379b72256a23acde685f97a36dd07d33,BUY,0xbfa45527ec959aacc36f7c312bd4f328171a7681ef1aeb3a7e34db5fb47d3f1d,503.018107,0.993999999288296,1767433571,Maduro in U.S. custody by January 31?,maduro-in-us-custody-by-january-31,maduro-in-us-custody-by-january-31,Yes,0,Turtleiny,499.99999799999995
0xeca0c0888e34df59589c67fbe53dc7f298b5e8f8,BUY,0xbfa45527ec959aacc36f7c312bd4f328171a7681ef1aeb3a7e34db5fb47d3f1d,562.930109,0.888209724450891,1767432233,Maduro in U.S. custody by January 31?,maduro-in-us-custody-by-january-31,maduro-in-us-custody-by-january-31,Yes,0,StarMaster,499.999997
0xf0b64705dd2ce9745e55b8f93a6aadee29f1f9d9,BUY,0xbfa45527ec959aacc36f7c312bd4f328171a7681ef1aeb3a7e34db5fb47d3f1d,531.914883,0.9399999999624,1767432373,Maduro in U.S. custody by January 31?,maduro-in-us-custody-by-january-31,maduro-in-us-custody-by-january-31,Yes,0,StefanD,499.99999
0x06577a03c1df3955247de298bf3ea83b2b177ad6,BUY,0xbfa45527ec959aacc36f7c312bd4f328171a7681ef1aeb3a7e34db5fb47d3f1d,499180.0,0.001,1767682533,Maduro in U.S. custody by January 31?,maduro-in-us-custody-by-january-31,maduro-in-us-custody-by-january-31,No,1,plgbet,499.18
0x77e595582f4509ff3672c58c143e44bddcc2ec41,SELL,0xbfa45527ec959aacc36f7c312bd4f328171a7681ef1aeb3a7e34db5fb47d3f1d,500.0,0.998,1767519879,Maduro in U.S. custody by January 31?,maduro-in-us-custody-by-january-31,maduro-in-us-custody-by-january-31,Yes,0,88888888888888888,499.0
0x95c8499569dac8faea4f9a21c553184b4202f511,SELL,0xbfa45527ec959aacc36f7c312bd4f328171a7681ef1aeb3a7e34db5fb47d3f1d,503.95,0.99,1767432959,Maduro in U.S. custody by January 31?,maduro-in-us-custody-by-january-31,maduro-in-us-custody-by-january-31,Yes,0,INTERNETYAMERO,498.91049999999996
0x881d6bc3d121a59a9cf5645ee933f65a5ddd315d,SELL,0xbfa45527ec959aacc36f7c312bd4f328171a7681ef1aeb3a7e34db5fb47d3f1d,500.0,0.997,1767441161,Maduro in U.S. custody by January 31?,maduro-in-us-custody-by-january-31,maduro-in-us-custody-by-january-31,Yes,0,mahoushoujo,498.5
0x95c8499569dac8faea4f9a21c553184b4202f511,SELL,0xbfa45527ec959aacc36f7c312bd4f328171a7681ef1aeb3a7e34db5fb47d3f1d,500.0,0.98515236,1767433287,Maduro in U.S. custody by January 31?,maduro-in-us-custody-by-january-31,maduro-in-us-custody-by-january-31,Yes,0,INTERNETYAMERO,492.57617999999997
0x16f04595fe97082d1341e42936a358a96569aba5,BUY,0xbfa45527ec959aacc36f7c312bd4f328171a7681ef1aeb3a7e34db5fb47d3f1d,551.07,0.88,1767430451,Maduro in U.S. custody by January 31?,maduro-in-us-custody-by-january-31,maduro-in-us-custody-by-january-31,No,1,Skovorodnikov,484.94160000000005
0x64c73d46a62476176264f7ff194c26ed3ac606c3,BUY,0xbfa45527ec959aacc36f7c312bd4f328171a7681ef1aeb3a7e34db5fb47d3f1d,478.088,0.999,1767511979,Maduro in U.S. custody by January 31?,maduro-in-us-custody-by-january-31,maduro-in-us-custody-by-january-31,Yes,0,nonfai,477.609912
0x64c73d46a62476176264f7ff194c26ed3ac606c3,SELL,0xbfa45527ec959aacc36f7c312bd4f328171a7681ef1aeb3a7e34db5fb47d3f1d,478.08,0.998,1767512037,Maduro in U.S. custody by January 31?,maduro-in-us-custody-by-january-31,maduro-in-us-custody-by-january-31,Yes,0,nonfai,477.12384
0x64c73d46a62476176264f7ff194c26ed3ac606c3,BUY,0xbfa45527ec959aacc36f7c312bd4f328171a7681ef1aeb3a7e34db5fb47d3f1d,477.557,0.999,1767512085,Maduro in U.S. custody by January 31?,maduro-in-us-custody-by-january-31,maduro-in-us-custody-by-january-31,Yes,0,nonfai,477.079443
0x64c73d46a62476176264f7ff194c26ed3ac606c3,SELL,0xbfa45527ec959aacc36f7c312bd4f328171a7681ef1aeb3a7e34db5fb47d3f1d,477.56,0.998,1767522649,Maduro in U.S. custody by January 31?,maduro-in-us-custody-by-january-31,maduro-in-us-custody-by-january-31,Yes,0,nonfai,476.60488
0x64c73d46a62476176264f7ff194c26ed3ac606c3,BUY,0xbfa45527ec959aacc36f7c312bd4f328171a7681ef1aeb3a7e34db5fb47d3f1d,477.037036,0.9989999979791926,1767522719,Maduro in U.S. custody by January 31?,maduro-in-us-custody-by-january-31,maduro-in-us-custody-by-january-31,Yes,0,nonfai,476.559998
0x64c73d46a62476176264f7ff194c26ed3ac606c3,SELL,0xbfa45527ec959aacc36f7c312bd4f328171a7681ef1aeb3a7e34db5fb47d3f1d,477.04,0.998,1767526349,Maduro in U.S. custody by January 31?,maduro-in-us-custody-by-january-31,maduro-in-us-custody-by-january-31,Yes,0,nonfai,476.08592000000004
0xcf6a714618a328c608a1c70cb62a31a6bef3f9d0,BUY,0xbfa45527ec959aacc36f7c312bd4f328171a7681ef1aeb3a7e34db5fb47d3f1d,509.0,0.9,1767432177,Maduro in U.S. custody by January 31?,maduro-in-us-custody-by-january-31,maduro-in-us-custody-by-january-31,Yes,0,KnureKnume,458.1
0xe7387473b067235436884d16799777cf279edf65,BUY,0xbfa45527ec959aacc36f7c312bd4f328171a7681ef1aeb3a7e34db5fb47d3f1d,2354.0,0.192068054375531,1767428093,Maduro in U.S. custody by January 31?,maduro-in-us-custody-by-january-31,maduro-in-us-custody-by-january-31,Yes,0,Huludubu,452.1282
0x8daf2074d1bd70628f11513fb72c515a0869ef60,SELL,0xbfa45527ec959aacc36f7c312bd4f328171a7681ef1aeb3a7e34db5fb47d3f1d,450.0,0.999,1767700315,Maduro in U.S. custody by January 31?,maduro-in-us-custody-by-january-31,maduro-in-us-custody-by-january-31,Yes,0,pablomotos,449.55
0x8daf2074d1bd70628f11513fb72c515a0869ef60,BUY,0xbfa45527ec959aacc36f7c312bd4f328171a7681ef1aeb3a7e34db5fb47d3f1d,450.0,0.999,1767462207,Maduro in U.S. custody by January 31?,maduro-in-us-custody-by-january-31,maduro-in-us-custody-by-january-31,Yes,0,pablomotos,449.55
0x7fc2af729b0c8d738a4db052439b5574d109f2e8,SELL,0xbfa45527ec959aacc36f7c312bd4f328171a7681ef1aeb3a7e34db5fb47d3f1d,449.0,0.9908908685968819,1767433639,Maduro in U.S. custody by January 31?,maduro-in-us-custody-by-january-31,maduro-in-us-custody-by-january-31,Yes,0,bigdushen,444.90999999999997
0x0b20040f2669ee88a0e6836dcb901162cb2a25bb,BUY,0xbfa45527ec959aacc36f7c312bd4f328171a7681ef1aeb3a7e34db5fb47d3f1d,435.7915,0.998,1767440967,Maduro in U.S. custody by January 31?,maduro-in-us-custody-by-january-31,maduro-in-us-custody-by-january-31,Yes,0,runglebungle,434.919917
0xe7387473b067235436884d16799777cf279edf65,SELL,0xbfa45527ec959aacc36f7c312bd4f328171a7681ef1aeb3a7e34db5fb47d3f1d,2354.0,0.18,1767429139,Maduro in U.S. custody by January 31?,maduro-in-us-custody-by-january-31,maduro-in-us-custody-by-january-31,Yes,0,Huludubu,423.71999999999997
0x8f2e35edc1784f11e6e1a13a75ef474fbea8caf6,BUY,0xbfa45527ec959aacc36f7c312bd4f328171a7681ef1aeb3a7e34db5fb47d3f1d,418.02,0.9955571742978805,1767434499,Maduro in U.S. custody by January 31?,maduro-in-us-custody-by-january-31,maduro-in-us-custody-by-january-31,Yes,0,asgfehrf,416.16281
0x7fc2af729b0c8d738a4db052439b5574d109f2e8,SELL,0xbfa45527ec959aacc36f7c312bd4f328171a7681ef1aeb3a7e34db5fb47d3f1d,418.63,0.99,1767433351,Maduro in U.S. custody by January 31?,maduro-in-us-custody-by-january-31,maduro-in-us-custody-by-january-31,Yes,0,bigdushen,414.4437
0x29701321cb741da40149fab4a35245837b40dcda,BUY,0xbfa45527ec959aacc36f7c312bd4f328171a7681ef1aeb3a7e34db5fb47d3f1d,412.8255,0.998,1767447909,Maduro in U.S. custody by January 31?,maduro-in-us-custody-by-january-31,maduro-in-us-custody-by-january-31,Yes,0,outyyr,411.999849
0x42f961ed79a40678021131bb85f4a034721dc7e6,BUY,0xbfa45527ec959aacc36f7c312bd4f328171a7681ef1aeb3a7e34db5fb47d3f1d,412.236709,0.9969999978822847,1767442387,Maduro in U.S. custody by January 31?,maduro-in-us-custody-by-january-31,maduro-in-us-custody-by-january-31,Yes,0,ibjgtcdfe,410.999998
0x2b366034b69b64a444406b2db7ec1ff7869c473b,SELL,0xbfa45527ec959aacc36f7c312bd4f328171a7681ef1aeb3a7e34db5fb47d3f1d,409.37,0.997,1767440467,Maduro in U.S. custody by January 31?,maduro-in-us-custody-by-january-31,maduro-in-us-custody-by-january-31,Yes,0,,408.14189
0x439bc146cc8a1e4cf4305ac8e464519c4d69c176,SELL,0xbfa45527ec959aacc36f7c312bd4f328171a7681ef1aeb3a7e34db5fb47d3f1d,408.0,0.998,1767526003,Maduro in U.S. custody by January 31?,maduro-in-us-custody-by-january-31,maduro-in-us-custody-by-january-31,Yes,0,bulushi,407.184
0x9f6d9048fd7a670db9dad46c6168a7ee0d65b4c7,BUY,0xbfa45527ec959aacc36f7c312bd4f328171a7681ef1aeb3a7e34db5fb47d3f1d,10129.37,0.039832171201170455,1767432709,Maduro in U.S. custody by January 31?,maduro-in-us-custody-by-january-31,maduro-in-us-custody-by-january-31,No,1,SuperBet69,403.4748
0x44ca33af5fbd1d9e98049b7a37ee5512cc46907c,BUY,0xbfa45527ec959aacc36f7c312bd4f328171a7681ef1aeb3a7e34db5fb47d3f1d,434.7826,0.92,1767431761,Maduro in U.S. custody by January 31?,maduro-in-us-custody-by-january-31,maduro-in-us-custody-by-january-31,No,1,,399.999992
0xa58d4f278d7953cd38eeb929f7e242bfc7c0b9b8,SELL,0xbfa45527ec959aacc36f7c312bd4f328171a7681ef1aeb3a7e34db5fb47d3f1d,400.0,0.989497225,1767434729,Maduro in U.S. custody by January 31?,maduro-in-us-custody-by-january-31,maduro-in-us-custody-by-january-31,Yes,0,AiBird,395.79889000000003
0x4044798f1d60d92369c86cf5b6f1e497e2818de5,BUY,0xbfa45527ec959aacc36f7c312bd4f328171a7681ef1aeb3a7e34db5fb47d3f1d,400.0,0.989,1767433299,Maduro in U.S. custody by January 31?,maduro-in-us-custody-by-january-31,maduro-in-us-custody-by-january-31,Yes,0,0x4044798f1d60d92369C86CF5B6F1e497E2818De5-1761942443788,395.6
0x4044798f1d60d92369c86cf5b6f1e497e2818de5,BUY,0xbfa45527ec959aacc36f7c312bd4f328171a7681ef1aeb3a7e34db5fb47d3f1d,400.0,0.98875,1767433287,Maduro in U.S. custody by January 31?,maduro-in-us-custody-by-january-31,maduro-in-us-custody-by-january-31,Yes,0,0x4044798f1d60d92369C86CF5B6F1e497E2818De5-1761942443788,395.5
0x77e595582f4509ff3672c58c143e44bddcc2ec41,BUY,0xbfa45527ec959aacc36f7c312bd4f328171a7681ef1aeb3a7e34db5fb47d3f1d,500.0,0.77,1767432271,Maduro in U.S. custody by January 31?,maduro-in-us-custody-by-january-31,maduro-in-us-custody-by-january-31,Yes,0,88888888888888888,385.0
0xdcd669c506a938bae9269a84b8bd2bdb220484cd,BUY,0xbfa45527ec959aacc36f7c312bd4f328171a7681ef1aeb3a7e34db5fb47d3f1d,384.0,0.99,1767433499,Maduro in U.S. custody by January 31?,maduro-in-us-custody-by-january-31,maduro-in-us-custody-by-january-31,Yes,0,thegreengem,380.15999999999997
0xcd32d667aaab34efaa0cfbba56e20affdbffedc1,BUY,0xbfa45527ec959aacc36f7c312bd4f328171a7681ef1aeb3a7e34db5fb47d3f1d,380.37,0.999,1767524769,Maduro in U.S. custody by January 31?,maduro-in-us-custody-by-january-31,maduro-in-us-custody-by-january-31,Yes,0,belinni,379.98963
0x18c89f0e06710ce2cd3ffeca401986dc880d3d1c,BUY,0xbfa45527ec959aacc36f7c312bd4f328171a7681ef1aeb3a7e34db5fb47d3f1d,377.7555,0.998,1767443517,Maduro in U.S. custody by January 31?,maduro-in-us-custody-by-january-31,maduro-in-us-custody-by-january-31,Yes,0,tcdggjftyr,376.99998899999997
0x388e27b4086e9a38e561165e613614dbab332078,BUY,0xbfa45527ec959aacc36f7c312bd4f328171a7681ef1aeb3a7e34db5fb47d3f1d,447.0,0.82,1767429227,Maduro in U.S. custody by January 31?,maduro-in-us-custody-by-january-31,maduro-in-us-custody-by-january-31,No,1,Oleg2,366.53999999999996
0x2b366034b69b64a444406b2db7ec1ff7869c473b,BUY,0xbfa45527ec959aacc36f7c312bd4f328171a7681ef1aeb3a7e34db5fb47d3f1d,372.438774,0.9740661373780594,1767432651,Maduro in U.S. custody by January 31?,maduro-in-us-custody-by-january-31,maduro-in-us-custody-by-january-31,Yes,0,,362.77999800000003
0x0ec49699229f8c4bacdb7ae8bc9fd2c0f7c9f4a4,SELL,0xbfa45527ec959aacc36f7c312bd4f328171a7681ef1aeb3a7e34db5fb47d3f1d,360.0,0.999,1767652231,Maduro in U.S. custody by January 31?,maduro-in-us-custody-by-january-31,maduro-in-us-custody-by-january-31,Yes,0,-Motionless-,359.64
0x93392310b9c9ba5c60d64cc7bc46cd878116a56f,SELL,0xbfa45527ec959aacc36f7c312bd4f328171a7681ef1aeb3a7e34db5fb47d3f1d,350.0,0.999,1767567007,Maduro in U.S. custody by January 31?,maduro-in-us-custody-by-january-31,maduro-in-us-custody-by-january-31,Yes,0,titan5,349.65
0x562bc8068347268d9a69b8dd464d00eed0f9dc09,SELL,0xbfa45527ec959aacc36f7c312bd4f328171a7681ef1aeb3a7e34db5fb47d3f1d,344.55,0.997,1767436219,Maduro in U.S. custody by January 31?,maduro-in-us-custody-by-january-31,maduro-in-us-custody-by-january-31,Yes,0,SweetChariot,343.51635
0x5fbe83f0d267b5b6bdca4bb27bb91ddc65607d07,BUY,0xbfa45527ec959aacc36f7c312bd4f328171a7681ef1aeb3a7e34db5fb47d3f1d,343.0,0.999,1767528695,Maduro in U.S. custody by January 31?,maduro-in-us-custody-by-january-31,maduro-in-us-custody-by-january-31,Yes,0,degenwu,342.657
0x08458f7e9d2858027de579e4c3ca305475496b6f,SELL,0xbfa45527ec959aacc36f7c312bd4f328171a7681ef1aeb3a7e34db5fb47d3f1d,337.5,0.998,1767459563,Maduro in U.S. custody by January 31?,maduro-in-us-custody-by-january-31,maduro-in-us-custody-by-january-31,Yes,0,GollumGekko,336.825
0xc2cb0630acff784ffabb2af7a69f66bb7bcbfbf5,BUY,0xbfa45527ec959aacc36f7c312bd4f328171a7681ef1aeb3a7e34db5fb47d3f1d,334.0,0.996902874251497,1767436421,Maduro in U.S. custody by January 31?,maduro-in-us-custody-by-january-31,maduro-in-us-custody-by-january-31,Yes,0,MrRobot111,332.96556000000004
0x588ce22fb2bf698e5a3f61447a44b3afe0ad1bf4,BUY,0xbfa45527ec959aacc36f7c312bd4f328171a7681ef1aeb3a7e34db5fb47d3f1d,400.0,0.82,1767428807,Maduro in U.S. custody by January 31?,maduro-in-us-custody-by-january-31,maduro-in-us-custody-by-january-31,No,1,Drunken-Mentat,328.0
0x2b366034b69b64a444406b2db7ec1ff7869c473b,SELL,0xbfa45527ec959aacc36f7c312bd4f328171a7681ef1aeb3a7e34db5fb47d3f1d,327.5,0.998,1767458419,Maduro in U.S. custody by January 31?,maduro-in-us-custody-by-january-31,maduro-in-us-custody-by-january-31,Yes,0,,326.845
0x6ca0cfe4ed627cb4ebe0193e69de9823a007e59d,SELL,0xbfa45527ec959aacc36f7c312bd4f328171a7681ef1aeb3a7e34db5fb47d3f1d,332.99,0.9813616925433196,1767433149,Maduro in U.S. custody by January 31?,maduro-in-us-custody-by-january-31,maduro-in-us-custody-by-january-31,Yes,0,Forch,326.78363
0x6e8f80ca0cddb8d3f207dc5147ac0e6062ae162c,BUY,0xbfa45527ec959aacc36f7c312bd4f328171a7681ef1aeb3a7e34db5fb47d3f1d,326.74,0.9892130440105282,1767432889,Maduro in U.S. custody by January 31?,maduro-in-us-custody-by-january-31,maduro-in-us-custody-by-january-31,Yes,0,0x6e8f80ca0cddb8d3f207dc5147ac0e6062ae162,323.21547
0x0327530c9b02e72bcaf1df09bece3100d6b75e15,SELL,0xbfa45527ec959aacc36f7c312bd4f328171a7681ef1aeb3a7e34db5fb47d3f1d,1753.0,0.18,1767429211,Maduro in U.S. custody by January 31?,maduro-in-us-custody-by-january-31,maduro-in-us-custody-by-january-31,Yes,0,oldWaschingMachine,315.53999999999996
0x89e0552b897baa5486a45ff257a39858a79a9412,BUY,0xbfa45527ec959aacc36f7c312bd4f328171a7681ef1aeb3a7e34db5fb47d3f1d,300.601201,0.9979999980106533,1767478747,Maduro in U.S. custody by January 31?,maduro-in-us-custody-by-january-31,maduro-in-us-custody-by-january-31,Yes,0,Ross1212,299.999998
0x7e7c0a8a64fc49a5a1911ef268006623a7a24d13,BUY,0xbfa45527ec959aacc36f7c312bd4f328171a7681ef1aeb3a7e34db5fb47d3f1d,300.6,0.998,1767443769,Maduro in U.S. custody by January 31?,maduro-in-us-custody-by-january-31,maduro-in-us-custody-by-january-31,Yes,0,whenisit,299.9988
0x7e7c0a8a64fc49a5a1911ef268006623a7a24d13,BUY,0xbfa45527ec959aacc36f7c312bd4f328171a7681ef1aeb3a7e34db5fb47d3f1d,300.6,0.998,1767443761,Maduro in U.S. custody by January 31?,maduro-in-us-custody-by-january-31,maduro-in-us-custody-by-january-31,Yes,0,whenisit,299.9988
0xdd6784520a526702e517ad2d43d5bf700c2cfb31,SELL,0xbfa45527ec959aacc36f7c312bd4f328171a7681ef1aeb3a7e34db5fb47d3f1d,300.0,0.999,1767724521,Maduro in U.S. custody by January 31?,maduro-in-us-custody-by-january-31,maduro-in-us-custody-by-january-31,Yes,0,ADancrypto,299.7
0x3b9f26329bbd6f72231a0245a7337d404298d2b9,BUY,0xbfa45527ec959aacc36f7c312bd4f328171a7681ef1aeb3a7e34db5fb47d3f1d,300.0,0.998,1767484297,Maduro in U.S. custody by January 31?,maduro-in-us-custody-by-january-31,maduro-in-us-custody-by-january-31,Yes,0,Hattsu,299.4
0x8f2e35edc1784f11e6e1a13a75ef474fbea8caf6,BUY,0xbfa45527ec959aacc36f7c312bd4f328171a7681ef1aeb3a7e34db5fb47d3f1d,300.0,0.9959259666666667,1767434523,Maduro in U.S. custody by January 31?,maduro-in-us-custody-by-january-31,maduro-in-us-custody-by-january-31,Yes,0,asgfehrf,298.77779
0x7b1a9c1dcf880dd8870e234c8e8d31870c439dc8,BUY,0xbfa45527ec959aacc36f7c312bd4f328171a7681ef1aeb3a7e34db5fb47d3f1d,109734.2325,0.002705536761283677,1767454543,Maduro in U.S. custody by January 31?,maduro-in-us-custody-by-january-31,maduro-in-us-custody-by-january-31,No,1,ffhj,296.89
0x9cdda449d7cedf1072d74982a5dc2349df3d3e97,SELL,0xbfa45527ec959aacc36f7c312bd4f328171a7681ef1aeb3a7e34db5fb47d3f1d,298.11,0.992,1767434421,Maduro in U.S. custody by January 31?,maduro-in-us-custody-by-january-31,maduro-in-us-custody-by-january-31,Yes,0,Robbb,295.72512
0x63fc3aaef64ecd2733a9cfcbb69bff36eda68085,BUY,0xbfa45527ec959aacc36f7c312bd4f328171a7681ef1aeb3a7e34db5fb47d3f1d,287.07,0.998,1767447921,Maduro in U.S. custody by January 31?,maduro-in-us-custody-by-january-31,maduro-in-us-custody-by-january-31,Yes,0,d83eb0F,286.49586
0xdcd669c506a938bae9269a84b8bd2bdb220484cd,BUY,0xbfa45527ec959aacc36f7c312bd4f328171a7681ef1aeb3a7e34db5fb47d3f1d,283.83,0.99,1767434125,Maduro in U.S. custody by January 31?,maduro-in-us-custody-by-january-31,maduro-in-us-custody-by-january-31,Yes,0,thegreengem,280.9917
0x1ab6d4859b584a195ec7bc44a78a9c8d56d58510,SELL,0xbfa45527ec959aacc36f7c312bd4f328171a7681ef1aeb3a7e34db5fb47d3f1d,280.0,0.998,1767523683,Maduro in U.S. custody by January 31?,maduro-in-us-custody-by-january-31,maduro-in-us-custody-by-january-31,Yes,0,CryptoHomie911,279.44
0x2b366034b69b64a444406b2db7ec1ff7869c473b,SELL,0xbfa45527ec959aacc36f7c312bd4f328171a7681ef1aeb3a7e34db5fb47d3f1d,262.0,0.998,1767458431,Maduro in U.S. custody by January 31?,maduro-in-us-custody-by-january-31,maduro-in-us-custody-by-january-31,Yes,0,,261.476
0x066604ffd740740da7875f406a146c77aa630104,BUY,0xbfa45527ec959aacc36f7c312bd4f328171a7681ef1aeb3a7e34db5fb47d3f1d,250000.0,0.001,1767744267,Maduro in U.S. custody by January 31?,maduro-in-us-custody-by-january-31,maduro-in-us-custody-by-january-31,No,1,Jamesayodelebond,250.0
0x4b7a030f067a7252182464be7b790af76903c218,BUY,0xbfa45527ec959aacc36f7c312bd4f328171a7681ef1aeb3a7e34db5fb47d3f1d,2247.18,0.11,1767430869,Maduro in U.S. custody by January 31?,maduro-in-us-custody-by-january-31,maduro-in-us-custody-by-january-31,Yes,0,9ANDA,247.1898
0xfd2b117412a698f322b0cd18d6827dad262b8e50,BUY,0xbfa45527ec959aacc36f7c312bd4f328171a7681ef1aeb3a7e34db5fb47d3f1d,1111.91,0.22033851660655987,1767432113,Maduro in U.S. custody by January 31?,maduro-in-us-custody-by-january-31,maduro-in-us-custody-by-january-31,Yes,0,surf,244.9966
0xa18d9584e5dbe2f7e38e585fc54e688e5d8ab16a,BUY,0xbfa45527ec959aacc36f7c312bd4f328171a7681ef1aeb3a7e34db5fb47d3f1d,247.0,0.9888092712550607,1767433051,Maduro in U.S. custody by January 31?,maduro-in-us-custody-by-january-31,maduro-in-us-custody-by-january-31,Yes,0,aldiJames,244.23588999999998
0xc8ab97a9089a9ff7e6ef0688e6e591a066946418,SELL,0xbfa45527ec959aacc36f7c312bd4f328171a7681ef1aeb3a7e34db5fb47d3f1d,2213.45,0.11,1767432241,Maduro in U.S. custody by January 31?,maduro-in-us-custody-by-january-31,maduro-in-us-custody-by-january-31,No,1,ArmageddonRewardsBilly,243.47949999999997
0x0fafcd98288de61a3350b24b8a1ecc1284bdd0d9,SELL,0xbfa45527ec959aacc36f7c312bd4f328171a7681ef1aeb3a7e34db5fb47d3f1d,233.33,0.989,1767434779,Maduro in U.S. custody by January 31?,maduro-in-us-custody-by-january-31,maduro-in-us-custody-by-january-31,Yes,0,TheSwedishWolf,230.76337
0xc8ab97a9089a9ff7e6ef0688e6e591a066946418,BUY,0xbfa45527ec959aacc36f7c312bd4f328171a7681ef1aeb3a7e34db5fb47d3f1d,21248.49,0.010600845518905107,1767434563,Maduro in U.S. custody by January 31?,maduro-in-us-custody-by-january-31,maduro-in-us-custody-by-january-31,No,1,ArmageddonRewardsBilly,225.25196
0xad231899cc99ec3ddbb53926eb1fbef6c3f747c4,SELL,0xbfa45527ec959aacc36f7c312bd4f328171a7681ef1aeb3a7e34db5fb47d3f1d,2500.0,0.09,1767431973,Maduro in U.S. custody by January 31?,maduro-in-us-custody-by-january-31,maduro-in-us-custody-by-january-31,Yes,0,sezo.eth,225.0
0xa48e29c2bd8b5299dfe8e65330976594ec7db476,SELL,0xbfa45527ec959aacc36f7c312bd4f328171a7681ef1aeb3a7e34db5fb47d3f1d,225.0,0.999,1767551495,Maduro in U.S. custody by January 31?,maduro-in-us-custody-by-january-31,maduro-in-us-custody-by-january-31,Yes,0,deepmouse,224.775
0x9128f18762f12beae76548fe34376613a2784470,BUY,0xbfa45527ec959aacc36f7c312bd4f328171a7681ef1aeb3a7e34db5fb47d3f1d,222.334668,0.9979999970135112,1767455965,Maduro in U.S. custody by January 31?,maduro-in-us-custody-by-january-31,maduro-in-us-custody-by-january-31,Yes,0,,221.889998
0x83a296505eb520c9d35823571204ced41fd69452,BUY,0xbfa45527ec959aacc36f7c312bd4f328171a7681ef1aeb3a7e34db5fb47d3f1d,1377.22,0.16,1767432113,Maduro in U.S. custody by January 31?,maduro-in-us-custody-by-january-31,maduro-in-us-custody-by-january-31,Yes,0,.jeet,220.3552
0x562bc8068347268d9a69b8dd464d00eed0f9dc09,BUY,0xbfa45527ec959aacc36f7c312bd4f328171a7681ef1aeb3a7e34db5fb47d3f1d,216.27,0.996,1767436563,Maduro in U.S. custody by January 31?,maduro-in-us-custody-by-january-31,maduro-in-us-custody-by-january-31,Yes,0,SweetChariot,215.40492
0x2b366034b69b64a444406b2db7ec1ff7869c473b,SELL,0xbfa45527ec959aacc36f7c312bd4f328171a7681ef1aeb3a7e34db5fb47d3f1d,209.6,0.997,1767459605,Maduro in U.S. custody by January 31?,maduro-in-us-custody-by-january-31,maduro-in-us-custody-by-january-31,Yes,0,,208.97119999999998
0x3fb4dcd51726128d8f246510903d0ba80836b099,BUY,0xbfa45527ec959aacc36f7c312bd4f328171a7681ef1aeb3a7e34db5fb47d3f1d,33891.955,0.005901105439329186,1767436361,Maduro in U.S. custody by January 31?,maduro-in-us-custody-by-january-31,maduro-in-us-custody-by-january-31,No,1,Frakac,200.00000000000003
0xd265ca6ea0af60f23d0ec0cae65e8bd94bd653af,BUY,0xbfa45527ec959aacc36f7c312bd4f328171a7681ef1aeb3a7e34db5fb47d3f1d,100000.0,0.002,1767526155,Maduro in U.S. custody by January 31?,maduro-in-us-custody-by-january-31,maduro-in-us-custody-by-january-31,No,1,Filipposp,200.0
0x33af950da3acf92cfab5268d82516f52f9ddefad,BUY,0xbfa45527ec959aacc36f7c312bd4f328171a7681ef1aeb3a7e34db5fb47d3f1d,100000.0,0.002,1767522811,Maduro in U.S. custody by January 31?,maduro-in-us-custody-by-january-31,maduro-in-us-custody-by-january-31,No,1,,200.0
0x4566684911226d1f148c8177348cb61b55ba5319,BUY,0xbfa45527ec959aacc36f7c312bd4f328171a7681ef1aeb3a7e34db5fb47d3f1d,56108.2725,0.0035645367623820534,1767455957,Maduro in U.S. custody by January 31?,maduro-in-us-custody-by-january-31,maduro-in-us-custody-by-january-31,No,1,0x4566684911226d1F148c8177348Cb61B55BA5319-1767289494630,200.0
0x55785d43066ea048c1bec3c5c78d99b30f5fe372,BUY,0xbfa45527ec959aacc36f7c312bd4f328171a7681ef1aeb3a7e34db5fb47d3f1d,200000.0,0.001,1767740177,Maduro in U.S. custody by January 31?,maduro-in-us-custody-by-january-31,maduro-in-us-custody-by-january-31,No,1,Pedito,200.0
0x7e7c0a8a64fc49a5a1911ef268006623a7a24d13,SELL,0xbfa45527ec959aacc36f7c312bd4f328171a7681ef1aeb3a7e34db5fb47d3f1d,200.4,0.998,1767453235,Maduro in U.S. custody by January 31?,maduro-in-us-custody-by-january-31,maduro-in-us-custody-by-january-31,Yes,0,whenisit,199.9992
0x7e7c0a8a64fc49a5a1911ef268006623a7a24d13,BUY,0xbfa45527ec959aacc36f7c312bd4f328171a7681ef1aeb3a7e34db5fb47d3f1d,200.4,0.998,1767443795,Maduro in U.S. custody by January 31?,maduro-in-us-custody-by-january-31,maduro-in-us-custody-by-january-31,Yes,0,whenisit,199.9992
0x37b278ab19e1cdc0e392da980dcc59ef802a8681,SELL,0xbfa45527ec959aacc36f7c312bd4f328171a7681ef1aeb3a7e34db5fb47d3f1d,200.0,0.999,1767706521,Maduro in U.S. custody by January 31?,maduro-in-us-custody-by-january-31,maduro-in-us-custody-by-january-31,Yes,0,lobzziz,199.8
0xfdedfff4aa31bdb2b5e213918ff287d8c28c28aa,SELL,0xbfa45527ec959aacc36f7c312bd4f328171a7681ef1aeb3a7e34db5fb47d3f1d,200.0,0.999,1767696107,Maduro in U.S. custody by January 31?,maduro-in-us-custody-by-january-31,maduro-in-us-custody-by-january-31,Yes,0,0xfDEdFfF4aA31bDB2B5e213918FF287D8C28c28AA-1719212206343,199.8
0xd592400c366db77ae75ae92d0cd8cf3331e0b119,SELL,0xbfa45527ec959aacc36f7c312bd4f328171a7681ef1aeb3a7e34db5fb47d3f1d,200.0,0.999,1767742249,Maduro in U.S. custody by January 31?,maduro-in-us-custody-by-january-31,maduro-in-us-custody-by-january-31,Yes,0,LG33,199.8
0x9849f758f778393932d3d6f9135b4c27edce3603,BUY,0xbfa45527ec959aacc36f7c312bd4f328171a7681ef1aeb3a7e34db5fb47d3f1d,200.9,0.994,1767434473,Maduro in U.S. custody by January 31?,maduro-in-us-custody-by-january-31,maduro-in-us-custody-by-january-31,Yes,0,ErnstStormare,199.6946
0x66d609dbda9df641eff684190a01182f6de450c7,BUY,0xbfa45527ec959aacc36f7c312bd4f328171a7681ef1aeb3a7e34db5fb47d3f1d,200.0,0.998,1767435917,Maduro in U.S. custody by January 31?,maduro-in-us-custody-by-january-31,maduro-in-us-custody-by-january-31,Yes,0,benadam,199.6
0xa591e383d23edd5e6bbec59b49502b5ab7789079,BUY,0xbfa45527ec959aacc36f7c312bd4f328171a7681ef1aeb3a7e34db5fb47d3f1d,200.0,0.998,1767440645,Maduro in U.S. custody by January 31?,maduro-in-us-custody-by-january-31,maduro-in-us-custody-by-january-31,Yes,0,Hull,199.6
0x89e0552b897baa5486a45ff257a39858a79a9412,BUY,0xbfa45527ec959aacc36f7c312bd4f328171a7681ef1aeb3a7e34db5fb47d3f1d,200.0,0.998,1767439643,Maduro in U.S. custody by January 31?,maduro-in-us-custody-by-january-31,maduro-in-us-custody-by-january-31,Yes,0,Ross1212,199.6
0x37b278ab19e1cdc0e392da980dcc59ef802a8681,BUY,0xbfa45527ec959aacc36f7c312bd4f328171a7681ef1aeb3a7e34db5fb47d3f1d,200.0,0.998,1767455929,Maduro in U.S. custody by January 31?,maduro-in-us-custody-by-january-31,maduro-in-us-custody-by-january-31,Yes,0,lobzziz,199.6
0x8c5b68b3814fffb5fadeea649e2400b28efba790,SELL,0xbfa45527ec959aacc36f7c312bd4f328171a7681ef1aeb3a7e34db5fb47d3f1d,200.0,0.998,1767533811,Maduro in U.S. custody by January 31?,maduro-in-us-custody-by-january-31,maduro-in-us-custody-by-january-31,Yes,0,hwimoney,199.6
0xf71061cce6d1ab8aaef8f6928a4fdb5dfe15edc9,BUY,0xbfa45527ec959aacc36f7c312bd4f328171a7681ef1aeb3a7e34db5fb47d3f1d,200.0,0.997,1767442261,Maduro in U.S. custody by January 31?,maduro-in-us-custody-by-january-31,maduro-in-us-custody-by-january-31,Yes,0,Flobodan,199.4
0xc31516291191961a882c5b6e22fe9ba8035afe18,SELL,0xbfa45527ec959aacc36f7c312bd4f328171a7681ef1aeb3a7e34db5fb47d3f1d,200.0,0.997,1767441963,Maduro in U.S. custody by January 31?,maduro-in-us-custody-by-january-31,maduro-in-us-custody-by-january-31,Yes,0,BdMap,199.4
0xa18d9584e5dbe2f7e38e585fc54e688e5d8ab16a,BUY,0xbfa45527ec959aacc36f7c312bd4f328171a7681ef1aeb3a7e34db5fb47d3f1d,201.0,0.99,1767433489,Maduro in U.S. custody by January 31?,maduro-in-us-custody-by-january-31,maduro-in-us-custody-by-january-31,Yes,0,aldiJames,198.99
0xfe9a28c1b85ed646e060bc3e951f3eb3ba063487,BUY,0xbfa45527ec959aacc36f7c312bd4f328171a7681ef1aeb3a7e34db5fb47d3f1d,200.0,0.993,1767435057,Maduro in U.S. custody by January 31?,maduro-in-us-custody-by-january-31,maduro-in-us-custody-by-january-31,Yes,0,we-are-the-world,198.6
0x6e8f80ca0cddb8d3f207dc5147ac0e6062ae162c,BUY,0xbfa45527ec959aacc36f7c312bd4f328171a7681ef1aeb3a7e34db5fb47d3f1d,200.0,0.99,1767434029,Maduro in U.S. custody by January 31?,maduro-in-us-custody-by-january-31,maduro-in-us-custody-by-january-31,Yes,0,0x6e8f80ca0cddb8d3f207dc5147ac0e6062ae162,198.0
0x4044798f1d60d92369c86cf5b6f1e497e2818de5,BUY,0xbfa45527ec959aacc36f7c312bd4f328171a7681ef1aeb3a7e34db5fb47d3f1d,200.0,0.9887456,1767433275,Maduro in U.S. custody by January 31?,maduro-in-us-custody-by-january-31,maduro-in-us-custody-by-january-31,Yes,0,0x4044798f1d60d92369C86CF5B6F1e497E2818De5-1761942443788,197.74912
0x8c5b68b3814fffb5fadeea649e2400b28efba790,BUY,0xbfa45527ec959aacc36f7c312bd4f328171a7681ef1aeb3a7e34db5fb47d3f1d,200.0,0.97,1767432621,Maduro in U.S. custody by January 31?,maduro-in-us-custody-by-january-31,maduro-in-us-custody-by-january-31,Yes,0,hwimoney,194.0
0xd4ebe415032a2624fc9222fec02434befd04fd43,BUY,0xbfa45527ec959aacc36f7c312bd4f328171a7681ef1aeb3a7e34db5fb47d3f1d,189.129128,0.9989999953893934,1767520303,Maduro in U.S. custody by January 31?,maduro-in-us-custody-by-january-31,maduro-in-us-custody-by-january-31,Yes,0,0xd4ebE415032a2624fc9222FEC02434bEfd04FD43-1761569425466,188.939998
0xd4ebe415032a2624fc9222fec02434befd04fd43,BUY,0xbfa45527ec959aacc36f7c312bd4f328171a7681ef1aeb3a7e34db5fb47d3f1d,188.938937,0.998999999666559,1767520371,Maduro in U.S. custody by January 31?,maduro-in-us-custody-by-january-31,maduro-in-us-custody-by-january-31,Yes,0,0xd4ebE415032a2624fc9222FEC02434bEfd04FD43-1761569425466,188.749998
0xd4ebe415032a2624fc9222fec02434befd04fd43,SELL,0xbfa45527ec959aacc36f7c312bd4f328171a7681ef1aeb3a7e34db5fb47d3f1d,189.12,0.998,1767520333,Maduro in U.S. custody by January 31?,maduro-in-us-custody-by-january-31,maduro-in-us-custody-by-january-31,Yes,0,0xd4ebE415032a2624fc9222FEC02434bEfd04FD43-1761569425466,188.74176
0xda12740a3c62bc197cbf17c21c7a297ae8db7d17,BUY,0xbfa45527ec959aacc36f7c312bd4f328171a7681ef1aeb3a7e34db5fb47d3f1d,188665.3,0.001,1767650279,Maduro in U.S. custody by January 31?,maduro-in-us-custody-by-january-31,maduro-in-us-custody-by-january-31,No,1,Extro,188.6653
0xd4ebe415032a2624fc9222fec02434befd04fd43,SELL,0xbfa45527ec959aacc36f7c312bd4f328171a7681ef1aeb3a7e34db5fb47d3f1d,188.94,0.998,1767520421,Maduro in U.S. custody by January 31?,maduro-in-us-custody-by-january-31,maduro-in-us-custody-by-january-31,Yes,0,0xd4ebE415032a2624fc9222FEC02434bEfd04FD43-1761569425466,188.56212
0xd4ebe415032a2624fc9222fec02434befd04fd43,BUY,0xbfa45527ec959aacc36f7c312bd4f328171a7681ef1aeb3a7e34db5fb47d3f1d,188.748747,0.9989999986595938,1767521625,Maduro in U.S. custody by January 31?,maduro-in-us-custody-by-january-31,maduro-in-us-custody-by-january-31,Yes,0,0xd4ebE415032a2624fc9222FEC02434bEfd04FD43-1761569425466,188.559998
0xd4ebe415032a2624fc9222fec02434befd04fd43,SELL,0xbfa45527ec959aacc36f7c312bd4f328171a7681ef1aeb3a7e34db5fb47d3f1d,188.75,0.998,1767521655,Maduro in U.S. custody by January 31?,maduro-in-us-custody-by-january-31,maduro-in-us-custody-by-january-31,Yes,0,0xd4ebE415032a2624fc9222FEC02434bEfd04FD43-1761569425466,188.3725
0xd4ebe415032a2624fc9222fec02434befd04fd43,BUY,0xbfa45527ec959aacc36f7c312bd4f328171a7681ef1aeb3a7e34db5fb47d3f1d,188.558557,0.9989999976505972,1767521695,Maduro in U.S. custody by January 31?,maduro-in-us-custody-by-january-31,maduro-in-us-custody-by-january-31,Yes,0,0xd4ebE415032a2624fc9222FEC02434bEfd04FD43-1761569425466,188.369998
0xd4ebe415032a2624fc9222fec02434befd04fd43,SELL,0xbfa45527ec959aacc36f7c312bd4f328171a7681ef1aeb3a7e34db5fb47d3f1d,188.56,0.998,1767521725,Maduro in U.S. custody by January 31?,maduro-in-us-custody-by-january-31,maduro-in-us-custody-by-january-31,Yes,0,0xd4ebE415032a2624fc9222FEC02434bEfd04FD43-1761569425466,188.18288
0x6e8f80ca0cddb8d3f207dc5147ac0e6062ae162c,BUY,0xbfa45527ec959aacc36f7c312bd4f328171a7681ef1aeb3a7e34db5fb47d3f1d,189.89,0.99,1767433955,Maduro in U.S. custody by January 31?,maduro-in-us-custody-by-january-31,maduro-in-us-custody-by-january-31,Yes,0,0x6e8f80ca0cddb8d3f207dc5147ac0e6062ae162,187.9911
0xfe25d25bd6fc2a5e7b60a64afca4478959b5acb5,BUY,0xbfa45527ec959aacc36f7c312bd4f328171a7681ef1aeb3a7e34db5fb47d3f1d,187.987,0.999,1767532343,Maduro in U.S. custody by January 31?,maduro-in-us-custody-by-january-31,maduro-in-us-custody-by-january-31,Yes,0,four3,187.799013
0x3f8bbaa5cabbc8c4b6de06bc88a1e4341ffabe24,BUY,0xbfa45527ec959aacc36f7c312bd4f328171a7681ef1aeb3a7e34db5fb47d3f1d,186.046,0.999,1767524803,Maduro in U.S. custody by January 31?,maduro-in-us-custody-by-january-31,maduro-in-us-custody-by-january-31,Yes,0,0x3f8Bbaa5CABBc8c4B6DE06Bc88a1E4341FfaBe24-1761637401558,185.859954
0x3f8bbaa5cabbc8c4b6de06bc88a1e4341ffabe24,SELL,0xbfa45527ec959aacc36f7c312bd4f328171a7681ef1aeb3a7e34db5fb47d3f1d,186.04,0.998,1767524837,Maduro in U.S. custody by January 31?,maduro-in-us-custody-by-january-31,maduro-in-us-custody-by-january-31,Yes,0,0x3f8Bbaa5CABBc8c4B6DE06Bc88a1E4341FfaBe24-1761637401558,185.66791999999998
0x3f8bbaa5cabbc8c4b6de06bc88a1e4341ffabe24,BUY,0xbfa45527ec959aacc36f7c312bd4f328171a7681ef1aeb3a7e34db5fb47d3f1d,185.845,0.999,1767524875,Maduro in U.S. custody by January 31?,maduro-in-us-custody-by-january-31,maduro-in-us-custody-by-january-31,Yes,0,0x3f8Bbaa5CABBc8c4B6DE06Bc88a1E4341FfaBe24-1761637401558,185.659155
0x3f8bbaa5cabbc8c4b6de06bc88a1e4341ffabe24,BUY,0xbfa45527ec959aacc36f7c312bd4f328171a7681ef1aeb3a7e34db5fb47d3f1d,185.665,0.999,1767524939,Maduro in U.S. custody by January 31?,maduro-in-us-custody-by-january-31,maduro-in-us-custody-by-january-31,Yes,0,0x3f8Bbaa5CABBc8c4B6DE06Bc88a1E4341FfaBe24-1761637401558,185.479335
0x3f8bbaa5cabbc8c4b6de06bc88a1e4341ffabe24,SELL,0xbfa45527ec959aacc36f7c312bd4f328171a7681ef1aeb3a7e34db5fb47d3f1d,185.85,0.998,1767524903,Maduro in U.S. custody by January 31?,maduro-in-us-custody-by-january-31,maduro-in-us-custody-by-january-31,Yes,0,0x3f8Bbaa5CABBc8c4B6DE06Bc88a1E4341FfaBe24-1761637401558,185.4783
0x3f8bbaa5cabbc8c4b6de06bc88a1e4341ffabe24,BUY,0xbfa45527ec959aacc36f7c312bd4f328171a7681ef1aeb3a7e34db5fb47d3f1d,185.475,0.999,1767525013,Maduro in U.S. custody by January 31?,maduro-in-us-custody-by-january-31,maduro-in-us-custody-by-january-31,Yes,0,0x3f8Bbaa5CABBc8c4B6DE06Bc88a1E4341FfaBe24-1761637401558,185.289525
0x3f8bbaa5cabbc8c4b6de06bc88a1e4341ffabe24,SELL,0xbfa45527ec959aacc36f7c312bd4f328171a7681ef1aeb3a7e34db5fb47d3f1d,185.66,0.998,1767524969,Maduro in U.S. custody by January 31?,maduro-in-us-custody-by-january-31,maduro-in-us-custody-by-january-31,Yes,0,0x3f8Bbaa5CABBc8c4B6DE06Bc88a1E4341FfaBe24-1761637401558,185.28868
0x3f8bbaa5cabbc8c4b6de06bc88a1e4341ffabe24,SELL,0xbfa45527ec959aacc36f7c312bd4f328171a7681ef1aeb3a7e34db5fb47d3f1d,185.48,0.998,1767525047,Maduro in U.S. custody by January 31?,maduro-in-us-custody-by-january-31,maduro-in-us-custody-by-january-31,Yes,0,0x3f8Bbaa5CABBc8c4B6DE06Bc88a1E4341FfaBe24-1761637401558,185.10904
0x2b366034b69b64a444406b2db7ec1ff7869c473b,BUY,0xbfa45527ec959aacc36f7c312bd4f328171a7681ef1aeb3a7e34db5fb47d3f1d,200.0,0.9,1767431151,Maduro in U.S. custody by January 31?,maduro-in-us-custody-by-january-31,maduro-in-us-custody-by-january-31,No,1,,180.0
0x9cdda449d7cedf1072d74982a5dc2349df3d3e97,BUY,0xbfa45527ec959aacc36f7c312bd4f328171a7681ef1aeb3a7e34db5fb47d3f1d,200.0,0.88,1767432255,Maduro in U.S. custody by January 31?,maduro-in-us-custody-by-january-31,maduro-in-us-custody-by-january-31,Yes,0,Robbb,176.0
0x437b91c5863bec6586af33dcabb640c58f200ba4,BUY,0xbfa45527ec959aacc36f7c312bd4f328171a7681ef1aeb3a7e34db5fb47d3f1d,209.36,0.83,1767428693,Maduro in U.S. custody by January 31?,maduro-in-us-custody-by-january-31,maduro-in-us-custody-by-january-31,No,1,greendumper,173.7688
0x3d83ec88a809dc95b2a3c08fcabbb7d7294ad33e,BUY,0xbfa45527ec959aacc36f7c312bd4f328171a7681ef1aeb3a7e34db5fb47d3f1d,173.923,0.999,1767523441,Maduro in U.S. custody by January 31?,maduro-in-us-custody-by-january-31,maduro-in-us-custody-by-january-31,Yes,0,0x3D83Ec88a809dc95B2A3c08fCABbB7d7294AD33e-1761637390387,173.749077
0x3d83ec88a809dc95b2a3c08fcabbb7d7294ad33e,SELL,0xbfa45527ec959aacc36f7c312bd4f328171a7681ef1aeb3a7e34db5fb47d3f1d,173.92,0.998,1767523471,Maduro in U.S. custody by January 31?,maduro-in-us-custody-by-january-31,maduro-in-us-custody-by-january-31,Yes,0,0x3D83Ec88a809dc95B2A3c08fCABbB7d7294AD33e-1761637390387,173.57216
0x3d83ec88a809dc95b2a3c08fcabbb7d7294ad33e,BUY,0xbfa45527ec959aacc36f7c312bd4f328171a7681ef1aeb3a7e34db5fb47d3f1d,173.743,0.999,1767523501,Maduro in U.S. custody by January 31?,maduro-in-us-custody-by-january-31,maduro-in-us-custody-by-january-31,Yes,0,0x3D83Ec88a809dc95B2A3c08fCABbB7d7294AD33e-1761637390387,173.569257
0x3d83ec88a809dc95b2a3c08fcabbb7d7294ad33e,SELL,0xbfa45527ec959aacc36f7c312bd4f328171a7681ef1aeb3a7e34db5fb47d3f1d,173.74,0.998,1767523561,Maduro in U.S. custody by January 31?,maduro-in-us-custody-by-january-31,maduro-in-us-custody-by-january-31,Yes,0,0x3D83Ec88a809dc95B2A3c08fCABbB7d7294AD33e-1761637390387,173.39252000000002
0x3d83ec88a809dc95b2a3c08fcabbb7d7294ad33e,BUY,0xbfa45527ec959aacc36f7c312bd4f328171a7681ef1aeb3a7e34db5fb47d3f1d,173.563,0.999,1767523589,Maduro in U.S. custody by January 31?,maduro-in-us-custody-by-january-31,maduro-in-us-custody-by-january-31,Yes,0,0x3D83Ec88a809dc95B2A3c08fCABbB7d7294AD33e-1761637390387,173.389437
0x3d83ec88a809dc95b2a3c08fcabbb7d7294ad33e,BUY,0xbfa45527ec959aacc36f7c312bd4f328171a7681ef1aeb3a7e34db5fb47d3f1d,173.393,0.999,1767523663,Maduro in U.S. custody by January 31?,maduro-in-us-custody-by-january-31,maduro-in-us-custody-by-january-31,Yes,0,0x3D83Ec88a809dc95B2A3c08fCABbB7d7294AD33e-1761637390387,173.219607
0x3d83ec88a809dc95b2a3c08fcabbb7d7294ad33e,SELL,0xbfa45527ec959aacc36f7c312bd4f328171a7681ef1aeb3a7e34db5fb47d3f1d,173.56,0.998,1767523625,Maduro in U.S. custody by January 31?,maduro-in-us-custody-by-january-31,maduro-in-us-custody-by-january-31,Yes,0,0x3D83Ec88a809dc95B2A3c08fCABbB7d7294AD33e-1761637390387,173.21288
0x3d83ec88a809dc95b2a3c08fcabbb7d7294ad33e,SELL,0xbfa45527ec959aacc36f7c312bd4f328171a7681ef1aeb3a7e34db5fb47d3f1d,173.4,0.998,1767523709,Maduro in U.S. custody by January 31?,maduro-in-us-custody-by-january-31,maduro-in-us-custody-by-january-31,Yes,0,0x3D83Ec88a809dc95B2A3c08fCABbB7d7294AD33e-1761637390387,173.0532
0x2b366034b69b64a444406b2db7ec1ff7869c473b,BUY,0xbfa45527ec959aacc36f7c312bd4f328171a7681ef1aeb3a7e34db5fb47d3f1d,174.5612,0.98,1767432753,Maduro in U.S. custody by January 31?,maduro-in-us-custody-by-january-31,maduro-in-us-custody-by-january-31,Yes,0,,171.069976
0x7ae110c9f8213aa2b8ad85a230a5b7630822242a,BUY,0xbfa45527ec959aacc36f7c312bd4f328171a7681ef1aeb3a7e34db5fb47d3f1d,171.409857,0.992999999994166,1767434421,Maduro in U.S. custody by January 31?,maduro-in-us-custody-by-january-31,maduro-in-us-custody-by-january-31,Yes,0,dchfd,170.20998799999998
0x7ae110c9f8213aa2b8ad85a230a5b7630822242a,BUY,0xbfa45527ec959aacc36f7c312bd4f328171a7681ef1aeb3a7e34db5fb47d3f1d,170.8844,0.995,1767434551,Maduro in U.S. custody by January 31?,maduro-in-us-custody-by-january-31,maduro-in-us-custody-by-january-31,Yes,0,dchfd,170.029978
0x7ae110c9f8213aa2b8ad85a230a5b7630822242a,SELL,0xbfa45527ec959aacc36f7c312bd4f328171a7681ef1aeb3a7e34db5fb47d3f1d,171.4,0.992,1767434471,Maduro in U.S. custody by January 31?,maduro-in-us-custody-by-january-31,maduro-in-us-custody-by-january-31,Yes,0,dchfd,170.02880000000002
0x7ae110c9f8213aa2b8ad85a230a5b7630822242a,SELL,0xbfa45527ec959aacc36f7c312bd4f328171a7681ef1aeb3a7e34db5fb47d3f1d,170.89,0.9895448534144772,1767434597,Maduro in U.S. custody by January 31?,maduro-in-us-custody-by-january-31,maduro-in-us-custody-by-january-31,Yes,0,dchfd,169.10332
0x21e96e3b9e7c758ceeacee22e89104787fc4a67b,BUY,0xbfa45527ec959aacc36f7c312bd4f328171a7681ef1aeb3a7e34db5fb47d3f1d,167.397,0.999,1767523425,Maduro in U.S. custody by January 31?,maduro-in-us-custody-by-january-31,maduro-in-us-custody-by-january-31,Yes,0,122a,167.229603
0x2b366034b69b64a444406b2db7ec1ff7869c473b,SELL,0xbfa45527ec959aacc36f7c312bd4f328171a7681ef1aeb3a7e34db5fb47d3f1d,167.68,0.997,1767459647,Maduro in U.S. custody by January 31?,maduro-in-us-custody-by-january-31,maduro-in-us-custody-by-january-31,Yes,0,,167.17696
0x21e96e3b9e7c758ceeacee22e89104787fc4a67b,BUY,0xbfa45527ec959aacc36f7c312bd4f328171a7681ef1aeb3a7e34db5fb47d3f1d,167.227,0.999,1767523491,Maduro in U.S. custody by January 31?,maduro-in-us-custody-by-january-31,maduro-in-us-custody-by-january-31,Yes,0,122a,167.059773
0x21e96e3b9e7c758ceeacee22e89104787fc4a67b,SELL,0xbfa45527ec959aacc36f7c312bd4f328171a7681ef1aeb3a7e34db5fb47d3f1d,167.39,0.998,1767523459,Maduro in U.S. custody by January 31?,maduro-in-us-custody-by-january-31,maduro-in-us-custody-by-january-31,Yes,0,122a,167.05522
0x21e96e3b9e7c758ceeacee22e89104787fc4a67b,SELL,0xbfa45527ec959aacc36f7c312bd4f328171a7681ef1aeb3a7e34db5fb47d3f1d,167.23,0.998,1767523519,Maduro in U.S. custody by January 31?,maduro-in-us-custody-by-january-31,maduro-in-us-custody-by-january-31,Yes,0,122a,166.89553999999998
0x21e96e3b9e7c758ceeacee22e89104787fc4a67b,BUY,0xbfa45527ec959aacc36f7c312bd4f328171a7681ef1aeb3a7e34db5fb47d3f1d,167.057,0.999,1767523585,Maduro in U.S. custody by January 31?,maduro-in-us-custody-by-january-31,maduro-in-us-custody-by-january-31,Yes,0,122a,166.889943
0x21e96e3b9e7c758ceeacee22e89104787fc4a67b,BUY,0xbfa45527ec959aacc36f7c312bd4f328171a7681ef1aeb3a7e34db5fb47d3f1d,166.896,0.999,1767523655,Maduro in U.S. custody by January 31?,maduro-in-us-custody-by-january-31,maduro-in-us-custody-by-january-31,Yes,0,122a,166.72910399999998
0x21e96e3b9e7c758ceeacee22e89104787fc4a67b,SELL,0xbfa45527ec959aacc36f7c312bd4f328171a7681ef1aeb3a7e34db5fb47d3f1d,167.06,0.998,1767523623,Maduro in U.S. custody by January 31?,maduro-in-us-custody-by-january-31,maduro-in-us-custody-by-january-31,Yes,0,122a,166.72588
0x21e96e3b9e7c758ceeacee22e89104787fc4a67b,SELL,0xbfa45527ec959aacc36f7c312bd4f328171a7681ef1aeb3a7e34db5fb47d3f1d,166.89,0.998,1767523707,Maduro in U.S. custody by January 31?,maduro-in-us-custody-by-january-31,maduro-in-us-custody-by-january-31,Yes,0,122a,166.55622
0x7d1bb9f000e5fce13db3a0927b64aa38e69de75c,BUY,0xbfa45527ec959aacc36f7c312bd4f328171a7681ef1aeb3a7e34db5fb47d3f1d,4140.77,0.04,1767432595,Maduro in U.S. custody by January 31?,maduro-in-us-custody-by-january-31,maduro-in-us-custody-by-january-31,No,1,kolfich,165.63080000000002
0x4a558d58ea755055069489ff4332e7c91d811272,BUY,0xbfa45527ec959aacc36f7c312bd4f328171a7681ef1aeb3a7e34db5fb47d3f1d,201.0,0.82,1767428793,Maduro in U.S. custody by January 31?,maduro-in-us-custody-by-january-31,maduro-in-us-custody-by-january-31,No,1,BrianBowman7892,164.82
0x641b56cd1de69da37e9bfefeddc7b277341c5433,BUY,0xbfa45527ec959aacc36f7c312bd4f328171a7681ef1aeb3a7e34db5fb47d3f1d,262.28,0.6267942656702761,1767432167,Maduro in U.S. custody by January 31?,maduro-in-us-custody-by-january-31,maduro-in-us-custody-by-january-31,Yes,0,Newsance,164.3956
0xc49d1262ed26080adb45f23ee9bef6cae9e6c017,BUY,0xbfa45527ec959aacc36f7c312bd4f328171a7681ef1aeb3a7e34db5fb47d3f1d,163.813812,0.9989999988523556,1767520303,Maduro in U.S. custody by January 31?,maduro-in-us-custody-by-january-31,maduro-in-us-custody-by-january-31,Yes,0,0xC49d1262ED26080AdB45F23EE9Bef6CAe9E6C017-1761569425925,163.649998
0x562bc8068347268d9a69b8dd464d00eed0f9dc09,BUY,0xbfa45527ec959aacc36f7c312bd4f328171a7681ef1aeb3a7e34db5fb47d3f1d,164.3,0.996,1767436499,Maduro in U.S. custody by January 31?,maduro-in-us-custody-by-january-31,maduro-in-us-custody-by-january-31,Yes,0,SweetChariot,163.64280000000002
0xc49d1262ed26080adb45f23ee9bef6cae9e6c017,SELL,0xbfa45527ec959aacc36f7c312bd4f328171a7681ef1aeb3a7e34db5fb47d3f1d,163.81,0.998,1767520335,Maduro in U.S. custody by January 31?,maduro-in-us-custody-by-january-31,maduro-in-us-custody-by-january-31,Yes,0,0xC49d1262ED26080AdB45F23EE9Bef6CAe9E6C017-1761569425925,163.48238
0xc49d1262ed26080adb45f23ee9bef6cae9e6c017,BUY,0xbfa45527ec959aacc36f7c312bd4f328171a7681ef1aeb3a7e34db5fb47d3f1d,163.643642,0.9989999978123195,1767520371,Maduro in U.S. custody by January 31?,maduro-in-us-custody-by-january-31,maduro-in-us-custody-by-january-31,Yes,0,0xC49d1262ED26080AdB45F23EE9Bef6CAe9E6C017-1761569425925,163.479998
0xc49d1262ed26080adb45f23ee9bef6cae9e6c017,SELL,0xbfa45527ec959aacc36f7c312bd4f328171a7681ef1aeb3a7e34db5fb47d3f1d,163.64,0.998,1767520423,Maduro in U.S. custody by January 31?,maduro-in-us-custody-by-january-31,maduro-in-us-custody-by-january-31,Yes,0,0xC49d1262ED26080AdB45F23EE9Bef6CAe9E6C017-1761569425925,163.31271999999998
0xc49d1262ed26080adb45f23ee9bef6cae9e6c017,BUY,0xbfa45527ec959aacc36f7c312bd4f328171a7681ef1aeb3a7e34db5fb47d3f1d,163.473472,0.9989999967701182,1767521625,Maduro in U.S. custody by January 31?,maduro-in-us-custody-by-january-31,maduro-in-us-custody-by-january-31,Yes,0,0xC49d1262ED26080AdB45F23EE9Bef6CAe9E6C017-1761569425925,163.309998
0xc49d1262ed26080adb45f23ee9bef6cae9e6c017,SELL,0xbfa45527ec959aacc36f7c312bd4f328171a7681ef1aeb3a7e34db5fb47d3f1d,163.48,0.998,1767521657,Maduro in U.S. custody by January 31?,maduro-in-us-custody-by-january-31,maduro-in-us-custody-by-january-31,Yes,0,0xC49d1262ED26080AdB45F23EE9Bef6CAe9E6C017-1761569425925,163.15303999999998
0xc49d1262ed26080adb45f23ee9bef6cae9e6c017,BUY,0xbfa45527ec959aacc36f7c312bd4f328171a7681ef1aeb3a7e34db5fb47d3f1d,163.313312,0.9989999957872387,1767521695,Maduro in U.S. custody by January 31?,maduro-in-us-custody-by-january-31,maduro-in-us-custody-by-january-31,Yes,0,0xC49d1262ED26080AdB45F23EE9Bef6CAe9E6C017-1761569425925,163.149998
0xc49d1262ed26080adb45f23ee9bef6cae9e6c017,SELL,0xbfa45527ec959aacc36f7c312bd4f328171a7681ef1aeb3a7e34db5fb47d3f1d,163.31,0.998,1767521727,Maduro in U.S. custody by January 31?,maduro-in-us-custody-by-january-31,maduro-in-us-custody-by-january-31,Yes,0,0xC49d1262ED26080AdB45F23EE9Bef6CAe9E6C017-1761569425925,162.98338
0x7a301eb273227d4054582436ab348bb519eca46e,BUY,0xbfa45527ec959aacc36f7c312bd4f328171a7681ef1aeb3a7e34db5fb47d3f1d,163.063,0.999,1767524805,Maduro in U.S. custody by January 31?,maduro-in-us-custody-by-january-31,maduro-in-us-custody-by-january-31,Yes,0,0x7A301EB273227d4054582436aB348Bb519ECa46E-1761637475530,162.899937
0x7a301eb273227d4054582436ab348bb519eca46e,SELL,0xbfa45527ec959aacc36f7c312bd4f328171a7681ef1aeb3a7e34db5fb47d3f1d,163.06,0.998,1767524839,Maduro in U.S. custody by January 31?,maduro-in-us-custody-by-january-31,maduro-in-us-custody-by-january-31,Yes,0,0x7A301EB273227d4054582436aB348Bb519ECa46E-1761637475530,162.73388
0x7a301eb273227d4054582436ab348bb519eca46e,BUY,0xbfa45527ec959aacc36f7c312bd4f328171a7681ef1aeb3a7e34db5fb47d3f1d,162.892,0.999,1767524879,Maduro in U.S. custody by January 31?,maduro-in-us-custody-by-january-31,maduro-in-us-custody-by-january-31,Yes,0,0x7A301EB273227d4054582436aB348Bb519ECa46E-1761637475530,162.729108
0x7a301eb273227d4054582436ab348bb519eca46e,BUY,0xbfa45527ec959aacc36f7c312bd4f328171a7681ef1aeb3a7e34db5fb47d3f1d,162.732,0.999,1767524939,Maduro in U.S. custody by January 31?,maduro-in-us-custody-by-january-31,maduro-in-us-custody-by-january-31,Yes,0,0x7A301EB273227d4054582436aB348Bb519ECa46E-1761637475530,162.569268
0x7a301eb273227d4054582436ab348bb519eca46e,SELL,0xbfa45527ec959aacc36f7c312bd4f328171a7681ef1aeb3a7e34db5fb47d3f1d,162.89,0.998,1767524905,Maduro in U.S. custody by January 31?,maduro-in-us-custody-by-january-31,maduro-in-us-custody-by-january-31,Yes,0,0x7A301EB273227d4054582436aB348Bb519ECa46E-1761637475530,162.56421999999998
0x7a301eb273227d4054582436ab348bb519eca46e,SELL,0xbfa45527ec959aacc36f7c312bd4f328171a7681ef1aeb3a7e34db5fb47d3f1d,162.73,0.998,1767524971,Maduro in U.S. custody by January 31?,maduro-in-us-custody-by-january-31,maduro-in-us-custody-by-january-31,Yes,0,0x7A301EB273227d4054582436aB348Bb519ECa46E-1761637475530,162.40454
0x7a301eb273227d4054582436ab348bb519eca46e,BUY,0xbfa45527ec959aacc36f7c312bd4f328171a7681ef1aeb3a7e34db5fb47d3f1d,162.562,0.999,1767525019,Maduro in U.S. custody by January 31?,maduro-in-us-custody-by-january-31,maduro-in-us-custody-by-january-31,Yes,0,0x7A301EB273227d4054582436aB348Bb519ECa46E-1761637475530,162.399438
0x7a301eb273227d4054582436ab348bb519eca46e,SELL,0xbfa45527ec959aacc36f7c312bd4f328171a7681ef1aeb3a7e34db5fb47d3f1d,162.56,0.998,1767525049,Maduro in U.S. custody by January 31?,maduro-in-us-custody-by-january-31,maduro-in-us-custody-by-january-31,Yes,0,0x7A301EB273227d4054582436aB348Bb519ECa46E-1761637475530,162.23488
0x9327264a1a2ced65ec54eebb855d30a4238ed099,BUY,0xbfa45527ec959aacc36f7c312bd4f328171a7681ef1aeb3a7e34db5fb47d3f1d,12424.582,0.012929207598291838,1767433475,Maduro in U.S. custody by January 31?,maduro-in-us-custody-by-january-31,maduro-in-us-custody-by-january-31,No,1,0x9327264a1A2CeD65eC54EEBB855d30a4238ed099-1767343655232,160.64000000000001
0x39d0f1dca6fb7e5514858c1a337724a426764fe8,BUY,0xbfa45527ec959aacc36f7c312bd4f328171a7681ef1aeb3a7e34db5fb47d3f1d,1000.0,0.16,1767427995,Maduro in U.S. custody by January 31?,maduro-in-us-custody-by-january-31,maduro-in-us-custody-by-january-31,Yes,0,kekkone,160.0
0xa59b38bc77bf463aeaa849bd9532a36098ce37c7,BUY,0xbfa45527ec959aacc36f7c312bd4f328171a7681ef1aeb3a7e34db5fb47d3f1d,156.466465,0.998999996580737,1767518947,Maduro in U.S. custody by January 31?,maduro-in-us-custody-by-january-31,maduro-in-us-custody-by-january-31,Yes,0,0xA59b38BC77bf463AeaA849bD9532a36098cE37c7-1761569424296,156.309998
0xa59b38bc77bf463aeaa849bd9532a36098ce37c7,BUY,0xbfa45527ec959aacc36f7c312bd4f328171a7681ef1aeb3a7e34db5fb47d3f1d,156.306305,0.9989999955536023,1767519251,Maduro in U.S. custody by January 31?,maduro-in-us-custody-by-january-31,maduro-in-us-custody-by-january-31,Yes,0,0xA59b38BC77bf463AeaA849bD9532a36098cE37c7-1761569424296,156.149998
0xa59b38bc77bf463aeaa849bd9532a36098ce37c7,SELL,0xbfa45527ec959aacc36f7c312bd4f328171a7681ef1aeb3a7e34db5fb47d3f1d,156.46,0.998,1767519013,Maduro in U.S. custody by January 31?,maduro-in-us-custody-by-january-31,maduro-in-us-custody-by-january-31,Yes,0,0xA59b38BC77bf463AeaA849bD9532a36098cE37c7-1761569424296,156.14708000000002
0xa59b38bc77bf463aeaa849bd9532a36098ce37c7,BUY,0xbfa45527ec959aacc36f7c312bd4f328171a7681ef1aeb3a7e34db5fb47d3f1d,156.156155,0.99899999458875,1767519453,Maduro in U.S. custody by January 31?,maduro-in-us-custody-by-january-31,maduro-in-us-custody-by-january-31,Yes,0,0xA59b38BC77bf463AeaA849bD9532a36098cE37c7-1761569424296,155.999998
0xa59b38bc77bf463aeaa849bd9532a36098ce37c7,SELL,0xbfa45527ec959aacc36f7c312bd4f328171a7681ef1aeb3a7e34db5fb47d3f1d,156.31,0.998,1767519279,Maduro in U.S. custody by January 31?,maduro-in-us-custody-by-january-31,maduro-in-us-custody-by-january-31,Yes,0,0xA59b38BC77bf463AeaA849bD9532a36098cE37c7-1761569424296,155.99738
0xa59b38bc77bf463aeaa849bd9532a36098ce37c7,SELL,0xbfa45527ec959aacc36f7c312bd4f328171a7681ef1aeb3a7e34db5fb47d3f1d,156.15,0.998,1767519483,Maduro in U.S. custody by January 31?,maduro-in-us-custody-by-january-31,maduro-in-us-custody-by-january-31,Yes,0,0xA59b38BC77bf463AeaA849bD9532a36098cE37c7-1761569424296,155.8377
0xa59b38bc77bf463aeaa849bd9532a36098ce37c7,BUY,0xbfa45527ec959aacc36f7c312bd4f328171a7681ef1aeb3a7e34db5fb47d3f1d,155.985984,0.9989999998974267,1767519541,Maduro in U.S. custody by January 31?,maduro-in-us-custody-by-january-31,maduro-in-us-custody-by-january-31,Yes,0,0xA59b38BC77bf463AeaA849bD9532a36098cE37c7-1761569424296,155.82999800000002
0xa59b38bc77bf463aeaa849bd9532a36098ce37c7,SELL,0xbfa45527ec959aacc36f7c312bd4f328171a7681ef1aeb3a7e34db5fb47d3f1d,155.99,0.998,1767519575,Maduro in U.S. custody by January 31?,maduro-in-us-custody-by-january-31,maduro-in-us-custody-by-january-31,Yes,0,0xA59b38BC77bf463AeaA849bD9532a36098cE37c7-1761569424296,155.67802
0x1ad15f9e35ddd39c90ce09c8a3d9ec352e37da9b,BUY,0xbfa45527ec959aacc36f7c312bd4f328171a7681ef1aeb3a7e34db5fb47d3f1d,157.2021,0.9898718846631184,1767433229,Maduro in U.S. custody by January 31?,maduro-in-us-custody-by-january-31,maduro-in-us-custody-by-january-31,Yes,0,Scrip,155.609939
0x1e5e0ad8addb3f87ca02a405d1f217c305716f74,BUY,0xbfa45527ec959aacc36f7c312bd4f328171a7681ef1aeb3a7e34db5fb47d3f1d,154.184183,0.9989999947011426,1767520265,Maduro in U.S. custody by January 31?,maduro-in-us-custody-by-january-31,maduro-in-us-custody-by-january-31,Yes,0,0x1e5E0aD8aDDb3f87CA02a405D1F217C305716f74-1761569425585,154.029998
0x1e5e0ad8addb3f87ca02a405d1f217c305716f74,BUY,0xbfa45527ec959aacc36f7c312bd4f328171a7681ef1aeb3a7e34db5fb47d3f1d,154.034033,0.9989999937221666,1767520349,Maduro in U.S. custody by January 31?,maduro-in-us-custody-by-january-31,maduro-in-us-custody-by-january-31,Yes,0,0x1e5E0aD8aDDb3f87CA02a405D1F217C305716f74-1761569425585,153.879998
0x1e5e0ad8addb3f87ca02a405d1f217c305716f74,SELL,0xbfa45527ec959aacc36f7c312bd4f328171a7681ef1aeb3a7e34db5fb47d3f1d,154.18,0.998,1767520293,Maduro in U.S. custody by January 31?,maduro-in-us-custody-by-january-31,maduro-in-us-custody-by-january-31,Yes,0,0x1e5E0aD8aDDb3f87CA02a405D1F217C305716f74-1761569425585,153.87164
0x1e5e0ad8addb3f87ca02a405d1f217c305716f74,SELL,0xbfa45527ec959aacc36f7c312bd4f328171a7681ef1aeb3a7e34db5fb47d3f1d,154.03,0.998,1767520399,Maduro in U.S. custody by January 31?,maduro-in-us-custody-by-january-31,maduro-in-us-custody-by-january-31,Yes,0,0x1e5E0aD8aDDb3f87CA02a405D1F217C305716f74-1761569425585,153.72194
0x1e5e0ad8addb3f87ca02a405d1f217c305716f74,BUY,0xbfa45527ec959aacc36f7c312bd4f328171a7681ef1aeb3a7e34db5fb47d3f1d,153.873872,0.9989999991681499,1767521611,Maduro in U.S. custody by January 31?,maduro-in-us-custody-by-january-31,maduro-in-us-custody-by-january-31,Yes,0,0x1e5E0aD8aDDb3f87CA02a405D1F217C305716f74-1761569425585,153.719998
0x1e5e0ad8addb3f87ca02a405d1f217c305716f74,SELL,0xbfa45527ec959aacc36f7c312bd4f328171a7681ef1aeb3a7e34db5fb47d3f1d,153.88,0.998,1767521647,Maduro in U.S. custody by January 31?,maduro-in-us-custody-by-january-31,maduro-in-us-custody-by-january-31,Yes,0,0x1e5E0aD8aDDb3f87CA02a405D1F217C305716f74-1761569425585,153.57224
0x1e5e0ad8addb3f87ca02a405d1f217c305716f74,BUY,0xbfa45527ec959aacc36f7c312bd4f328171a7681ef1aeb3a7e34db5fb47d3f1d,153.723722,0.9989999981915608,1767521681,Maduro in U.S. custody by January 31?,maduro-in-us-custody-by-january-31,maduro-in-us-custody-by-january-31,Yes,0,0x1e5E0aD8aDDb3f87CA02a405D1F217C305716f74-1761569425585,153.569998
0x1e5e0ad8addb3f87ca02a405d1f217c305716f74,SELL,0xbfa45527ec959aacc36f7c312bd4f328171a7681ef1aeb3a7e34db5fb47d3f1d,153.72,0.998,1767521717,Maduro in U.S. custody by January 31?,maduro-in-us-custody-by-january-31,maduro-in-us-custody-by-january-31,Yes,0,0x1e5E0aD8aDDb3f87CA02a405D1F217C305716f74-1761569425585,153.41255999999998
0x0079659e3581a13a3ff1c159a07e6d1757da6e9b,BUY,0xbfa45527ec959aacc36f7c312bd4f328171a7681ef1aeb3a7e34db5fb47d3f1d,152.262261,0.998999995146532,1767520301,Maduro in U.S. custody by January 31?,maduro-in-us-custody-by-january-31,maduro-in-us-custody-by-january-31,Yes,0,0x0079659E3581A13A3Ff1C159a07E6d1757dA6E9b-1761569425170,152.109998
0x0079659e3581a13a3ff1c159a07e6d1757da6e9b,BUY,0xbfa45527ec959aacc36f7c312bd4f328171a7681ef1aeb3a7e34db5fb47d3f1d,152.112111,0.9989999941556265,1767520383,Maduro in U.S. custody by January 31?,maduro-in-us-custody-by-january-31,maduro-in-us-custody-by-january-31,Yes,0,0x0079659E3581A13A3Ff1C159a07E6d1757dA6E9b-1761569425170,151.959998
0x0079659e3581a13a3ff1c159a07e6d1757da6e9b,SELL,0xbfa45527ec959aacc36f7c312bd4f328171a7681ef1aeb3a7e34db5fb47d3f1d,152.26,0.998,1767520333,Maduro in U.S. custody by January 31?,maduro-in-us-custody-by-january-31,maduro-in-us-custody-by-january-31,Yes,0,0x0079659E3581A13A3Ff1C159a07E6d1757dA6E9b-1761569425170,151.95548
0x0079659e3581a13a3ff1c159a07e6d1757da6e9b,SELL,0xbfa45527ec959aacc36f7c312bd4f328171a7681ef1aeb3a7e34db5fb47d3f1d,152.11,0.998,1767520421,Maduro in U.S. custody by January 31?,maduro-in-us-custody-by-january-31,maduro-in-us-custody-by-january-31,Yes,0,0x0079659E3581A13A3Ff1C159a07E6d1757dA6E9b-1761569425170,151.80578000000003
0x0079659e3581a13a3ff1c159a07e6d1757da6e9b,BUY,0xbfa45527ec959aacc36f7c312bd4f328171a7681ef1aeb3a7e34db5fb47d3f1d,151.95195,0.9989999996709487,1767521625,Maduro in U.S. custody by January 31?,maduro-in-us-custody-by-january-31,maduro-in-us-custody-by-january-31,Yes,0,0x0079659E3581A13A3Ff1C159a07E6d1757dA6E9b-1761569425170,151.79999800000002
0xaf1dd2cc074d7e5c1aa92aef610df1b4cbc93745,BUY,0xbfa45527ec959aacc36f7c312bd4f328171a7681ef1aeb3a7e34db5fb47d3f1d,151.85185,0.9989999990121952,1767518943,Maduro in U.S. custody by January 31?,maduro-in-us-custody-by-january-31,maduro-in-us-custody-by-january-31,Yes,0,0xAf1dd2CC074D7e5C1aA92AEf610Df1B4CBc93745-1761569424248,151.69999800000002
0x0079659e3581a13a3ff1c159a07e6d1757da6e9b,BUY,0xbfa45527ec959aacc36f7c312bd4f328171a7681ef1aeb3a7e34db5fb47d3f1d,151.8018,0.9989999986824926,1767521689,Maduro in U.S. custody by January 31?,maduro-in-us-custody-by-january-31,maduro-in-us-custody-by-january-31,Yes,0,0x0079659E3581A13A3Ff1C159a07E6d1757dA6E9b-1761569425170,151.64999799999998
0x0079659e3581a13a3ff1c159a07e6d1757da6e9b,SELL,0xbfa45527ec959aacc36f7c312bd4f328171a7681ef1aeb3a7e34db5fb47d3f1d,151.95,0.998,1767521655,Maduro in U.S. custody by January 31?,maduro-in-us-custody-by-january-31,maduro-in-us-custody-by-january-31,Yes,0,0x0079659E3581A13A3Ff1C159a07E6d1757dA6E9b-1761569425170,151.6461
0xaf1dd2cc074d7e5c1aa92aef610df1b4cbc93745,SELL,0xbfa45527ec959aacc36f7c312bd4f328171a7681ef1aeb3a7e34db5fb47d3f1d,151.85,0.998,1767519011,Maduro in U.S. custody by January 31?,maduro-in-us-custody-by-january-31,maduro-in-us-custody-by-january-31,Yes,0,0xAf1dd2CC074D7e5C1aA92AEf610Df1B4CBc93745-1761569424248,151.5463
0xaf1dd2cc074d7e5c1aa92aef610df1b4cbc93745,BUY,0xbfa45527ec959aacc36f7c312bd4f328171a7681ef1aeb3a7e34db5fb47d3f1d,151.69169,0.9989999979563812,1767519247,Maduro in U.S. custody by January 31?,maduro-in-us-custody-by-january-31,maduro-in-us-custody-by-january-31,Yes,0,0xAf1dd2CC074D7e5C1aA92AEf610Df1B4CBc93745-1761569424248,151.539998
0x0079659e3581a13a3ff1c159a07e6d1757da6e9b,SELL,0xbfa45527ec959aacc36f7c312bd4f328171a7681ef1aeb3a7e34db5fb47d3f1d,151.8,0.998,1767521725,Maduro in U.S. custody by January 31?,maduro-in-us-custody-by-january-31,maduro-in-us-custody-by-january-31,Yes,0,0x0079659E3581A13A3Ff1C159a07E6d1757dA6E9b-1761569425170,151.49640000000002
0xaf1dd2cc074d7e5c1aa92aef610df1b4cbc93745,BUY,0xbfa45527ec959aacc36f7c312bd4f328171a7681ef1aeb3a7e34db5fb47d3f1d,151.54154,0.9989999969645287,1767519447,Maduro in U.S. custody by January 31?,maduro-in-us-custody-by-january-31,maduro-in-us-custody-by-january-31,Yes,0,0xAf1dd2CC074D7e5C1aA92AEf610Df1B4CBc93745-1761569424248,151.389998
0xaf1dd2cc074d7e5c1aa92aef610df1b4cbc93745,SELL,0xbfa45527ec959aacc36f7c312bd4f328171a7681ef1aeb3a7e34db5fb47d3f1d,151.69,0.998,1767519271,Maduro in U.S. custody by January 31?,maduro-in-us-custody-by-january-31,maduro-in-us-custody-by-january-31,Yes,0,0xAf1dd2CC074D7e5C1aA92AEf610Df1B4CBc93745-1761569424248,151.38662
0xaf1dd2cc074d7e5c1aa92aef610df1b4cbc93745,BUY,0xbfa45527ec959aacc36f7c312bd4f328171a7681ef1aeb3a7e34db5fb47d3f1d,151.39139,0.9989999959707088,1767519533,Maduro in U.S. custody by January 31?,maduro-in-us-custody-by-january-31,maduro-in-us-custody-by-january-31,Yes,0,0xAf1dd2CC074D7e5C1aA92AEf610Df1B4CBc93745-1761569424248,151.239998
0xaf1dd2cc074d7e5c1aa92aef610df1b4cbc93745,SELL,0xbfa45527ec959aacc36f7c312bd4f328171a7681ef1aeb3a7e34db5fb47d3f1d,151.54,0.998,1767519475,Maduro in U.S. custody by January 31?,maduro-in-us-custody-by-january-31,maduro-in-us-custody-by-january-31,Yes,0,0xAf1dd2CC074D7e5C1aA92AEf610Df1B4CBc93745-1761569424248,151.23692
0xaf1dd2cc074d7e5c1aa92aef610df1b4cbc93745,SELL,0xbfa45527ec959aacc36f7c312bd4f328171a7681ef1aeb3a7e34db5fb47d3f1d,151.39,0.998,1767519567,Maduro in U.S. custody by January 31?,maduro-in-us-custody-by-january-31,maduro-in-us-custody-by-january-31,Yes,0,0xAf1dd2CC074D7e5C1aA92AEf610Df1B4CBc93745-1761569424248,151.08721999999997
0x3a730ceee2beb085a5d22256c5b77dac1d2f4864,BUY,0xbfa45527ec959aacc36f7c312bd4f328171a7681ef1aeb3a7e34db5fb47d3f1d,151.161,0.999,1767523441,Maduro in U.S. custody by January 31?,maduro-in-us-custody-by-january-31,maduro-in-us-custody-by-january-31,Yes,0,0x3A730CeEe2Beb085A5D22256c5b77dac1D2f4864-1761637308351,151.009839
0x3a730ceee2beb085a5d22256c5b77dac1d2f4864,BUY,0xbfa45527ec959aacc36f7c312bd4f328171a7681ef1aeb3a7e34db5fb47d3f1d,151.011,0.999,1767523501,Maduro in U.S. custody by January 31?,maduro-in-us-custody-by-january-31,maduro-in-us-custody-by-january-31,Yes,0,0x3A730CeEe2Beb085A5D22256c5b77dac1D2f4864-1761637308351,150.85998899999998
0x3a730ceee2beb085a5d22256c5b77dac1d2f4864,SELL,0xbfa45527ec959aacc36f7c312bd4f328171a7681ef1aeb3a7e34db5fb47d3f1d,151.16,0.998,1767523469,Maduro in U.S. custody by January 31?,maduro-in-us-custody-by-january-31,maduro-in-us-custody-by-january-31,Yes,0,0x3A730CeEe2Beb085A5D22256c5b77dac1D2f4864-1761637308351,150.85768
0x3a730ceee2beb085a5d22256c5b77dac1d2f4864,BUY,0xbfa45527ec959aacc36f7c312bd4f328171a7681ef1aeb3a7e34db5fb47d3f1d,150.86,0.999,1767523587,Maduro in U.S. custody by January 31?,maduro-in-us-custody-by-january-31,maduro-in-us-custody-by-january-31,Yes,0,0x3A730CeEe2Beb085A5D22256c5b77dac1D2f4864-1761637308351,150.70914000000002
0x3a730ceee2beb085a5d22256c5b77dac1d2f4864,SELL,0xbfa45527ec959aacc36f7c312bd4f328171a7681ef1aeb3a7e34db5fb47d3f1d,151.01,0.998,1767523559,Maduro in U.S. custody by January 31?,maduro-in-us-custody-by-january-31,maduro-in-us-custody-by-january-31,Yes,0,0x3A730CeEe2Beb085A5D22256c5b77dac1D2f4864-1761637308351,150.70798
0x3a730ceee2beb085a5d22256c5b77dac1d2f4864,BUY,0xbfa45527ec959aacc36f7c312bd4f328171a7681ef1aeb3a7e34db5fb47d3f1d,150.71,0.999,1767523661,Maduro in U.S. custody by January 31?,maduro-in-us-custody-by-january-31,maduro-in-us-custody-by-january-31,Yes,0,0x3A730CeEe2Beb085A5D22256c5b77dac1D2f4864-1761637308351,150.55929
0x3a730ceee2beb085a5d22256c5b77dac1d2f4864,SELL,0xbfa45527ec959aacc36f7c312bd4f328171a7681ef1aeb3a7e34db5fb47d3f1d,150.86,0.998,1767523625,Maduro in U.S. custody by January 31?,maduro-in-us-custody-by-january-31,maduro-in-us-custody-by-january-31,Yes,0,0x3A730CeEe2Beb085A5D22256c5b77dac1D2f4864-1761637308351,150.55828000000002
0x3a730ceee2beb085a5d22256c5b77dac1d2f4864,SELL,0xbfa45527ec959aacc36f7c312bd4f328171a7681ef1aeb3a7e34db5fb47d3f1d,150.71,0.998,1767523709,Maduro in U.S. custody by January 31?,maduro-in-us-custody-by-january-31,maduro-in-us-custody-by-january-31,Yes,0,0x3A730CeEe2Beb085A5D22256c5b77dac1D2f4864-1761637308351,150.40858
0xfe25d25bd6fc2a5e7b60a64afca4478959b5acb5,SELL,0xbfa45527ec959aacc36f7c312bd4f328171a7681ef1aeb3a7e34db5fb47d3f1d,150.0,0.999,1767669235,Maduro in U.S. custody by January 31?,maduro-in-us-custody-by-january-31,maduro-in-us-custody-by-january-31,Yes,0,four3,149.85
0xd45dee68e7b299a8d957ce987ef7215063599145,BUY,0xbfa45527ec959aacc36f7c312bd4f328171a7681ef1aeb3a7e34db5fb47d3f1d,146.0,0.999,1767514491,Maduro in U.S. custody by January 31?,maduro-in-us-custody-by-january-31,maduro-in-us-custody-by-january-31,Yes,0,CCx,145.854
0xd45dee68e7b299a8d957ce987ef7215063599145,SELL,0xbfa45527ec959aacc36f7c312bd4f328171a7681ef1aeb3a7e34db5fb47d3f1d,146.0,0.999,1767626085,Maduro in U.S. custody by January 31?,maduro-in-us-custody-by-january-31,maduro-in-us-custody-by-january-31,Yes,0,CCx,145.854
0x7b1a9c1dcf880dd8870e234c8e8d31870c439dc8,BUY,0xbfa45527ec959aacc36f7c312bd4f328171a7681ef1aeb3a7e34db5fb47d3f1d,47703.333332,0.0030000000000838514,1767445867,Maduro in U.S. custody by January 31?,maduro-in-us-custody-by-january-31,maduro-in-us-custody-by-january-31,No,1,ffhj,143.10999999999999
0xb25511b6a23fd51d3c817243fccc153e2bf60753,BUY,0xbfa45527ec959aacc36f7c312bd4f328171a7681ef1aeb3a7e34db5fb47d3f1d,141.04104,0.9989999931934705,1767518941,Maduro in U.S. custody by January 31?,maduro-in-us-custody-by-january-31,maduro-in-us-custody-by-january-31,Yes,0,0xB25511b6a23fD51D3C817243fCcc153e2bf60753-1761569423133,140.899998
0xb25511b6a23fd51d3c817243fccc153e2bf60753,BUY,0xbfa45527ec959aacc36f7c312bd4f328171a7681ef1aeb3a7e34db5fb47d3f1d,140.900899,0.9989999992831842,1767519245,Maduro in U.S. custody by January 31?,maduro-in-us-custody-by-january-31,maduro-in-us-custody-by-january-31,Yes,0,0xB25511b6a23fD51D3C817243fCcc153e2bf60753-1761569423133,140.75999800000002
0xb25511b6a23fd51d3c817243fccc153e2bf60753,SELL,0xbfa45527ec959aacc36f7c312bd4f328171a7681ef1aeb3a7e34db5fb47d3f1d,141.04,0.998,1767519007,Maduro in U.S. custody by January 31?,maduro-in-us-custody-by-january-31,maduro-in-us-custody-by-january-31,Yes,0,0xB25511b6a23fD51D3C817243fCcc153e2bf60753-1761569423133,140.75791999999998
0xb25511b6a23fd51d3c817243fccc153e2bf60753,BUY,0xbfa45527ec959aacc36f7c312bd4f328171a7681ef1aeb3a7e34db5fb47d3f1d,140.760759,0.9989999982878751,1767519447,Maduro in U.S. custody by January 31?,maduro-in-us-custody-by-january-31,maduro-in-us-custody-by-january-31,Yes,0,0xB25511b6a23fD51D3C817243fCcc153e2bf60753-1761569423133,140.619998
0xb25511b6a23fd51d3c817243fccc153e2bf60753,SELL,0xbfa45527ec959aacc36f7c312bd4f328171a7681ef1aeb3a7e34db5fb47d3f1d,140.9,0.998,1767519269,Maduro in U.S. custody by January 31?,maduro-in-us-custody-by-january-31,maduro-in-us-custody-by-january-31,Yes,0,0xB25511b6a23fD51D3C817243fCcc153e2bf60753-1761569423133,140.6182
0xb25511b6a23fd51d3c817243fccc153e2bf60753,BUY,0xbfa45527ec959aacc36f7c312bd4f328171a7681ef1aeb3a7e34db5fb47d3f1d,140.620619,0.9989999972905823,1767519531,Maduro in U.S. custody by January 31?,maduro-in-us-custody-by-january-31,maduro-in-us-custody-by-january-31,Yes,0,0xB25511b6a23fD51D3C817243fCcc153e2bf60753-1761569423133,140.47999800000002
0xb25511b6a23fd51d3c817243fccc153e2bf60753,SELL,0xbfa45527ec959aacc36f7c312bd4f328171a7681ef1aeb3a7e34db5fb47d3f1d,140.76,0.998,1767519473,Maduro in U.S. custody by January 31?,maduro-in-us-custody-by-january-31,maduro-in-us-custody-by-january-31,Yes,0,0xB25511b6a23fD51D3C817243fCcc153e2bf60753-1761569423133,140.47848
0xb25511b6a23fd51d3c817243fccc153e2bf60753,SELL,0xbfa45527ec959aacc36f7c312bd4f328171a7681ef1aeb3a7e34db5fb47d3f1d,140.62,0.998,1767519565,Maduro in U.S. custody by January 31?,maduro-in-us-custody-by-january-31,maduro-in-us-custody-by-january-31,Yes,0,0xB25511b6a23fD51D3C817243fCcc153e2bf60753-1761569423133,140.33876
0x9f3bffa303cae4be865820d6dfcd841991c83222,BUY,0xbfa45527ec959aacc36f7c312bd4f328171a7681ef1aeb3a7e34db5fb47d3f1d,7346.7365,0.01905608020649713,1767433171,Maduro in U.S. custody by January 31?,maduro-in-us-custody-by-january-31,maduro-in-us-custody-by-january-31,No,1,sorarespam,140.0
0x7b1a9c1dcf880dd8870e234c8e8d31870c439dc8,BUY,0xbfa45527ec959aacc36f7c312bd4f328171a7681ef1aeb3a7e34db5fb47d3f1d,69570.0,0.002,1767444445,Maduro in U.S. custody by January 31?,maduro-in-us-custody-by-january-31,maduro-in-us-custody-by-january-31,No,1,ffhj,139.14000000000001
0x7d1bb9f000e5fce13db3a0927b64aa38e69de75c,BUY,0xbfa45527ec959aacc36f7c312bd4f328171a7681ef1aeb3a7e34db5fb47d3f1d,13785.17,0.01,1767434141,Maduro in U.S. custody by January 31?,maduro-in-us-custody-by-january-31,maduro-in-us-custody-by-january-31,No,1,kolfich,137.8517
0x169b8e2a1d5a3e9d840a08074a090afa82a730c9,BUY,0xbfa45527ec959aacc36f7c312bd4f328171a7681ef1aeb3a7e34db5fb47d3f1d,160.0,0.86,1767429745,Maduro in U.S. custody by January 31?,maduro-in-us-custody-by-january-31,maduro-in-us-custody-by-january-31,No,1,pdlh,137.6
0x82d6f75f05c0c8d64437e62a9c787e33ef6189fc,BUY,0xbfa45527ec959aacc36f7c312bd4f328171a7681ef1aeb3a7e34db5fb47d3f1d,137.197196,0.9989999941398219,1767520233,Maduro in U.S. custody by January 31?,maduro-in-us-custody-by-january-31,maduro-in-us-custody-by-january-31,Yes,0,0x82D6F75F05C0c8D64437E62a9c787E33eF6189FC-1761569423114,137.05999799999998
0x82d6f75f05c0c8d64437e62a9c787e33ef6189fc,BUY,0xbfa45527ec959aacc36f7c312bd4f328171a7681ef1aeb3a7e34db5fb47d3f1d,137.057056,0.9989999931123575,1767520347,Maduro in U.S. custody by January 31?,maduro-in-us-custody-by-january-31,maduro-in-us-custody-by-january-31,Yes,0,0x82D6F75F05C0c8D64437E62a9c787E33eF6189FC-1761569423114,136.919998
0x82d6f75f05c0c8d64437e62a9c787e33ef6189fc,SELL,0xbfa45527ec959aacc36f7c312bd4f328171a7681ef1aeb3a7e34db5fb47d3f1d,137.19,0.998,1767520265,Maduro in U.S. custody by January 31?,maduro-in-us-custody-by-january-31,maduro-in-us-custody-by-january-31,Yes,0,0x82D6F75F05C0c8D64437E62a9c787E33eF6189FC-1761569423114,136.91562
0x82d6f75f05c0c8d64437e62a9c787e33ef6189fc,SELL,0xbfa45527ec959aacc36f7c312bd4f328171a7681ef1aeb3a7e34db5fb47d3f1d,137.06,0.998,1767520397,Maduro in U.S. custody by January 31?,maduro-in-us-custody-by-january-31,maduro-in-us-custody-by-january-31,Yes,0,0x82D6F75F05C0c8D64437E62a9c787E33eF6189FC-1761569423114,136.78588
0x82d6f75f05c0c8d64437e62a9c787e33ef6189fc,BUY,0xbfa45527ec959aacc36f7c312bd4f328171a7681ef1aeb3a7e34db5fb47d3f1d,136.916915,0.9989999993791856,1767521609,Maduro in U.S. custody by January 31?,maduro-in-us-custody-by-january-31,maduro-in-us-custody-by-january-31,Yes,0,0x82D6F75F05C0c8D64437E62a9c787E33eF6189FC-1761569423114,136.779998
0x82d6f75f05c0c8d64437e62a9c787e33ef6189fc,BUY,0xbfa45527ec959aacc36f7c312bd4f328171a7681ef1aeb3a7e34db5fb47d3f1d,136.786785,0.9989999984282107,1767521679,Maduro in U.S. custody by January 31?,maduro-in-us-custody-by-january-31,maduro-in-us-custody-by-january-31,Yes,0,0x82D6F75F05C0c8D64437E62a9c787E33eF6189FC-1761569423114,136.649998
0x82d6f75f05c0c8d64437e62a9c787e33ef6189fc,SELL,0xbfa45527ec959aacc36f7c312bd4f328171a7681ef1aeb3a7e34db5fb47d3f1d,136.92,0.998,1767521645,Maduro in U.S. custody by January 31?,maduro-in-us-custody-by-january-31,maduro-in-us-custody-by-january-31,Yes,0,0x82D6F75F05C0c8D64437E62a9c787E33eF6189FC-1761569423114,136.64615999999998
0x82d6f75f05c0c8d64437e62a9c787e33ef6189fc,SELL,0xbfa45527ec959aacc36f7c312bd4f328171a7681ef1aeb3a7e34db5fb47d3f1d,136.78,0.998,1767521715,Maduro in U.S. custody by January 31?,maduro-in-us-custody-by-january-31,maduro-in-us-custody-by-january-31,Yes,0,0x82D6F75F05C0c8D64437E62a9c787E33eF6189FC-1761569423114,136.50644
0x42f1c8a60d6208f7b1a9915273b384f590e3e5a1,SELL,0xbfa45527ec959aacc36f7c312bd4f328171a7681ef1aeb3a7e34db5fb47d3f1d,136.38,0.995,1767456367,Maduro in U.S. custody by January 31?,maduro-in-us-custody-by-january-31,maduro-in-us-custody-by-january-31,Yes,0,,135.69809999999998
0x2b366034b69b64a444406b2db7ec1ff7869c473b,SELL,0xbfa45527ec959aacc36f7c312bd4f328171a7681ef1aeb3a7e34db5fb47d3f1d,134.14,0.998,1767459705,Maduro in U.S. custody by January 31?,maduro-in-us-custody-by-january-31,maduro-in-us-custody-by-january-31,Yes,0,,133.87171999999998
0x47ae6d13566c3418c4795c98ced1f197575eee94,BUY,0xbfa45527ec959aacc36f7c312bd4f328171a7681ef1aeb3a7e34db5fb47d3f1d,4419.14,0.03,1767432489,Maduro in U.S. custody by January 31?,maduro-in-us-custody-by-january-31,maduro-in-us-custody-by-january-31,No,1,JasonPunos,132.57420000000002
0x32d1623dddbd4841a98da71e47f0436d2ef2b949,BUY,0xbfa45527ec959aacc36f7c312bd4f328171a7681ef1aeb3a7e34db5fb47d3f1d,7331.81,0.018,1767433713,Maduro in U.S. custody by January 31?,maduro-in-us-custody-by-january-31,maduro-in-us-custody-by-january-31,No,1,rickyvaughn,131.97258
0x562bc8068347268d9a69b8dd464d00eed0f9dc09,BUY,0xbfa45527ec959aacc36f7c312bd4f328171a7681ef1aeb3a7e34db5fb47d3f1d,131.83,0.99,1767433757,Maduro in U.S. custody by January 31?,maduro-in-us-custody-by-january-31,maduro-in-us-custody-by-january-31,Yes,0,SweetChariot,130.51170000000002
0x82524979739a860b36f47eec57619cf950f45c68,BUY,0xbfa45527ec959aacc36f7c312bd4f328171a7681ef1aeb3a7e34db5fb47d3f1d,130.12,0.999,1767454553,Maduro in U.S. custody by January 31?,maduro-in-us-custody-by-january-31,maduro-in-us-custody-by-january-31,Yes,0,,129.98988
0x82524979739a860b36f47eec57619cf950f45c68,SELL,0xbfa45527ec959aacc36f7c312bd4f328171a7681ef1aeb3a7e34db5fb47d3f1d,130.12,0.999,1767568957,Maduro in U.S. custody by January 31?,maduro-in-us-custody-by-january-31,maduro-in-us-custody-by-january-31,Yes,0,,129.98988
0x47ae6d13566c3418c4795c98ced1f197575eee94,BUY,0xbfa45527ec959aacc36f7c312bd4f328171a7681ef1aeb3a7e34db5fb47d3f1d,1329.99,0.0944069504281987,1767432359,Maduro in U.S. custody by January 31?,maduro-in-us-custody-by-january-31,maduro-in-us-custody-by-january-31,No,1,JasonPunos,125.5603
0xd0265ea6b4212d34ecdc602e1e59ab3b01c2d74b,SELL,0xbfa45527ec959aacc36f7c312bd4f328171a7681ef1aeb3a7e34db5fb47d3f1d,126.38,0.992,1767433343,Maduro in U.S. custody by January 31?,maduro-in-us-custody-by-january-31,maduro-in-us-custody-by-january-31,Yes,0,chilz,125.36896
0x300f731f044a7fe9e50daab6f9fc3f319b61d366,BUY,0xbfa45527ec959aacc36f7c312bd4f328171a7681ef1aeb3a7e34db5fb47d3f1d,235.0,0.5314893617021277,1767432273,Maduro in U.S. custody by January 31?,maduro-in-us-custody-by-january-31,maduro-in-us-custody-by-january-31,No,1,Crazykekbr,124.9
0x893b43e0a2031be941c75a852fbdc6b72527f5ec,SELL,0xbfa45527ec959aacc36f7c312bd4f328171a7681ef1aeb3a7e34db5fb47d3f1d,510.04,0.24239275350952866,1767432279,Maduro in U.S. custody by January 31?,maduro-in-us-custody-by-january-31,maduro-in-us-custody-by-january-31,No,1,4bet,123.63
0x893b43e0a2031be941c75a852fbdc6b72527f5ec,SELL,0xbfa45527ec959aacc36f7c312bd4f328171a7681ef1aeb3a7e34db5fb47d3f1d,1760.22,0.07,1767432301,Maduro in U.S. custody by January 31?,maduro-in-us-custody-by-january-31,maduro-in-us-custody-by-january-31,No,1,4bet,123.21540000000002
0x562bc8068347268d9a69b8dd464d00eed0f9dc09,BUY,0xbfa45527ec959aacc36f7c312bd4f328171a7681ef1aeb3a7e34db5fb47d3f1d,123.39,0.996,1767436527,Maduro in U.S. custody by January 31?,maduro-in-us-custody-by-january-31,maduro-in-us-custody-by-january-31,Yes,0,SweetChariot,122.89644
0x880e1a058cee17f733b1a38c300ba14228214866,BUY,0xbfa45527ec959aacc36f7c312bd4f328171a7681ef1aeb3a7e34db5fb47d3f1d,122.842841,0.9989999987056633,1767520235,Maduro in U.S. custody by January 31?,maduro-in-us-custody-by-january-31,maduro-in-us-custody-by-january-31,Yes,0,0x880E1A058CeE17f733B1a38c300bA14228214866-1761569423078,122.719998
0x64873d60dca61ff513f66a5f1b9ad2e016e8b9e3,BUY,0xbfa45527ec959aacc36f7c312bd4f328171a7681ef1aeb3a7e34db5fb47d3f1d,122.742,0.999,1767524819,Maduro in U.S. custody by January 31?,maduro-in-us-custody-by-january-31,maduro-in-us-custody-by-january-31,Yes,0,0x64873d60DCa61Ff513f66A5f1B9AD2E016e8B9e3-1761637476428,122.619258
0x880e1a058cee17f733b1a38c300ba14228214866,BUY,0xbfa45527ec959aacc36f7c312bd4f328171a7681ef1aeb3a7e34db5fb47d3f1d,122.722721,0.9989999977265823,1767520347,Maduro in U.S. custody by January 31?,maduro-in-us-custody-by-january-31,maduro-in-us-custody-by-january-31,Yes,0,0x880E1A058CeE17f733B1a38c300bA14228214866-1761569423078,122.599998
0x880e1a058cee17f733b1a38c300ba14228214866,SELL,0xbfa45527ec959aacc36f7c312bd4f328171a7681ef1aeb3a7e34db5fb47d3f1d,122.84,0.998,1767520265,Maduro in U.S. custody by January 31?,maduro-in-us-custody-by-january-31,maduro-in-us-custody-by-january-31,Yes,0,0x880E1A058CeE17f733B1a38c300bA14228214866-1761569423078,122.59432
0x64873d60dca61ff513f66a5f1b9ad2e016e8b9e3,SELL,0xbfa45527ec959aacc36f7c312bd4f328171a7681ef1aeb3a7e34db5fb47d3f1d,122.74,0.998,1767524847,Maduro in U.S. custody by January 31?,maduro-in-us-custody-by-january-31,maduro-in-us-custody-by-january-31,Yes,0,0x64873d60DCa61Ff513f66A5f1B9AD2E016e8B9e3-1761637476428,122.49452
0x64873d60dca61ff513f66a5f1b9ad2e016e8b9e3,BUY,0xbfa45527ec959aacc36f7c312bd4f328171a7681ef1aeb3a7e34db5fb47d3f1d,122.612,0.999,1767524881,Maduro in U.S. custody by January 31?,maduro-in-us-custody-by-january-31,maduro-in-us-custody-by-january-31,Yes,0,0x64873d60DCa61Ff513f66A5f1B9AD2E016e8B9e3-1761637476428,122.48938799999999
0x880e1a058cee17f733b1a38c300ba14228214866,SELL,0xbfa45527ec959aacc36f7c312bd4f328171a7681ef1aeb3a7e34db5fb47d3f1d,122.72,0.998,1767520399,Maduro in U.S. custody by January 31?,maduro-in-us-custody-by-january-31,maduro-in-us-custody-by-january-31,Yes,0,0x880E1A058CeE17f733B1a38c300bA14228214866-1761569423078,122.47456
0x880e1a058cee17f733b1a38c300ba14228214866,BUY,0xbfa45527ec959aacc36f7c312bd4f328171a7681ef1aeb3a7e34db5fb47d3f1d,122.592591,0.9989999966637462,1767521611,Maduro in U.S. custody by January 31?,maduro-in-us-custody-by-january-31,maduro-in-us-custody-by-january-31,Yes,0,0x880E1A058CeE17f733B1a38c300bA14228214866-1761569423078,122.469998
0x2b366034b69b64a444406b2db7ec1ff7869c473b,BUY,0xbfa45527ec959aacc36f7c312bd4f328171a7681ef1aeb3a7e34db5fb47d3f1d,134.505488,0.9099999994052287,1767431331,Maduro in U.S. custody by January 31?,maduro-in-us-custody-by-january-31,maduro-in-us-custody-by-january-31,No,1,,122.399994
0x64873d60dca61ff513f66a5f1b9ad2e016e8b9e3,BUY,0xbfa45527ec959aacc36f7c312bd4f328171a7681ef1aeb3a7e34db5fb47d3f1d,122.492,0.999,1767524947,Maduro in U.S. custody by January 31?,maduro-in-us-custody-by-january-31,maduro-in-us-custody-by-january-31,Yes,0,0x64873d60DCa61Ff513f66A5f1B9AD2E016e8B9e3-1761637476428,122.36950800000001
0x64873d60dca61ff513f66a5f1b9ad2e016e8b9e3,SELL,0xbfa45527ec959aacc36f7c312bd4f328171a7681ef1aeb3a7e34db5fb47d3f1d,122.61,0.998,1767524915,Maduro in U.S. custody by January 31?,maduro-in-us-custody-by-january-31,maduro-in-us-custody-by-january-31,Yes,0,0x64873d60DCa61Ff513f66A5f1B9AD2E016e8B9e3-1761637476428,122.36478
0x880e1a058cee17f733b1a38c300ba14228214866,SELL,0xbfa45527ec959aacc36f7c312bd4f328171a7681ef1aeb3a7e34db5fb47d3f1d,122.59,0.998,1767521645,Maduro in U.S. custody by January 31?,maduro-in-us-custody-by-january-31,maduro-in-us-custody-by-january-31,Yes,0,0x880E1A058CeE17f733B1a38c300bA14228214866-1761569423078,122.34482
0x880e1a058cee17f733b1a38c300ba14228214866,BUY,0xbfa45527ec959aacc36f7c312bd4f328171a7681ef1aeb3a7e34db5fb47d3f1d,122.462461,0.9989999955986513,1767521681,Maduro in U.S. custody by January 31?,maduro-in-us-custody-by-january-31,maduro-in-us-custody-by-january-31,Yes,0,0x880E1A058CeE17f733B1a38c300bA14228214866-1761569423078,122.33999800000001
0x64873d60dca61ff513f66a5f1b9ad2e016e8b9e3,SELL,0xbfa45527ec959aacc36f7c312bd4f328171a7681ef1aeb3a7e34db5fb47d3f1d,122.49,0.998,1767524979,Maduro in U.S. custody by January 31?,maduro-in-us-custody-by-january-31,maduro-in-us-custody-by-january-31,Yes,0,0x64873d60DCa61Ff513f66A5f1B9AD2E016e8B9e3-1761637476428,122.24502
0x64873d60dca61ff513f66a5f1b9ad2e016e8b9e3,BUY,0xbfa45527ec959aacc36f7c312bd4f328171a7681ef1aeb3a7e34db5fb47d3f1d,122.362,0.999,1767525025,Maduro in U.S. custody by January 31?,maduro-in-us-custody-by-january-31,maduro-in-us-custody-by-january-31,Yes,0,0x64873d60DCa61Ff513f66A5f1B9AD2E016e8B9e3-1761637476428,122.239638
0x880e1a058cee17f733b1a38c300ba14228214866,SELL,0xbfa45527ec959aacc36f7c312bd4f328171a7681ef1aeb3a7e34db5fb47d3f1d,122.47,0.998,1767521715,Maduro in U.S. custody by January 31?,maduro-in-us-custody-by-january-31,maduro-in-us-custody-by-january-31,Yes,0,0x880E1A058CeE17f733B1a38c300bA14228214866-1761569423078,122.22506
0x43266d5f298409bb27c2c862bef8b37992efc3a8,SELL,0xbfa45527ec959aacc36f7c312bd4f328171a7681ef1aeb3a7e34db5fb47d3f1d,126.0,0.97,1767432653,Maduro in U.S. custody by January 31?,maduro-in-us-custody-by-january-31,maduro-in-us-custody-by-january-31,Yes,0,lmklb,122.22
0x64873d60dca61ff513f66a5f1b9ad2e016e8b9e3,SELL,0xbfa45527ec959aacc36f7c312bd4f328171a7681ef1aeb3a7e34db5fb47d3f1d,122.36,0.998,1767525059,Maduro in U.S. custody by January 31?,maduro-in-us-custody-by-january-31,maduro-in-us-custody-by-january-31,Yes,0,0x64873d60DCa61Ff513f66A5f1B9AD2E016e8B9e3-1761637476428,122.11528
0x7f126837c880af270550cac49a8fcd061d441b49,BUY,0xbfa45527ec959aacc36f7c312bd4f328171a7681ef1aeb3a7e34db5fb47d3f1d,120.730729,0.9989999977553353,1767518945,Maduro in U.S. custody by January 31?,maduro-in-us-custody-by-january-31,maduro-in-us-custody-by-january-31,Yes,0,0x7f126837C880af270550cAC49a8fCD061d441b49-1761569425680,120.60999799999999
0x7f126837c880af270550cac49a8fcd061d441b49,BUY,0xbfa45527ec959aacc36f7c312bd4f328171a7681ef1aeb3a7e34db5fb47d3f1d,120.610609,0.9989999967581624,1767519251,Maduro in U.S. custody by January 31?,maduro-in-us-custody-by-january-31,maduro-in-us-custody-by-january-31,Yes,0,0x7f126837C880af270550cAC49a8fCD061d441b49-1761569425680,120.48999799999999
0x7f126837c880af270550cac49a8fcd061d441b49,SELL,0xbfa45527ec959aacc36f7c312bd4f328171a7681ef1aeb3a7e34db5fb47d3f1d,120.73,0.998,1767519011,Maduro in U.S. custody by January 31?,maduro-in-us-custody-by-january-31,maduro-in-us-custody-by-january-31,Yes,0,0x7f126837C880af270550cAC49a8fCD061d441b49-1761569425680,120.48854
0x7f126837c880af270550cac49a8fcd061d441b49,BUY,0xbfa45527ec959aacc36f7c312bd4f328171a7681ef1aeb3a7e34db5fb47d3f1d,120.490489,0.9989999957590013,1767519455,Maduro in U.S. custody by January 31?,maduro-in-us-custody-by-january-31,maduro-in-us-custody-by-january-31,Yes,0,0x7f126837C880af270550cAC49a8fCD061d441b49-1761569425680,120.369998
0x7f126837c880af270550cac49a8fcd061d441b49,SELL,0xbfa45527ec959aacc36f7c312bd4f328171a7681ef1aeb3a7e34db5fb47d3f1d,120.61,0.998,1767519281,Maduro in U.S. custody by January 31?,maduro-in-us-custody-by-january-31,maduro-in-us-custody-by-january-31,Yes,0,0x7f126837C880af270550cAC49a8fCD061d441b49-1761569425680,120.36878
0x7f126837c880af270550cac49a8fcd061d441b49,BUY,0xbfa45527ec959aacc36f7c312bd4f328171a7681ef1aeb3a7e34db5fb47d3f1d,120.370369,0.9989999947578461,1767519545,Maduro in U.S. custody by January 31?,maduro-in-us-custody-by-january-31,maduro-in-us-custody-by-january-31,Yes,0,0x7f126837C880af270550cAC49a8fCD061d441b49-1761569425680,120.24999799999999
0x7f126837c880af270550cac49a8fcd061d441b49,SELL,0xbfa45527ec959aacc36f7c312bd4f328171a7681ef1aeb3a7e34db5fb47d3f1d,120.49,0.998,1767519485,Maduro in U.S. custody by January 31?,maduro-in-us-custody-by-january-31,maduro-in-us-custody-by-january-31,Yes,0,0x7f126837C880af270550cAC49a8fCD061d441b49-1761569425680,120.24902
0x7f126837c880af270550cac49a8fcd061d441b49,SELL,0xbfa45527ec959aacc36f7c312bd4f328171a7681ef1aeb3a7e34db5fb47d3f1d,120.37,0.998,1767519577,Maduro in U.S. custody by January 31?,maduro-in-us-custody-by-january-31,maduro-in-us-custody-by-january-31,Yes,0,0x7f126837C880af270550cAC49a8fCD061d441b49-1761569425680,120.12926
0x9f3bffa303cae4be865820d6dfcd841991c83222,BUY,0xbfa45527ec959aacc36f7c312bd4f328171a7681ef1aeb3a7e34db5fb47d3f1d,10416.816665,0.0115198341162319,1767433377,Maduro in U.S. custody by January 31?,maduro-in-us-custody-by-january-31,maduro-in-us-custody-by-january-31,No,1,sorarespam,120.00000000000001
0xc8ab97a9089a9ff7e6ef0688e6e591a066946418,BUY,0xbfa45527ec959aacc36f7c312bd4f328171a7681ef1aeb3a7e34db5fb47d3f1d,8000.0,0.015,1767433723,Maduro in U.S. custody by January 31?,maduro-in-us-custody-by-january-31,maduro-in-us-custody-by-january-31,No,1,ArmageddonRewardsBilly,120.0
0x42f1c8a60d6208f7b1a9915273b384f590e3e5a1,SELL,0xbfa45527ec959aacc36f7c312bd4f328171a7681ef1aeb3a7e34db5fb47d3f1d,117.91,0.997,1767454959,Maduro in U.S. custody by January 31?,maduro-in-us-custody-by-january-31,maduro-in-us-custody-by-january-31,Yes,0,,117.55627
0xa97e43db0a4a6007899abf75817c452d5a7224ff,BUY,0xbfa45527ec959aacc36f7c312bd4f328171a7681ef1aeb3a7e34db5fb47d3f1d,900.0,0.13,1767430407,Maduro in U.S. custody by January 31?,maduro-in-us-custody-by-january-31,maduro-in-us-custody-by-january-31,Yes,0,0xA97e43Db0a4A6007899abf75817c452d5a7224ff-1738522326367,117.0
0x419bf41784735d2a00c60f70a78bb399c1842aaa,BUY,0xbfa45527ec959aacc36f7c312bd4f328171a7681ef1aeb3a7e34db5fb47d3f1d,116.376,0.999,1767523431,Maduro in U.S. custody by January 31?,maduro-in-us-custody-by-january-31,maduro-in-us-custody-by-january-31,Yes,0,0x419Bf41784735d2A00C60f70A78Bb399c1842aaa-1761634654977,116.259624
0x419bf41784735d2a00c60f70a78bb399c1842aaa,BUY,0xbfa45527ec959aacc36f7c312bd4f328171a7681ef1aeb3a7e34db5fb47d3f1d,116.256,0.999,1767523491,Maduro in U.S. custody by January 31?,maduro-in-us-custody-by-january-31,maduro-in-us-custody-by-january-31,Yes,0,0x419Bf41784735d2A00C60f70A78Bb399c1842aaa-1761634654977,116.139744
0x419bf41784735d2a00c60f70a78bb399c1842aaa,SELL,0xbfa45527ec959aacc36f7c312bd4f328171a7681ef1aeb3a7e34db5fb47d3f1d,116.37,0.998,1767523459,Maduro in U.S. custody by January 31?,maduro-in-us-custody-by-january-31,maduro-in-us-custody-by-january-31,Yes,0,0x419Bf41784735d2A00C60f70A78Bb399c1842aaa-1761634654977,116.13726
0x43bdef77e92836d9dd0f6cf0f6d0db5595006b21,BUY,0xbfa45527ec959aacc36f7c312bd4f328171a7681ef1aeb3a7e34db5fb47d3f1d,116.146,0.999,1767523441,Maduro in U.S. custody by January 31?,maduro-in-us-custody-by-january-31,maduro-in-us-custody-by-january-31,Yes,0,0x43BDef77e92836d9dd0F6cF0F6d0dB5595006b21-1761634900634,116.029854
0x419bf41784735d2a00c60f70a78bb399c1842aaa,BUY,0xbfa45527ec959aacc36f7c312bd4f328171a7681ef1aeb3a7e34db5fb47d3f1d,116.146,0.999,1767523587,Maduro in U.S. custody by January 31?,maduro-in-us-custody-by-january-31,maduro-in-us-custody-by-january-31,Yes,0,0x419Bf41784735d2A00C60f70A78Bb399c1842aaa-1761634654977,116.029854
0x419bf41784735d2a00c60f70a78bb399c1842aaa,SELL,0xbfa45527ec959aacc36f7c312bd4f328171a7681ef1aeb3a7e34db5fb47d3f1d,116.26,0.998,1767523519,Maduro in U.S. custody by January 31?,maduro-in-us-custody-by-january-31,maduro-in-us-custody-by-january-31,Yes,0,0x419Bf41784735d2A00C60f70A78Bb399c1842aaa-1761634654977,116.02748000000001
0x419bf41784735d2a00c60f70a78bb399c1842aaa,BUY,0xbfa45527ec959aacc36f7c312bd4f328171a7681ef1aeb3a7e34db5fb47d3f1d,116.026,0.999,1767523685,Maduro in U.S. custody by January 31?,maduro-in-us-custody-by-january-31,maduro-in-us-custody-by-january-31,Yes,0,0x419Bf41784735d2A00C60f70A78Bb399c1842aaa-1761634654977,115.90997399999999
0x419bf41784735d2a00c60f70a78bb399c1842aaa,SELL,0xbfa45527ec959aacc36f7c312bd4f328171a7681ef1aeb3a7e34db5fb47d3f1d,116.14,0.998,1767523623,Maduro in U.S. custody by January 31?,maduro-in-us-custody-by-january-31,maduro-in-us-custody-by-january-31,Yes,0,0x419Bf41784735d2A00C60f70A78Bb399c1842aaa-1761634654977,115.90772
0x43bdef77e92836d9dd0f6cf0f6d0db5595006b21,SELL,0xbfa45527ec959aacc36f7c312bd4f328171a7681ef1aeb3a7e34db5fb47d3f1d,116.14,0.998,1767523469,Maduro in U.S. custody by January 31?,maduro-in-us-custody-by-january-31,maduro-in-us-custody-by-january-31,Yes,0,0x43BDef77e92836d9dd0F6cF0F6d0dB5595006b21-1761634900634,115.90772
0x43bdef77e92836d9dd0f6cf0f6d0db5595006b21,BUY,0xbfa45527ec959aacc36f7c312bd4f328171a7681ef1aeb3a7e34db5fb47d3f1d,116.016,0.999,1767523501,Maduro in U.S. custody by January 31?,maduro-in-us-custody-by-january-31,maduro-in-us-custody-by-january-31,Yes,0,0x43BDef77e92836d9dd0F6cF0F6d0dB5595006b21-1761634900634,115.899984
0x419bf41784735d2a00c60f70a78bb399c1842aaa,SELL,0xbfa45527ec959aacc36f7c312bd4f328171a7681ef1aeb3a7e34db5fb47d3f1d,116.03,0.998,1767523717,Maduro in U.S. custody by January 31?,maduro-in-us-custody-by-january-31,maduro-in-us-custody-by-january-31,Yes,0,0x419Bf41784735d2A00C60f70A78Bb399c1842aaa-1761634654977,115.79794
0x43bdef77e92836d9dd0f6cf0f6d0db5595006b21,BUY,0xbfa45527ec959aacc36f7c312bd4f328171a7681ef1aeb3a7e34db5fb47d3f1d,115.905,0.999,1767523585,Maduro in U.S. custody by January 31?,maduro-in-us-custody-by-january-31,maduro-in-us-custody-by-january-31,Yes,0,0x43BDef77e92836d9dd0F6cF0F6d0dB5595006b21-1761634900634,115.789095
0x43bdef77e92836d9dd0f6cf0f6d0db5595006b21,SELL,0xbfa45527ec959aacc36f7c312bd4f328171a7681ef1aeb3a7e34db5fb47d3f1d,116.02,0.998,1767523559,Maduro in U.S. custody by January 31?,maduro-in-us-custody-by-january-31,maduro-in-us-custody-by-january-31,Yes,0,0x43BDef77e92836d9dd0F6cF0F6d0dB5595006b21-1761634900634,115.78796
0x43bdef77e92836d9dd0f6cf0f6d0db5595006b21,BUY,0xbfa45527ec959aacc36f7c312bd4f328171a7681ef1aeb3a7e34db5fb47d3f1d,115.785,0.999,1767523689,Maduro in U.S. custody by January 31?,maduro-in-us-custody-by-january-31,maduro-in-us-custody-by-january-31,Yes,0,0x43BDef77e92836d9dd0F6cF0F6d0dB5595006b21-1761634900634,115.669215
0x43bdef77e92836d9dd0f6cf0f6d0db5595006b21,SELL,0xbfa45527ec959aacc36f7c312bd4f328171a7681ef1aeb3a7e34db5fb47d3f1d,115.9,0.998,1767523623,Maduro in U.S. custody by January 31?,maduro-in-us-custody-by-january-31,maduro-in-us-custody-by-january-31,Yes,0,0x43BDef77e92836d9dd0F6cF0F6d0dB5595006b21-1761634900634,115.6682
0x43bdef77e92836d9dd0f6cf0f6d0db5595006b21,SELL,0xbfa45527ec959aacc36f7c312bd4f328171a7681ef1aeb3a7e34db5fb47d3f1d,115.79,0.998,1767523719,Maduro in U.S. custody by January 31?,maduro-in-us-custody-by-january-31,maduro-in-us-custody-by-january-31,Yes,0,0x43BDef77e92836d9dd0F6cF0F6d0dB5595006b21-1761634900634,115.55842000000001
0x641b56cd1de69da37e9bfefeddc7b277341c5433,BUY,0xbfa45527ec959aacc36f7c312bd4f328171a7681ef1aeb3a7e34db5fb47d3f1d,285.31,0.39885002278223686,1767432167,Maduro in U.S. custody by January 31?,maduro-in-us-custody-by-january-31,maduro-in-us-custody-by-january-31,Yes,0,Newsance,113.7959
0xe1840b42bfc1aa56d9775079437541fbca87dc00,BUY,0xbfa45527ec959aacc36f7c312bd4f328171a7681ef1aeb3a7e34db5fb47d3f1d,112.252,0.999,1767524803,Maduro in U.S. custody by January 31?,maduro-in-us-custody-by-january-31,maduro-in-us-custody-by-january-31,Yes,0,0xe1840b42BFC1aa56D9775079437541FBca87Dc00-1761637391356,112.139748
0xe1840b42bfc1aa56d9775079437541fbca87dc00,SELL,0xbfa45527ec959aacc36f7c312bd4f328171a7681ef1aeb3a7e34db5fb47d3f1d,112.25,0.998,1767524839,Maduro in U.S. custody by January 31?,maduro-in-us-custody-by-january-31,maduro-in-us-custody-by-january-31,Yes,0,0xe1840b42BFC1aa56D9775079437541FBca87Dc00-1761637391356,112.0255
0xe1840b42bfc1aa56d9775079437541fbca87dc00,BUY,0xbfa45527ec959aacc36f7c312bd4f328171a7681ef1aeb3a7e34db5fb47d3f1d,112.132,0.999,1767524877,Maduro in U.S. custody by January 31?,maduro-in-us-custody-by-january-31,maduro-in-us-custody-by-january-31,Yes,0,0xe1840b42BFC1aa56D9775079437541FBca87Dc00-1761637391356,112.019868
0xe1840b42bfc1aa56d9775079437541fbca87dc00,BUY,0xbfa45527ec959aacc36f7c312bd4f328171a7681ef1aeb3a7e34db5fb47d3f1d,112.022,0.999,1767524939,Maduro in U.S. custody by January 31?,maduro-in-us-custody-by-january-31,maduro-in-us-custody-by-january-31,Yes,0,0xe1840b42BFC1aa56D9775079437541FBca87Dc00-1761637391356,111.90997800000001
0xe1840b42bfc1aa56d9775079437541fbca87dc00,SELL,0xbfa45527ec959aacc36f7c312bd4f328171a7681ef1aeb3a7e34db5fb47d3f1d,112.13,0.998,1767524905,Maduro in U.S. custody by January 31?,maduro-in-us-custody-by-january-31,maduro-in-us-custody-by-january-31,Yes,0,0xe1840b42BFC1aa56D9775079437541FBca87Dc00-1761637391356,111.90574
0xe1840b42bfc1aa56d9775079437541fbca87dc00,SELL,0xbfa45527ec959aacc36f7c312bd4f328171a7681ef1aeb3a7e34db5fb47d3f1d,112.02,0.998,1767524971,Maduro in U.S. custody by January 31?,maduro-in-us-custody-by-january-31,maduro-in-us-custody-by-january-31,Yes,0,0xe1840b42BFC1aa56D9775079437541FBca87Dc00-1761637391356,111.79596
0xe1840b42bfc1aa56d9775079437541fbca87dc00,BUY,0xbfa45527ec959aacc36f7c312bd4f328171a7681ef1aeb3a7e34db5fb47d3f1d,111.901,0.999,1767525015,Maduro in U.S. custody by January 31?,maduro-in-us-custody-by-january-31,maduro-in-us-custody-by-january-31,Yes,0,0xe1840b42BFC1aa56D9775079437541FBca87Dc00-1761637391356,111.789099
0x6e8f80ca0cddb8d3f207dc5147ac0e6062ae162c,BUY,0xbfa45527ec959aacc36f7c312bd4f328171a7681ef1aeb3a7e34db5fb47d3f1d,112.91,0.9898691878487291,1767432885,Maduro in U.S. custody by January 31?,maduro-in-us-custody-by-january-31,maduro-in-us-custody-by-january-31,Yes,0,0x6e8f80ca0cddb8d3f207dc5147ac0e6062ae162,111.76613
0xe1840b42bfc1aa56d9775079437541fbca87dc00,SELL,0xbfa45527ec959aacc36f7c312bd4f328171a7681ef1aeb3a7e34db5fb47d3f1d,111.9,0.998,1767525047,Maduro in U.S. custody by January 31?,maduro-in-us-custody-by-january-31,maduro-in-us-custody-by-january-31,Yes,0,0xe1840b42BFC1aa56D9775079437541FBca87Dc00-1761637391356,111.67620000000001
0x0f73dd5d06a513cbf043a472982a164975aed330,BUY,0xbfa45527ec959aacc36f7c312bd4f328171a7681ef1aeb3a7e34db5fb47d3f1d,110.6806,0.9944818423463552,1767434491,Maduro in U.S. custody by January 31?,maduro-in-us-custody-by-january-31,maduro-in-us-custody-by-january-31,Yes,0,,110.069847
0xca4b6418251931aae3ae5d5d454c6ebcfa219e65,BUY,0xbfa45527ec959aacc36f7c312bd4f328171a7681ef1aeb3a7e34db5fb47d3f1d,110.0,0.997,1767442411,Maduro in U.S. custody by January 31?,maduro-in-us-custody-by-january-31,maduro-in-us-custody-by-january-31,Yes,0,SamTripoli,109.67
0xd153ce7ba8118d66e21bd4dc181e513ad607f849,SELL,0xbfa45527ec959aacc36f7c312bd4f328171a7681ef1aeb3a7e34db5fb47d3f1d,109.0,0.991,1767433359,Maduro in U.S. custody by January 31?,maduro-in-us-custody-by-january-31,maduro-in-us-custody-by-january-31,Yes,0,0xd153cE7BA8118D66e21bd4Dc181E513aD607F849-1767296313385,108.019
0x32d1623dddbd4841a98da71e47f0436d2ef2b949,SELL,0xbfa45527ec959aacc36f7c312bd4f328171a7681ef1aeb3a7e34db5fb47d3f1d,17537.55,0.0061451268848841485,1767434301,Maduro in U.S. custody by January 31?,maduro-in-us-custody-by-january-31,maduro-in-us-custody-by-january-31,No,1,rickyvaughn,107.77046999999999
0x2b366034b69b64a444406b2db7ec1ff7869c473b,SELL,0xbfa45527ec959aacc36f7c312bd4f328171a7681ef1aeb3a7e34db5fb47d3f1d,107.31,0.998,1767466231,Maduro in U.S. custody by January 31?,maduro-in-us-custody-by-january-31,maduro-in-us-custody-by-january-31,Yes,0,,107.09538
0x562bc8068347268d9a69b8dd464d00eed0f9dc09,BUY,0xbfa45527ec959aacc36f7c312bd4f328171a7681ef1aeb3a7e34db5fb47d3f1d,106.36,0.99,1767433765,Maduro in U.S. custody by January 31?,maduro-in-us-custody-by-january-31,maduro-in-us-custody-by-january-31,Yes,0,SweetChariot,105.2964
0xc06f7c119fe36ac6eca1a0c8d5b00d2c47c34b0f,BUY,0xbfa45527ec959aacc36f7c312bd4f328171a7681ef1aeb3a7e34db5fb47d3f1d,105.315666,0.9969999999810095,1767437049,Maduro in U.S. custody by January 31?,maduro-in-us-custody-by-january-31,maduro-in-us-custody-by-january-31,Yes,0,ALANYAAA,104.999719
0x169b8e2a1d5a3e9d840a08074a090afa82a730c9,BUY,0xbfa45527ec959aacc36f7c312bd4f328171a7681ef1aeb3a7e34db5fb47d3f1d,120.0,0.86,1767429785,Maduro in U.S. custody by January 31?,maduro-in-us-custody-by-january-31,maduro-in-us-custody-by-january-31,No,1,pdlh,103.2
0x1a76e44147fe4354b9d3ff9e5c0d013a1ede0fe4,BUY,0xbfa45527ec959aacc36f7c312bd4f328171a7681ef1aeb3a7e34db5fb47d3f1d,103.253,0.999,1767504571,Maduro in U.S. custody by January 31?,maduro-in-us-custody-by-january-31,maduro-in-us-custody-by-january-31,Yes,0,blvb,103.149747
0x1a76e44147fe4354b9d3ff9e5c0d013a1ede0fe4,SELL,0xbfa45527ec959aacc36f7c312bd4f328171a7681ef1aeb3a7e34db5fb47d3f1d,103.25,0.998,1767504597,Maduro in U.S. custody by January 31?,maduro-in-us-custody-by-january-31,maduro-in-us-custody-by-january-31,Yes,0,blvb,103.0435
0x0d6eb70b4620071d4d91e8cd7ecbd2b801fa5a9c,BUY,0xbfa45527ec959aacc36f7c312bd4f328171a7681ef1aeb3a7e34db5fb47d3f1d,101.391,0.999,1767508393,Maduro in U.S. custody by January 31?,maduro-in-us-custody-by-january-31,maduro-in-us-custody-by-january-31,Yes,0,hnxd,101.289609
0x0d6eb70b4620071d4d91e8cd7ecbd2b801fa5a9c,SELL,0xbfa45527ec959aacc36f7c312bd4f328171a7681ef1aeb3a7e34db5fb47d3f1d,101.39,0.998,1767508433,Maduro in U.S. custody by January 31?,maduro-in-us-custody-by-january-31,maduro-in-us-custody-by-january-31,Yes,0,hnxd,101.18722
0x4653496234dc95de8c552e121c2637b89da2bcc6,SELL,0xbfa45527ec959aacc36f7c312bd4f328171a7681ef1aeb3a7e34db5fb47d3f1d,100.79,0.999,1767568959,Maduro in U.S. custody by January 31?,maduro-in-us-custody-by-january-31,maduro-in-us-custody-by-january-31,Yes,0,,100.68921
0xc17a06facfce497e79ef042faa8badc4d8501db3,BUY,0xbfa45527ec959aacc36f7c312bd4f328171a7681ef1aeb3a7e34db5fb47d3f1d,17253.9,0.005795791096505717,1767437149,Maduro in U.S. custody by January 31?,maduro-in-us-custody-by-january-31,maduro-in-us-custody-by-january-31,No,1,displayname77,100.0
0xca646e50e8736124e7d0209e1f89203934fb454f,BUY,0xbfa45527ec959aacc36f7c312bd4f328171a7681ef1aeb3a7e34db5fb47d3f1d,100000.0,0.001,1767697819,Maduro in U.S. custody by January 31?,maduro-in-us-custody-by-january-31,maduro-in-us-custody-by-january-31,No,1,noreplyboter,100.0
0x201acb2360683ea0fca57d5c9cb33b273c162198,BUY,0xbfa45527ec959aacc36f7c312bd4f328171a7681ef1aeb3a7e34db5fb47d3f1d,100000.0,0.001,1767713721,Maduro in U.S. custody by January 31?,maduro-in-us-custody-by-january-31,maduro-in-us-custody-by-january-31,No,1,0x201AcB2360683ea0Fca57D5c9cB33b273C162198-1767711740081,100.0
0x70d9217516470c3a0a60a88846028e323df6f30d,BUY,0xbfa45527ec959aacc36f7c312bd4f328171a7681ef1aeb3a7e34db5fb47d3f1d,100000.0,0.001,1767717769,Maduro in U.S. custody by January 31?,maduro-in-us-custody-by-january-31,maduro-in-us-custody-by-january-31,No,1,gaetanr,100.0
0x54dbeea5a711da118dc6931abba13ef39a2c332a,BUY,0xbfa45527ec959aacc36f7c312bd4f328171a7681ef1aeb3a7e34db5fb47d3f1d,100000.0,0.001,1767694555,Maduro in U.S. custody by January 31?,maduro-in-us-custody-by-january-31,maduro-in-us-custody-by-january-31,No,1,0x54DBEea5a711da118Dc6931abbA13ef39A2C332A-1767693239731,100.0
0x4566684911226d1f148c8177348cb61b55ba5319,BUY,0xbfa45527ec959aacc36f7c312bd4f328171a7681ef1aeb3a7e34db5fb47d3f1d,24638.168,0.004058743328643591,1767456035,Maduro in U.S. custody by January 31?,maduro-in-us-custody-by-january-31,maduro-in-us-custody-by-january-31,No,1,0x4566684911226d1F148c8177348Cb61B55BA5319-1767289494630,100.0
0x4d369056ecf0b787d800aa2e66aa1f8df9f6c8ab,BUY,0xbfa45527ec959aacc36f7c312bd4f328171a7681ef1aeb3a7e34db5fb47d3f1d,3951.052,0.025309714982237642,1767433255,Maduro in U.S. custody by January 31?,maduro-in-us-custody-by-january-31,maduro-in-us-custody-by-january-31,No,1,0x4d369056Ecf0b787D800AA2e66Aa1F8Df9F6c8Ab-1767238495356,100.0
0x4d369056ecf0b787d800aa2e66aa1f8df9f6c8ab,BUY,0xbfa45527ec959aacc36f7c312bd4f328171a7681ef1aeb3a7e34db5fb47d3f1d,5543.2855,0.018039842977598756,1767433601,Maduro in U.S. custody by January 31?,maduro-in-us-custody-by-january-31,maduro-in-us-custody-by-january-31,No,1,0x4d369056Ecf0b787D800AA2e66Aa1F8Df9F6c8Ab-1767238495356,100.0
0x4d369056ecf0b787d800aa2e66aa1f8df9f6c8ab,BUY,0xbfa45527ec959aacc36f7c312bd4f328171a7681ef1aeb3a7e34db5fb47d3f1d,5794.890665,0.01725658080211596,1767433029,Maduro in U.S. custody by January 31?,maduro-in-us-custody-by-january-31,maduro-in-us-custody-by-january-31,No,1,0x4d369056Ecf0b787D800AA2e66Aa1F8Df9F6c8Ab-1767238495356,99.99999899999999
0x65ab43bd955738c9c0a5d1fbdd3f30bbdcae2e0f,BUY,0xbfa45527ec959aacc36f7c312bd4f328171a7681ef1aeb3a7e34db5fb47d3f1d,526.315788,0.18999999863199998,1767429367,Maduro in U.S. custody by January 31?,maduro-in-us-custody-by-january-31,maduro-in-us-custody-by-january-31,Yes,0,VenezuelaFree,99.99999899999999
0x0c4f5b1295f39cf505679209a22adbafe61c0f33,BUY,0xbfa45527ec959aacc36f7c312bd4f328171a7681ef1aeb3a7e34db5fb47d3f1d,100.908172,0.99099999552068,1767433981,Maduro in U.S. custody by January 31?,maduro-in-us-custody-by-january-31,maduro-in-us-custody-by-january-31,Yes,0,Impossible-Is-Possible,99.99999799999999
0xe86659c3d80e3cc6af2457cff1311be5d80e4999,BUY,0xbfa45527ec959aacc36f7c312bd4f328171a7681ef1aeb3a7e34db5fb47d3f1d,113.636358,0.879999999648,1767430405,Maduro in U.S. custody by January 31?,maduro-in-us-custody-by-january-31,maduro-in-us-custody-by-january-31,No,1,0xE86659c3d80e3CC6Af2457cFf1311Be5D80e4999-1766315914293,99.999995
0x9ebee5201d9e5c2df729eaa8cb458770edfbe5dd,BUY,0xbfa45527ec959aacc36f7c312bd4f328171a7681ef1aeb3a7e34db5fb47d3f1d,112.359545,0.889999999555,1767430607,Maduro in U.S. custody by January 31?,maduro-in-us-custody-by-january-31,maduro-in-us-custody-by-january-31,No,1,yfj,99.999995
0xec95c788a8c161a83e2266b499709c983089f4ad,BUY,0xbfa45527ec959aacc36f7c312bd4f328171a7681ef1aeb3a7e34db5fb47d3f1d,112.359545,0.889999999555,1767430607,Maduro in U.S. custody by January 31?,maduro-in-us-custody-by-january-31,maduro-in-us-custody-by-january-31,No,1,conorm,99.999995
0xa408a621ae6db857b18086a4986a34700b1dd831,BUY,0xbfa45527ec959aacc36f7c312bd4f328171a7681ef1aeb3a7e34db5fb47d3f1d,100.806375,0.992,1767434941,Maduro in U.S. custody by January 31?,maduro-in-us-custody-by-january-31,maduro-in-us-custody-by-january-31,Yes,0,Celstef,99.99992400000001
0xa408a621ae6db857b18086a4986a34700b1dd831,BUY,0xbfa45527ec959aacc36f7c312bd4f328171a7681ef1aeb3a7e34db5fb47d3f1d,100.806375,0.992,1767434887,Maduro in U.S. custody by January 31?,maduro-in-us-custody-by-january-31,maduro-in-us-custody-by-january-31,Yes,0,Celstef,99.99992400000001
0xa408a621ae6db857b18086a4986a34700b1dd831,BUY,0xbfa45527ec959aacc36f7c312bd4f328171a7681ef1aeb3a7e34db5fb47d3f1d,100.806375,0.992,1767434879,Maduro in U.S. custody by January 31?,maduro-in-us-custody-by-january-31,maduro-in-us-custody-by-january-31,Yes,0,Celstef,99.99992400000001
0xa408a621ae6db857b18086a4986a34700b1dd831,BUY,0xbfa45527ec959aacc36f7c312bd4f328171a7681ef1aeb3a7e34db5fb47d3f1d,100.806375,0.992,1767434791,Maduro in U.S. custody by January 31?,maduro-in-us-custody-by-january-31,maduro-in-us-custody-by-january-31,Yes,0,Celstef,99.99992400000001
0xa408a621ae6db857b18086a4986a34700b1dd831,BUY,0xbfa45527ec959aacc36f7c312bd4f328171a7681ef1aeb3a7e34db5fb47d3f1d,100.704857,0.9929999999900699,1767435219,Maduro in U.S. custody by January 31?,maduro-in-us-custody-by-january-31,maduro-in-us-custody-by-january-31,Yes,0,Celstef,99.999923
0xa408a621ae6db857b18086a4986a34700b1dd831,BUY,0xbfa45527ec959aacc36f7c312bd4f328171a7681ef1aeb3a7e34db5fb47d3f1d,100.704857,0.9929999999900699,1767435165,Maduro in U.S. custody by January 31?,maduro-in-us-custody-by-january-31,maduro-in-us-custody-by-january-31,Yes,0,Celstef,99.999923
0xc31ac1b235a76e974c36d5d631ae0cd4dbce94f7,SELL,0xbfa45527ec959aacc36f7c312bd4f328171a7681ef1aeb3a7e34db5fb47d3f1d,100.1,0.999,1767552635,Maduro in U.S. custody by January 31?,maduro-in-us-custody-by-january-31,maduro-in-us-custody-by-january-31,Yes,0,voldemorthagrid,99.9999
0xd7ae6e34696556cb6f3e5e8c09547bde4599c5cd,BUY,0xbfa45527ec959aacc36f7c312bd4f328171a7681ef1aeb3a7e34db5fb47d3f1d,100.1,0.999,1767458713,Maduro in U.S. custody by January 31?,maduro-in-us-custody-by-january-31,maduro-in-us-custody-by-january-31,Yes,0,yakovizzy,99.9999
0xd7ae6e34696556cb6f3e5e8c09547bde4599c5cd,SELL,0xbfa45527ec959aacc36f7c312bd4f328171a7681ef1aeb3a7e34db5fb47d3f1d,100.1,0.999,1767558347,Maduro in U.S. custody by January 31?,maduro-in-us-custody-by-january-31,maduro-in-us-custody-by-january-31,Yes,0,yakovizzy,99.9999
0xc31ac1b235a76e974c36d5d631ae0cd4dbce94f7,BUY,0xbfa45527ec959aacc36f7c312bd4f328171a7681ef1aeb3a7e34db5fb47d3f1d,100.1,0.999,1767471647,Maduro in U.S. custody by January 31?,maduro-in-us-custody-by-january-31,maduro-in-us-custody-by-january-31,Yes,0,voldemorthagrid,99.9999
0xa408a621ae6db857b18086a4986a34700b1dd831,BUY,0xbfa45527ec959aacc36f7c312bd4f328171a7681ef1aeb3a7e34db5fb47d3f1d,100.300666,0.99699999998006,1767436365,Maduro in U.S. custody by January 31?,maduro-in-us-custody-by-january-31,maduro-in-us-custody-by-january-31,Yes,0,Celstef,99.99976400000001
0x7ea7bcd658a253bfa78618a8e127cc73b54879ac,BUY,0xbfa45527ec959aacc36f7c312bd4f328171a7681ef1aeb3a7e34db5fb47d3f1d,100.0,0.999,1767542857,Maduro in U.S. custody by January 31?,maduro-in-us-custody-by-january-31,maduro-in-us-custody-by-january-31,Yes,0,Monopoly_Money,99.9
0x0524023958973e608af9fd0c753c409bd9421479,BUY,0xbfa45527ec959aacc36f7c312bd4f328171a7681ef1aeb3a7e34db5fb47d3f1d,100.0,0.999,1767516353,Maduro in U.S. custody by January 31?,maduro-in-us-custody-by-january-31,maduro-in-us-custody-by-january-31,Yes,0,0x0524023958973E608aF9fd0c753c409Bd9421479-1756619843218,99.9
0x30b2ddfce2d85344b4bb5964b283b7d02c2e1a36,SELL,0xbfa45527ec959aacc36f7c312bd4f328171a7681ef1aeb3a7e34db5fb47d3f1d,100.0,0.999,1767559923,Maduro in U.S. custody by January 31?,maduro-in-us-custody-by-january-31,maduro-in-us-custody-by-january-31,Yes,0,NeevS,99.9
0x082c82afbc8ee9406c5a9b3ee7a2084ed9bef89e,BUY,0xbfa45527ec959aacc36f7c312bd4f328171a7681ef1aeb3a7e34db5fb47d3f1d,30018.0675,0.003327995714580894,1767440751,Maduro in U.S. custody by January 31?,maduro-in-us-custody-by-january-31,maduro-in-us-custody-by-january-31,No,1,TheLastKingOfBosnia,99.9
0x9800353754ff4af69601d07db0fd68385d7fd1c7,SELL,0xbfa45527ec959aacc36f7c312bd4f328171a7681ef1aeb3a7e34db5fb47d3f1d,100.0,0.999,1767636789,Maduro in U.S. custody by January 31?,maduro-in-us-custody-by-january-31,maduro-in-us-custody-by-january-31,Yes,0,greytorg,99.9
0x9f83f83bdfc209c6fade8a2c77ea9667e9176cd9,BUY,0xbfa45527ec959aacc36f7c312bd4f328171a7681ef1aeb3a7e34db5fb47d3f1d,100.0,0.997,1767442253,Maduro in U.S. custody by January 31?,maduro-in-us-custody-by-january-31,maduro-in-us-custody-by-january-31,Yes,0,Naropoly,99.7
0xa591e383d23edd5e6bbec59b49502b5ab7789079,SELL,0xbfa45527ec959aacc36f7c312bd4f328171a7681ef1aeb3a7e34db5fb47d3f1d,100.0,0.997,1767435929,Maduro in U.S. custody by January 31?,maduro-in-us-custody-by-january-31,maduro-in-us-custody-by-january-31,Yes,0,Hull,99.7
0x30b2ddfce2d85344b4bb5964b283b7d02c2e1a36,BUY,0xbfa45527ec959aacc36f7c312bd4f328171a7681ef1aeb3a7e34db5fb47d3f1d,100.0,0.997,1767456749,Maduro in U.S. custody by January 31?,maduro-in-us-custody-by-january-31,maduro-in-us-custody-by-january-31,Yes,0,NeevS,99.7
0xbc8d21093f7bd1b8508784776261120443b116e7,BUY,0xbfa45527ec959aacc36f7c312bd4f328171a7681ef1aeb3a7e34db5fb47d3f1d,99550.0,0.001,1767708105,Maduro in U.S. custody by January 31?,maduro-in-us-custody-by-january-31,maduro-in-us-custody-by-january-31,No,1,benzotrade,99.55
0x9800353754ff4af69601d07db0fd68385d7fd1c7,BUY,0xbfa45527ec959aacc36f7c312bd4f328171a7681ef1aeb3a7e34db5fb47d3f1d,100.0,0.9886501,1767433163,Maduro in U.S. custody by January 31?,maduro-in-us-custody-by-january-31,maduro-in-us-custody-by-january-31,Yes,0,greytorg,98.86501
0x0764e60776113f9b43cb3c3723253723b8c16e11,BUY,0xbfa45527ec959aacc36f7c312bd4f328171a7681ef1aeb3a7e34db5fb47d3f1d,109.08,0.9,1767430879,Maduro in U.S. custody by January 31?,maduro-in-us-custody-by-january-31,maduro-in-us-custody-by-january-31,No,1,0x0764e60776113F9b43cB3c3723253723b8c16E11-1766771151746,98.172
0x0764e60776113f9b43cb3c3723253723b8c16e11,BUY,0xbfa45527ec959aacc36f7c312bd4f328171a7681ef1aeb3a7e34db5fb47d3f1d,106.68,0.92,1767431511,Maduro in U.S. custody by January 31?,maduro-in-us-custody-by-january-31,maduro-in-us-custody-by-january-31,No,1,0x0764e60776113F9b43cB3c3723253723b8c16E11-1766771151746,98.14560000000002
0xf25b97c7b6b9cc2a8f898ae3bdf157781a6882d0,BUY,0xbfa45527ec959aacc36f7c312bd4f328171a7681ef1aeb3a7e34db5fb47d3f1d,100.0,0.98,1767432521,Maduro in U.S. custody by January 31?,maduro-in-us-custody-by-january-31,maduro-in-us-custody-by-january-31,Yes,0,tymedu,98.0
0x7fd2f5026d6c8364ce100a206ad24c0688d3a3e5,BUY,0xbfa45527ec959aacc36f7c312bd4f328171a7681ef1aeb3a7e34db5fb47d3f1d,96.286,0.999,1767524821,Maduro in U.S. custody by January 31?,maduro-in-us-custody-by-january-31,maduro-in-us-custody-by-january-31,Yes,0,0x7fD2F5026D6c8364Ce100a206Ad24C0688D3A3E5-1761637477259,96.189714
0x7fd2f5026d6c8364ce100a206ad24c0688d3a3e5,BUY,0xbfa45527ec959aacc36f7c312bd4f328171a7681ef1aeb3a7e34db5fb47d3f1d,96.186,0.999,1767524879,Maduro in U.S. custody by January 31?,maduro-in-us-custody-by-january-31,maduro-in-us-custody-by-january-31,Yes,0,0x7fD2F5026D6c8364Ce100a206Ad24C0688D3A3E5-1761637477259,96.089814
0x7fd2f5026d6c8364ce100a206ad24c0688d3a3e5,SELL,0xbfa45527ec959aacc36f7c312bd4f328171a7681ef1aeb3a7e34db5fb47d3f1d,96.28,0.998,1767524849,Maduro in U.S. custody by January 31?,maduro-in-us-custody-by-january-31,maduro-in-us-custody-by-january-31,Yes,0,0x7fD2F5026D6c8364Ce100a206Ad24C0688D3A3E5-1761637477259,96.08744
0xdbadbc55778d44643efabdde735e2f0b35d42429,SELL,0xbfa45527ec959aacc36f7c312bd4f328171a7681ef1aeb3a7e34db5fb47d3f1d,100.0,0.96,1767432585,Maduro in U.S. custody by January 31?,maduro-in-us-custody-by-january-31,maduro-in-us-custody-by-january-31,Yes,0,MButts87,96.0
0x7fd2f5026d6c8364ce100a206ad24c0688d3a3e5,BUY,0xbfa45527ec959aacc36f7c312bd4f328171a7681ef1aeb3a7e34db5fb47d3f1d,96.096,0.999,1767524947,Maduro in U.S. custody by January 31?,maduro-in-us-custody-by-january-31,maduro-in-us-custody-by-january-31,Yes,0,0x7fD2F5026D6c8364Ce100a206Ad24C0688D3A3E5-1761637477259,95.999904
0x7fd2f5026d6c8364ce100a206ad24c0688d3a3e5,SELL,0xbfa45527ec959aacc36f7c312bd4f328171a7681ef1aeb3a7e34db5fb47d3f1d,96.19,0.998,1767524915,Maduro in U.S. custody by January 31?,maduro-in-us-custody-by-january-31,maduro-in-us-custody-by-january-31,Yes,0,0x7fD2F5026D6c8364Ce100a206Ad24C0688D3A3E5-1761637477259,95.99762
0x7fd2f5026d6c8364ce100a206ad24c0688d3a3e5,BUY,0xbfa45527ec959aacc36f7c312bd4f328171a7681ef1aeb3a7e34db5fb47d3f1d,95.995,0.999,1767525027,Maduro in U.S. custody by January 31?,maduro-in-us-custody-by-january-31,maduro-in-us-custody-by-january-31,Yes,0,0x7fD2F5026D6c8364Ce100a206Ad24C0688D3A3E5-1761637477259,95.899005
0x7fd2f5026d6c8364ce100a206ad24c0688d3a3e5,SELL,0xbfa45527ec959aacc36f7c312bd4f328171a7681ef1aeb3a7e34db5fb47d3f1d,96.09,0.998,1767524981,Maduro in U.S. custody by January 31?,maduro-in-us-custody-by-january-31,maduro-in-us-custody-by-january-31,Yes,0,0x7fD2F5026D6c8364Ce100a206Ad24C0688D3A3E5-1761637477259,95.89782000000001
0x7fd2f5026d6c8364ce100a206ad24c0688d3a3e5,SELL,0xbfa45527ec959aacc36f7c312bd4f328171a7681ef1aeb3a7e34db5fb47d3f1d,96.0,0.998,1767525059,Maduro in U.S. custody by January 31?,maduro-in-us-custody-by-january-31,maduro-in-us-custody-by-january-31,Yes,0,0x7fD2F5026D6c8364Ce100a206Ad24C0688D3A3E5-1761637477259,95.80799999999999
0x12d10ec5166599676f2288155019a938138084ea,BUY,0xbfa45527ec959aacc36f7c312bd4f328171a7681ef1aeb3a7e34db5fb47d3f1d,125.4428,0.7349963489335378,1767432275,Maduro in U.S. custody by January 31?,maduro-in-us-custody-by-january-31,maduro-in-us-custody-by-january-31,Yes,0,egormzv,92.2
0xcf6a714618a328c608a1c70cb62a31a6bef3f9d0,BUY,0xbfa45527ec959aacc36f7c312bd4f328171a7681ef1aeb3a7e34db5fb47d3f1d,100.0,0.92,1767432179,Maduro in U.S. custody by January 31?,maduro-in-us-custody-by-january-31,maduro-in-us-custody-by-january-31,Yes,0,KnureKnume,92.0
0x0143efa2d843f9284367baca4029ef038728ed7e,BUY,0xbfa45527ec959aacc36f7c312bd4f328171a7681ef1aeb3a7e34db5fb47d3f1d,91.691,0.999,1767524821,Maduro in U.S. custody by January 31?,maduro-in-us-custody-by-january-31,maduro-in-us-custody-by-january-31,Yes,0,0x0143EFA2d843f9284367bAcA4029eF038728Ed7e-1761637477970,91.599309
0x0143efa2d843f9284367baca4029ef038728ed7e,BUY,0xbfa45527ec959aacc36f7c312bd4f328171a7681ef1aeb3a7e34db5fb47d3f1d,91.601,0.999,1767524879,Maduro in U.S. custody by January 31?,maduro-in-us-custody-by-january-31,maduro-in-us-custody-by-january-31,Yes,0,0x0143EFA2d843f9284367bAcA4029eF038728Ed7e-1761637477970,91.509399
0x0143efa2d843f9284367baca4029ef038728ed7e,SELL,0xbfa45527ec959aacc36f7c312bd4f328171a7681ef1aeb3a7e34db5fb47d3f1d,91.69,0.998,1767524849,Maduro in U.S. custody by January 31?,maduro-in-us-custody-by-january-31,maduro-in-us-custody-by-january-31,Yes,0,0x0143EFA2d843f9284367bAcA4029eF038728Ed7e-1761637477970,91.50662
0x0143efa2d843f9284367baca4029ef038728ed7e,SELL,0xbfa45527ec959aacc36f7c312bd4f328171a7681ef1aeb3a7e34db5fb47d3f1d,91.6,0.998,1767524915,Maduro in U.S. custody by January 31?,maduro-in-us-custody-by-january-31,maduro-in-us-custody-by-january-31,Yes,0,0x0143EFA2d843f9284367bAcA4029eF038728Ed7e-1761637477970,91.4168
0x0143efa2d843f9284367baca4029ef038728ed7e,BUY,0xbfa45527ec959aacc36f7c312bd4f328171a7681ef1aeb3a7e34db5fb47d3f1d,91.501,0.999,1767524949,Maduro in U.S. custody by January 31?,maduro-in-us-custody-by-january-31,maduro-in-us-custody-by-january-31,Yes,0,0x0143EFA2d843f9284367bAcA4029eF038728Ed7e-1761637477970,91.40949900000001
0x0143efa2d843f9284367baca4029ef038728ed7e,BUY,0xbfa45527ec959aacc36f7c312bd4f328171a7681ef1aeb3a7e34db5fb47d3f1d,91.411,0.999,1767525027,Maduro in U.S. custody by January 31?,maduro-in-us-custody-by-january-31,maduro-in-us-custody-by-january-31,Yes,0,0x0143EFA2d843f9284367bAcA4029eF038728Ed7e-1761637477970,91.31958900000001
0x0143efa2d843f9284367baca4029ef038728ed7e,SELL,0xbfa45527ec959aacc36f7c312bd4f328171a7681ef1aeb3a7e34db5fb47d3f1d,91.5,0.998,1767524981,Maduro in U.S. custody by January 31?,maduro-in-us-custody-by-january-31,maduro-in-us-custody-by-january-31,Yes,0,0x0143EFA2d843f9284367bAcA4029eF038728Ed7e-1761637477970,91.317
0x0143efa2d843f9284367baca4029ef038728ed7e,SELL,0xbfa45527ec959aacc36f7c312bd4f328171a7681ef1aeb3a7e34db5fb47d3f1d,91.41,0.998,1767525059,Maduro in U.S. custody by January 31?,maduro-in-us-custody-by-january-31,maduro-in-us-custody-by-january-31,Yes,0,0x0143EFA2d843f9284367bAcA4029eF038728Ed7e-1761637477970,91.22717999999999
0xc0b72ca81a2a99d104e64a4f9ac25155a3586936,BUY,0xbfa45527ec959aacc36f7c312bd4f328171a7681ef1aeb3a7e34db5fb47d3f1d,100.0,0.91,1767431885,Maduro in U.S. custody by January 31?,maduro-in-us-custody-by-january-31,maduro-in-us-custody-by-january-31,No,1,EdolE,91.0
0xbb9c165825e9f233d1f611b50b193fe94513072b,BUY,0xbfa45527ec959aacc36f7c312bd4f328171a7681ef1aeb3a7e34db5fb47d3f1d,94.0,0.9630851063829787,1767432715,Maduro in U.S. custody by January 31?,maduro-in-us-custody-by-january-31,maduro-in-us-custody-by-january-31,Yes,0,jesterthegoose,90.53
0x7880482c7485f5a9731bc9fc1894040e95d06e74,BUY,0xbfa45527ec959aacc36f7c312bd4f328171a7681ef1aeb3a7e34db5fb47d3f1d,90000.0,0.001,1767698305,Maduro in U.S. custody by January 31?,maduro-in-us-custody-by-january-31,maduro-in-us-custody-by-january-31,No,1,0xsuperstring,90.0
0x010f8748b55a86cbb31a5ebbd8b0d702d2207730,SELL,0xbfa45527ec959aacc36f7c312bd4f328171a7681ef1aeb3a7e34db5fb47d3f1d,90.9,0.981,1767433115,Maduro in U.S. custody by January 31?,maduro-in-us-custody-by-january-31,maduro-in-us-custody-by-january-31,Yes,0,pferrari,89.1729
0xfbfd14dd4bb607373119de95f1d4b21c3b6c0029,BUY,0xbfa45527ec959aacc36f7c312bd4f328171a7681ef1aeb3a7e34db5fb47d3f1d,100.0,0.89,1767430743,Maduro in U.S. custody by January 31?,maduro-in-us-custody-by-january-31,maduro-in-us-custody-by-january-31,No,1,XAEA12Archangel,89.0
0x91c7f544a6efad9825185c2bca1f1a95cc92b576,BUY,0xbfa45527ec959aacc36f7c312bd4f328171a7681ef1aeb3a7e34db5fb47d3f1d,100.0,0.88,1767430407,Maduro in U.S. custody by January 31?,maduro-in-us-custody-by-january-31,maduro-in-us-custody-by-january-31,No,1,frosique1,88.0
0xdd287fd025c76163eeb23345c3a8595f728a374a,BUY,0xbfa45527ec959aacc36f7c312bd4f328171a7681ef1aeb3a7e34db5fb47d3f1d,2192.0,0.04,1767432771,Maduro in U.S. custody by January 31?,maduro-in-us-custody-by-january-31,maduro-in-us-custody-by-january-31,No,1,WatchTheTape,87.68
0x4b0f6096475d01f4f213f8e48b59ffaca09b840e,SELL,0xbfa45527ec959aacc36f7c312bd4f328171a7681ef1aeb3a7e34db5fb47d3f1d,90.9,0.96,1767432541,Maduro in U.S. custody by January 31?,maduro-in-us-custody-by-january-31,maduro-in-us-custody-by-january-31,Yes,0,Corgi,87.264
0x32d1623dddbd4841a98da71e47f0436d2ef2b949,BUY,0xbfa45527ec959aacc36f7c312bd4f328171a7681ef1aeb3a7e34db5fb47d3f1d,6208.99,0.013984126242754458,1767433969,Maduro in U.S. custody by January 31?,maduro-in-us-custody-by-january-31,maduro-in-us-custody-by-january-31,No,1,rickyvaughn,86.82730000000001
0x2b366034b69b64a444406b2db7ec1ff7869c473b,SELL,0xbfa45527ec959aacc36f7c312bd4f328171a7681ef1aeb3a7e34db5fb47d3f1d,85.85,0.998,1767468475,Maduro in U.S. custody by January 31?,maduro-in-us-custody-by-january-31,maduro-in-us-custody-by-january-31,Yes,0,,85.6783
0x0764e60776113f9b43cb3c3723253723b8c16e11,BUY,0xbfa45527ec959aacc36f7c312bd4f328171a7681ef1aeb3a7e34db5fb47d3f1d,93.6,0.9,1767430823,Maduro in U.S. custody by January 31?,maduro-in-us-custody-by-january-31,maduro-in-us-custody-by-january-31,No,1,0x0764e60776113F9b43cB3c3723253723b8c16E11-1766771151746,84.24
0x254a1e027b46452e914a6194f6e0d32111a3eef8,BUY,0xbfa45527ec959aacc36f7c312bd4f328171a7681ef1aeb3a7e34db5fb47d3f1d,83.083909,0.988999999987964,1767433297,Maduro in U.S. custody by January 31?,maduro-in-us-custody-by-january-31,maduro-in-us-custody-by-january-31,Yes,0,,82.16998600000001
0x329529e574926056dad6627e9677eef8511270f6,BUY,0xbfa45527ec959aacc36f7c312bd4f328171a7681ef1aeb3a7e34db5fb47d3f1d,83.0,0.98,1767432843,Maduro in U.S. custody by January 31?,maduro-in-us-custody-by-january-31,maduro-in-us-custody-by-january-31,Yes,0,thejoker96,81.34
0x4566684911226d1f148c8177348cb61b55ba5319,BUY,0xbfa45527ec959aacc36f7c312bd4f328171a7681ef1aeb3a7e34db5fb47d3f1d,20000.0,0.004,1767455977,Maduro in U.S. custody by January 31?,maduro-in-us-custody-by-january-31,maduro-in-us-custody-by-january-31,No,1,0x4566684911226d1F148c8177348Cb61B55BA5319-1767289494630,80.0
0x4abc069e18acc1d65ddaed32c269759034203f48,BUY,0xbfa45527ec959aacc36f7c312bd4f328171a7681ef1aeb3a7e34db5fb47d3f1d,80000.0,0.001,1767567825,Maduro in U.S. custody by January 31?,maduro-in-us-custody-by-january-31,maduro-in-us-custody-by-january-31,No,1,0x4Abc069E18acC1D65DdaeD32c269759034203f48-1766702737937,80.0
0x169b8e2a1d5a3e9d840a08074a090afa82a730c9,BUY,0xbfa45527ec959aacc36f7c312bd4f328171a7681ef1aeb3a7e34db5fb47d3f1d,90.0,0.86,1767429843,Maduro in U.S. custody by January 31?,maduro-in-us-custody-by-january-31,maduro-in-us-custody-by-january-31,No,1,pdlh,77.4
0x562bc8068347268d9a69b8dd464d00eed0f9dc09,BUY,0xbfa45527ec959aacc36f7c312bd4f328171a7681ef1aeb3a7e34db5fb47d3f1d,74.4,0.996,1767436531,Maduro in U.S. custody by January 31?,maduro-in-us-custody-by-january-31,maduro-in-us-custody-by-january-31,Yes,0,SweetChariot,74.1024
0x357ecb1969b0a288d37e6a28223e620ef2082a0c,BUY,0xbfa45527ec959aacc36f7c312bd4f328171a7681ef1aeb3a7e34db5fb47d3f1d,399.0,0.18,1767428849,Maduro in U.S. custody by January 31?,maduro-in-us-custody-by-january-31,maduro-in-us-custody-by-january-31,Yes,0,MasonsConqueredRome,71.82
0x0c1c6517335eefc19d53cabed5fb661279221a41,BUY,0xbfa45527ec959aacc36f7c312bd4f328171a7681ef1aeb3a7e34db5fb47d3f1d,70520.0,0.001,1767546665,Maduro in U.S. custody by January 31?,maduro-in-us-custody-by-january-31,maduro-in-us-custody-by-january-31,No,1,0x0C1c6517335EeFC19D53CABed5FB661279221a41-1767544512704,70.52
0x2b366034b69b64a444406b2db7ec1ff7869c473b,SELL,0xbfa45527ec959aacc36f7c312bd4f328171a7681ef1aeb3a7e34db5fb47d3f1d,68.68,0.998,1767516681,Maduro in U.S. custody by January 31?,maduro-in-us-custody-by-january-31,maduro-in-us-custody-by-january-31,Yes,0,,68.54264
0x1e288bdec2301b3d3968f511fb58dbe01f8acfaf,BUY,0xbfa45527ec959aacc36f7c312bd4f328171a7681ef1aeb3a7e34db5fb47d3f1d,68.136271,0.9979999932781763,1767476599,Maduro in U.S. custody by January 31?,maduro-in-us-custody-by-january-31,maduro-in-us-custody-by-january-31,Yes,0,AltVanguard,67.99999799999999
0x600696b093a02580daddac08c26320dce8e5f585,BUY,0xbfa45527ec959aacc36f7c312bd4f328171a7681ef1aeb3a7e34db5fb47d3f1d,67.0,0.999,1767519153,Maduro in U.S. custody by January 31?,maduro-in-us-custody-by-january-31,maduro-in-us-custody-by-january-31,Yes,0,433444,66.933
0x600696b093a02580daddac08c26320dce8e5f585,SELL,0xbfa45527ec959aacc36f7c312bd4f328171a7681ef1aeb3a7e34db5fb47d3f1d,67.0,0.998,1767520927,Maduro in U.S. custody by January 31?,maduro-in-us-custody-by-january-31,maduro-in-us-custody-by-january-31,Yes,0,433444,66.866
0xfd2b117412a698f322b0cd18d6827dad262b8e50,BUY,0xbfa45527ec959aacc36f7c312bd4f328171a7681ef1aeb3a7e34db5fb47d3f1d,404.76,0.16382942978555193,1767432111,Maduro in U.S. custody by January 31?,maduro-in-us-custody-by-january-31,maduro-in-us-custody-by-january-31,Yes,0,surf,66.3116
0x8e766c432af52ad0b9e7980db7d63829a4d09ba4,SELL,0xbfa45527ec959aacc36f7c312bd4f328171a7681ef1aeb3a7e34db5fb47d3f1d,63.08,0.99,1767433335,Maduro in U.S. custody by January 31?,maduro-in-us-custody-by-january-31,maduro-in-us-custody-by-january-31,Yes,0,ConfidentIgnorant,62.4492
0x8e766c432af52ad0b9e7980db7d63829a4d09ba4,BUY,0xbfa45527ec959aacc36f7c312bd4f328171a7681ef1aeb3a7e34db5fb47d3f1d,63.08,0.9896341154090045,1767433191,Maduro in U.S. custody by January 31?,maduro-in-us-custody-by-january-31,maduro-in-us-custody-by-january-31,Yes,0,ConfidentIgnorant,62.42612
0xb045c852b8035b3223453efe3754bb33e9e0a204,BUY,0xbfa45527ec959aacc36f7c312bd4f328171a7681ef1aeb3a7e34db5fb47d3f1d,61.631,0.999,1767507217,Maduro in U.S. custody by January 31?,maduro-in-us-custody-by-january-31,maduro-in-us-custody-by-january-31,Yes,0,billetera,61.569369
0xb045c852b8035b3223453efe3754bb33e9e0a204,SELL,0xbfa45527ec959aacc36f7c312bd4f328171a7681ef1aeb3a7e34db5fb47d3f1d,61.63,0.998,1767507447,Maduro in U.S. custody by January 31?,maduro-in-us-custody-by-january-31,maduro-in-us-custody-by-january-31,Yes,0,billetera,61.50674
0x9128f18762f12beae76548fe34376613a2784470,BUY,0xbfa45527ec959aacc36f7c312bd4f328171a7681ef1aeb3a7e34db5fb47d3f1d,61.4525,0.998,1767443189,Maduro in U.S. custody by January 31?,maduro-in-us-custody-by-january-31,maduro-in-us-custody-by-january-31,Yes,0,,61.329595
0x036cb0df35ba49f56ddc1a7c4111268d10fb8296,BUY,0xbfa45527ec959aacc36f7c312bd4f328171a7681ef1aeb3a7e34db5fb47d3f1d,60.87,0.999,1767527975,Maduro in U.S. custody by January 31?,maduro-in-us-custody-by-january-31,maduro-in-us-custody-by-january-31,Yes,0,san333,60.809129999999996
0xae3f82b749ec4690a4130ff0466779392a1d5d56,SELL,0xbfa45527ec959aacc36f7c312bd4f328171a7681ef1aeb3a7e34db5fb47d3f1d,60.0,0.999,1767724433,Maduro in U.S. custody by January 31?,maduro-in-us-custody-by-january-31,maduro-in-us-custody-by-january-31,Yes,0,0xae3f82B749EC4690A4130Ff0466779392A1D5D56-1760076259280,59.94
0x9128f18762f12beae76548fe34376613a2784470,SELL,0xbfa45527ec959aacc36f7c312bd4f328171a7681ef1aeb3a7e34db5fb47d3f1d,59.58,0.999,1767568961,Maduro in U.S. custody by January 31?,maduro-in-us-custody-by-january-31,maduro-in-us-custody-by-january-31,Yes,0,,59.52042
0xc4698506ad6442c9dcb08b783c64eb9407440067,BUY,0xbfa45527ec959aacc36f7c312bd4f328171a7681ef1aeb3a7e34db5fb47d3f1d,57.057,0.999,1767491539,Maduro in U.S. custody by January 31?,maduro-in-us-custody-by-january-31,maduro-in-us-custody-by-january-31,Yes,0,waershiwu,56.999943
0x2b366034b69b64a444406b2db7ec1ff7869c473b,BUY,0xbfa45527ec959aacc36f7c312bd4f328171a7681ef1aeb3a7e34db5fb47d3f1d,57.3673,0.98,1767432501,Maduro in U.S. custody by January 31?,maduro-in-us-custody-by-january-31,maduro-in-us-custody-by-january-31,Yes,0,,56.219954
0xf434e8aee8c7f83ed0d7e36f281383ee1d99c6aa,BUY,0xbfa45527ec959aacc36f7c312bd4f328171a7681ef1aeb3a7e34db5fb47d3f1d,60.38,0.92,1767432405,Maduro in U.S. custody by January 31?,maduro-in-us-custody-by-january-31,maduro-in-us-custody-by-january-31,Yes,0,quick-turtle,55.549600000000005
0x01e780afbdef38366938ab8e7ddd66410db089b4,BUY,0xbfa45527ec959aacc36f7c312bd4f328171a7681ef1aeb3a7e34db5fb47d3f1d,2762.72,0.02,1767433751,Maduro in U.S. custody by January 31?,maduro-in-us-custody-by-january-31,maduro-in-us-custody-by-january-31,No,1,Nicstun,55.2544
0x9cdda449d7cedf1072d74982a5dc2349df3d3e97,BUY,0xbfa45527ec959aacc36f7c312bd4f328171a7681ef1aeb3a7e34db5fb47d3f1d,58.49,0.94,1767432317,Maduro in U.S. custody by January 31?,maduro-in-us-custody-by-january-31,maduro-in-us-custody-by-january-31,Yes,0,Robbb,54.980599999999995
0xb045c852b8035b3223453efe3754bb33e9e0a204,BUY,0xbfa45527ec959aacc36f7c312bd4f328171a7681ef1aeb3a7e34db5fb47d3f1d,55.145333,0.9969999999818661,1767456485,Maduro in U.S. custody by January 31?,maduro-in-us-custody-by-january-31,maduro-in-us-custody-by-january-31,Yes,0,billetera,54.979897
0xf02105d60083d7d74d7e0f9785d79e06137cdf56,BUY,0xbfa45527ec959aacc36f7c312bd4f328171a7681ef1aeb3a7e34db5fb47d3f1d,60.384611,0.909999999834395,1767432085,Maduro in U.S. custody by January 31?,maduro-in-us-custody-by-january-31,maduro-in-us-custody-by-january-31,No,1,MollyParkets,54.949996000000006
0xb045c852b8035b3223453efe3754bb33e9e0a204,SELL,0xbfa45527ec959aacc36f7c312bd4f328171a7681ef1aeb3a7e34db5fb47d3f1d,55.14,0.996,1767459259,Maduro in U.S. custody by January 31?,maduro-in-us-custody-by-january-31,maduro-in-us-custody-by-january-31,Yes,0,billetera,54.91944
0x2b366034b69b64a444406b2db7ec1ff7869c473b,SELL,0xbfa45527ec959aacc36f7c312bd4f328171a7681ef1aeb3a7e34db5fb47d3f1d,54.94,0.998,1767516925,Maduro in U.S. custody by January 31?,maduro-in-us-custody-by-january-31,maduro-in-us-custody-by-january-31,Yes,0,,54.83012
0x8055ae09bfeeac2f46dffe254cc1868f2df444c4,BUY,0xbfa45527ec959aacc36f7c312bd4f328171a7681ef1aeb3a7e34db5fb47d3f1d,54.0,0.999,1767459813,Maduro in U.S. custody by January 31?,maduro-in-us-custody-by-january-31,maduro-in-us-custody-by-january-31,Yes,0,Lisbon,53.946
0x85a9f5954f1cf6a4c9c1da0ca1de3f8b36100808,BUY,0xbfa45527ec959aacc36f7c312bd4f328171a7681ef1aeb3a7e34db5fb47d3f1d,20946.503332,0.002530255248809563,1767493847,Maduro in U.S. custody by January 31?,maduro-in-us-custody-by-january-31,maduro-in-us-custody-by-january-31,No,1,0x85a9F5954F1Cf6A4C9c1Da0Ca1De3f8b36100808-1767490628605,53.00000000000001
0x169b8e2a1d5a3e9d840a08074a090afa82a730c9,BUY,0xbfa45527ec959aacc36f7c312bd4f328171a7681ef1aeb3a7e34db5fb47d3f1d,60.0,0.86,1767429703,Maduro in U.S. custody by January 31?,maduro-in-us-custody-by-january-31,maduro-in-us-custody-by-january-31,No,1,pdlh,51.6
0x71cd083d31d0718d9b2b3af9a5e61ad6fd7c6f61,BUY,0xbfa45527ec959aacc36f7c312bd4f328171a7681ef1aeb3a7e34db5fb47d3f1d,51.15115,0.9989999833825828,1767518609,Maduro in U.S. custody by January 31?,maduro-in-us-custody-by-january-31,maduro-in-us-custody-by-january-31,Yes,0,antifor,51.099998
0x00d570848201f48bccd6d7984815470db28fabae,BUY,0xbfa45527ec959aacc36f7c312bd4f328171a7681ef1aeb3a7e34db5fb47d3f1d,51000.0,0.001,1767647627,Maduro in U.S. custody by January 31?,maduro-in-us-custody-by-january-31,maduro-in-us-custody-by-january-31,No,1,Mogyvse,51.0
0x082c82afbc8ee9406c5a9b3ee7a2084ed9bef89e,BUY,0xbfa45527ec959aacc36f7c312bd4f328171a7681ef1aeb3a7e34db5fb47d3f1d,16680.0,0.003,1767441253,Maduro in U.S. custody by January 31?,maduro-in-us-custody-by-january-31,maduro-in-us-custody-by-january-31,No,1,TheLastKingOfBosnia,50.04
0x793881faa16f1c69813505d91fbc2c0dbfc695cc,BUY,0xbfa45527ec959aacc36f7c312bd4f328171a7681ef1aeb3a7e34db5fb47d3f1d,50000.0,0.001,1767702083,Maduro in U.S. custody by January 31?,maduro-in-us-custody-by-january-31,maduro-in-us-custody-by-january-31,No,1,zeroprobability,50.0
0x8fcca64fea94df2f87b5789d5c955299b9d3261e,BUY,0xbfa45527ec959aacc36f7c312bd4f328171a7681ef1aeb3a7e34db5fb47d3f1d,50000.0,0.001,1767650507,Maduro in U.S. custody by January 31?,maduro-in-us-custody-by-january-31,maduro-in-us-custody-by-january-31,No,1,texportugal,50.0
0x02d520455607977a0a53fee2a5e86ce9c305c9e2,BUY,0xbfa45527ec959aacc36f7c312bd4f328171a7681ef1aeb3a7e34db5fb47d3f1d,50000.0,0.001,1767741335,Maduro in U.S. custody by January 31?,maduro-in-us-custody-by-january-31,maduro-in-us-custody-by-january-31,No,1,aboveall99,50.0
0xec4a1ef2a48aa6ec55eaf622f4e35bc28a078399,BUY,0xbfa45527ec959aacc36f7c312bd4f328171a7681ef1aeb3a7e34db5fb47d3f1d,50000.0,0.001,1767704197,Maduro in U.S. custody by January 31?,maduro-in-us-custody-by-january-31,maduro-in-us-custody-by-january-31,No,1,0xEC4A1ef2A48aa6EC55EaF622f4E35Bc28A078399-1767703782710,50.0
0x232928a26d81355572fc9fd446b6e255c2b8eb12,BUY,0xbfa45527ec959aacc36f7c312bd4f328171a7681ef1aeb3a7e34db5fb47d3f1d,25000.0,0.002,1767496249,Maduro in U.S. custody by January 31?,maduro-in-us-custody-by-january-31,maduro-in-us-custody-by-january-31,No,1,easyy,50.0
0x0a9f4e6acd5573d9ab4493ef8bd5f27542fa1be8,BUY,0xbfa45527ec959aacc36f7c312bd4f328171a7681ef1aeb3a7e34db5fb47d3f1d,50000.0,0.001,1767735469,Maduro in U.S. custody by January 31?,maduro-in-us-custody-by-january-31,maduro-in-us-custody-by-january-31,No,1,0x0A9f4E6Acd5573d9AB4493Ef8BD5f27542FA1BE8-1767734355650,50.0
0x210b56019273a9b88bb53ae67cf234580461a49f,BUY,0xbfa45527ec959aacc36f7c312bd4f328171a7681ef1aeb3a7e34db5fb47d3f1d,16666.666666,0.00300000000012,1767451603,Maduro in U.S. custody by January 31?,maduro-in-us-custody-by-january-31,maduro-in-us-custody-by-january-31,No,1,SAMWISECOIN,50.0
