proxyWallet,side,conditionId,size,price,timestamp,title,slug,eventSlug,outcome,outcomeIndex,name,total_trade_value
0x7131cb618fb195c70e8e629c45199096833c29cc,SELL,0x70705ca527ecbcbdb5ebc5f648a5b0f3e765a0839d5889f6fae7e80c7e036625,24307.13,0.999,1770601543,Will Lady Gaga perform during the Super Bowl LX halftime show?,will-lady-gaga-perform-during-the-super-bowl-lx-halftime-show,who-will-perform-at-super-bowl-halftime-show,Yes,0,0x7131cB618fb195C70E8e629C45199096833C29,24282.82287
0x09ad5862d92d829116ecc6d55c2bf28ab20e819e,SELL,0x70705ca527ecbcbdb5ebc5f648a5b0f3e765a0839d5889f6fae7e80c7e036625,7915.44,0.999,1770600617,Will Lady Gaga perform during the Super Bowl LX halftime show?,will-lady-gaga-perform-during-the-super-bowl-lx-halftime-show,who-will-perform-at-super-bowl-halftime-show,Yes,0,0x09AD5862d92d829116eCc6d55c2BF28aB20E819e-1766240659613,7907.52456
0xec48c76b149c9426eef806e44c68f0b1e5120bd6,SELL,0x70705ca527ecbcbdb5ebc5f648a5b0f3e765a0839d5889f6fae7e80c7e036625,7631.35,0.999,1770600491,Will Lady Gaga perform during the Super Bowl LX halftime show?,will-lady-gaga-perform-during-the-super-bowl-lx-halftime-show,who-will-perform-at-super-bowl-halftime-show,Yes,0,0xEc48C76B149c9426eeF806e44C68f0B1e5120Bd6-1762016533835,7623.718650000001
0x22e4248bdb066f65c9f11cd66cdd3719a28eef1c,SELL,0x70705ca527ecbcbdb5ebc5f648a5b0f3e765a0839d5889f6fae7e80c7e036625,7611.65,0.999,1770603261,Will Lady Gaga perform during the Super Bowl LX halftime show?,will-lady-gaga-perform-during-the-super-bowl-lx-halftime-show,who-will-perform-at-super-bowl-halftime-show,Yes,0,ProfessionalPunter,7604.03835
0x1bc0d88ca86b9049cf05d642e634836d5ddf4429,BUY,0x70705ca527ecbcbdb5ebc5f648a5b0f3e765a0839d5889f6fae7e80c7e036625,5870.997673,0.851644009500189,1770583803,Will Lady Gaga perform during the Super Bowl LX halftime show?,will-lady-gaga-perform-during-the-super-bowl-lx-halftime-show,who-will-perform-at-super-bowl-halftime-show,Yes,0,212121212121212121212,4999.999997999999
0x0b8d2f811ba1c5bc3f1157f5f77a492c4cf4c3a9,SELL,0x70705ca527ecbcbdb5ebc5f648a5b0f3e765a0839d5889f6fae7e80c7e036625,4998.01,0.999,1770603255,Will Lady Gaga perform during the Super Bowl LX halftime show?,will-lady-gaga-perform-during-the-super-bowl-lx-halftime-show,who-will-perform-at-super-bowl-halftime-show,Yes,0,toxro23,4993.01199
0x733d3dbeafe1b9017082223b41f8d72ac82d1ae7,SELL,0x70705ca527ecbcbdb5ebc5f648a5b0f3e765a0839d5889f6fae7e80c7e036625,4387.93,0.999,1770606057,Will Lady Gaga perform during the Super Bowl LX halftime show?,will-lady-gaga-perform-during-the-super-bowl-lx-halftime-show,who-will-perform-at-super-bowl-halftime-show,Yes,0,justgettingby,4383.54207
0xefc9eee85df4347def52da9fdfbfe04b7232b337,BUY,0x70705ca527ecbcbdb5ebc5f648a5b0f3e765a0839d5889f6fae7e80c7e036625,4981.46,0.84,1770583709,Will Lady Gaga perform during the Super Bowl LX halftime show?,will-lady-gaga-perform-during-the-super-bowl-lx-halftime-show,who-will-perform-at-super-bowl-halftime-show,Yes,0,4qfrankie,4184.4264
0xc6dd722558dbfbd8fa780efcbe819ed8c6604b9f,BUY,0x70705ca527ecbcbdb5ebc5f648a5b0f3e765a0839d5889f6fae7e80c7e036625,4528.32,0.9178704906013709,1770596961,Will Lady Gaga perform during the Super Bowl LX halftime show?,will-lady-gaga-perform-during-the-super-bowl-lx-halftime-show,who-will-perform-at-super-bowl-halftime-show,Yes,0,tourists,4156.4113
0xff1768108a73e93f661ac38f0d43ec1bbac35745,SELL,0x70705ca527ecbcbdb5ebc5f648a5b0f3e765a0839d5889f6fae7e80c7e036625,4007.1,0.999,1770604143,Will Lady Gaga perform during the Super Bowl LX halftime show?,will-lady-gaga-perform-during-the-super-bowl-lx-halftime-show,who-will-perform-at-super-bowl-halftime-show,Yes,0,coleybetsmer,4003.0929
0x5ecde7348ea5100af4360dd7a6e0a3fb1d420787,SELL,0x70705ca527ecbcbdb5ebc5f648a5b0f3e765a0839d5889f6fae7e80c7e036625,3919.09,0.999,1770600575,Will Lady Gaga perform during the Super Bowl LX halftime show?,will-lady-gaga-perform-during-the-super-bowl-lx-halftime-show,who-will-perform-at-super-bowl-halftime-show,Yes,0,Mujurry,3915.1709100000003
0x1bc0d88ca86b9049cf05d642e634836d5ddf4429,BUY,0x70705ca527ecbcbdb5ebc5f648a5b0f3e765a0839d5889f6fae7e80c7e036625,4213.68,0.85,1770583429,Will Lady Gaga perform during the Super Bowl LX halftime show?,will-lady-gaga-perform-during-the-super-bowl-lx-halftime-show,who-will-perform-at-super-bowl-halftime-show,Yes,0,212121212121212121212,3581.628
0xb51b3beffd13cde071ed799e70a7b0b598e8b4d9,SELL,0x70705ca527ecbcbdb5ebc5f648a5b0f3e765a0839d5889f6fae7e80c7e036625,2833.41,0.999,1770603777,Will Lady Gaga perform during the Super Bowl LX halftime show?,will-lady-gaga-perform-during-the-super-bowl-lx-halftime-show,who-will-perform-at-super-bowl-halftime-show,Yes,0,cambridgeisaac,2830.5765899999997
0x88b9f63b319064a8ce5aa316e5fa51c575830fc9,BUY,0x70705ca527ecbcbdb5ebc5f648a5b0f3e765a0839d5889f6fae7e80c7e036625,3543.49,0.797715133949863,1770572655,Will Lady Gaga perform during the Super Bowl LX halftime show?,will-lady-gaga-perform-during-the-super-bowl-lx-halftime-show,who-will-perform-at-super-bowl-halftime-show,Yes,0,I-MIGHT-HAVE-A-UTI,2826.6956
0x3dcb429e4b40ff7916d389a7dce53b489596324d,BUY,0x70705ca527ecbcbdb5ebc5f648a5b0f3e765a0839d5889f6fae7e80c7e036625,2828.31265,0.9096731194127353,1770599829,Will Lady Gaga perform during the Super Bowl LX halftime show?,will-lady-gaga-perform-during-the-super-bowl-lx-halftime-show,who-will-perform-at-super-bowl-halftime-show,Yes,0,IOrizen,2572.839991
0x1bc0d88ca86b9049cf05d642e634836d5ddf4429,BUY,0x70705ca527ecbcbdb5ebc5f648a5b0f3e765a0839d5889f6fae7e80c7e036625,2932.01,0.81,1770553839,Will Lady Gaga perform during the Super Bowl LX halftime show?,will-lady-gaga-perform-during-the-super-bowl-lx-halftime-show,who-will-perform-at-super-bowl-halftime-show,Yes,0,212121212121212121212,2374.9281000000005
0x4526964246242015bfa78c294033565be6797a45,SELL,0x70705ca527ecbcbdb5ebc5f648a5b0f3e765a0839d5889f6fae7e80c7e036625,2318.17,0.999,1770601135,Will Lady Gaga perform during the Super Bowl LX halftime show?,will-lady-gaga-perform-during-the-super-bowl-lx-halftime-show,who-will-perform-at-super-bowl-halftime-show,Yes,0,neetbets,2315.85183
0x800b0d7d42224cc2795c0f4e89b683915b4a152a,BUY,0x70705ca527ecbcbdb5ebc5f648a5b0f3e765a0839d5889f6fae7e80c7e036625,2367.07,0.9499155073571969,1770405925,Will Lady Gaga perform during the Super Bowl LX halftime show?,will-lady-gaga-perform-during-the-super-bowl-lx-halftime-show,who-will-perform-at-super-bowl-halftime-show,Yes,0,Poutinesteam,2248.5165
0x22e4248bdb066f65c9f11cd66cdd3719a28eef1c,BUY,0x70705ca527ecbcbdb5ebc5f648a5b0f3e765a0839d5889f6fae7e80c7e036625,2527.86,0.8265458925731647,1770572743,Will Lady Gaga perform during the Super Bowl LX halftime show?,will-lady-gaga-perform-during-the-super-bowl-lx-halftime-show,who-will-perform-at-super-bowl-halftime-show,Yes,0,ProfessionalPunter,2089.3923
0x2e3ed60a4f2d62302dccf9308a03d81273f8235c,BUY,0x70705ca527ecbcbdb5ebc5f648a5b0f3e765a0839d5889f6fae7e80c7e036625,8455.721378,0.23652624177087686,1770594027,Will Lady Gaga perform during the Super Bowl LX halftime show?,will-lady-gaga-perform-during-the-super-bowl-lx-halftime-show,who-will-perform-at-super-bowl-halftime-show,No,1,0x2e3Ed60a4f2D62302DCcf9308A03D81273f8235c-1770590919614,1999.9999990000001
0x842ac934cfff1467f27c167c42c318001e407422,BUY,0x70705ca527ecbcbdb5ebc5f648a5b0f3e765a0839d5889f6fae7e80c7e036625,2261.59063,0.8843333410874629,1770591103,Will Lady Gaga perform during the Super Bowl LX halftime show?,will-lady-gaga-perform-during-the-super-bowl-lx-halftime-show,who-will-perform-at-super-bowl-halftime-show,Yes,0,ChompChomp888,1999.9999980000002
0x6a32a31f2b28c31c016c6a222f2942240d8d0086,BUY,0x70705ca527ecbcbdb5ebc5f648a5b0f3e765a0839d5889f6fae7e80c7e036625,2229.0,0.85,1770467513,Will Lady Gaga perform during the Super Bowl LX halftime show?,will-lady-gaga-perform-during-the-super-bowl-lx-halftime-show,who-will-perform-at-super-bowl-halftime-show,Yes,0,0x6A32A31F2B28c31c016C6A222f2942240d8D0086-1756820952447,1894.6499999999999
0xd8298a15f198d74ed84a7d74821e8e8622b3ffe7,BUY,0x70705ca527ecbcbdb5ebc5f648a5b0f3e765a0839d5889f6fae7e80c7e036625,1996.680464,0.8514131477974936,1770588241,Will Lady Gaga perform during the Super Bowl LX halftime show?,will-lady-gaga-perform-during-the-super-bowl-lx-halftime-show,who-will-perform-at-super-bowl-halftime-show,Yes,0,physik,1699.9999990000001
0xb40e89677d59665d5188541ad860450a6e2a7cc9,SELL,0x70705ca527ecbcbdb5ebc5f648a5b0f3e765a0839d5889f6fae7e80c7e036625,1953.03,0.81,1770577813,Will Lady Gaga perform during the Super Bowl LX halftime show?,will-lady-gaga-perform-during-the-super-bowl-lx-halftime-show,who-will-perform-at-super-bowl-halftime-show,Yes,0,Poligarch,1581.9543
0xe8005ce45a222de67df1bf8515050b96649550de,BUY,0x70705ca527ecbcbdb5ebc5f648a5b0f3e765a0839d5889f6fae7e80c7e036625,4408.474625,0.33549019237011035,1770506287,Will Lady Gaga perform during the Super Bowl LX halftime show?,will-lady-gaga-perform-during-the-super-bowl-lx-halftime-show,who-will-perform-at-super-bowl-halftime-show,No,1,simonster,1479.0
0xa38a455bbdd4b68486548b7e19da99903f4f821d,BUY,0x70705ca527ecbcbdb5ebc5f648a5b0f3e765a0839d5889f6fae7e80c7e036625,1530.39,0.8902659452819216,1770600263,Will Lady Gaga perform during the Super Bowl LX halftime show?,will-lady-gaga-perform-during-the-super-bowl-lx-halftime-show,who-will-perform-at-super-bowl-halftime-show,Yes,0,takeormake,1362.4541000000002
0xff1768108a73e93f661ac38f0d43ec1bbac35745,SELL,0x70705ca527ecbcbdb5ebc5f648a5b0f3e765a0839d5889f6fae7e80c7e036625,1335.69,0.99,1770600313,Will Lady Gaga perform during the Super Bowl LX halftime show?,will-lady-gaga-perform-during-the-super-bowl-lx-halftime-show,who-will-perform-at-super-bowl-halftime-show,Yes,0,coleybetsmer,1322.3331
0x162f6fff88a52864f2ecc9833e58089d5254798d,BUY,0x70705ca527ecbcbdb5ebc5f648a5b0f3e765a0839d5889f6fae7e80c7e036625,1597.72,0.8233603510001752,1770599713,Will Lady Gaga perform during the Super Bowl LX halftime show?,will-lady-gaga-perform-during-the-super-bowl-lx-halftime-show,who-will-perform-at-super-bowl-halftime-show,Yes,0,Valen9,1315.4993
0xc6dd722558dbfbd8fa780efcbe819ed8c6604b9f,BUY,0x70705ca527ecbcbdb5ebc5f648a5b0f3e765a0839d5889f6fae7e80c7e036625,1552.82,0.84,1770585145,Will Lady Gaga perform during the Super Bowl LX halftime show?,will-lady-gaga-perform-during-the-super-bowl-lx-halftime-show,who-will-perform-at-super-bowl-halftime-show,Yes,0,tourists,1304.3688
0x2f190721aeda9a237398e5874052c7704483cba0,SELL,0x70705ca527ecbcbdb5ebc5f648a5b0f3e765a0839d5889f6fae7e80c7e036625,1299.98,0.999,1770604721,Will Lady Gaga perform during the Super Bowl LX halftime show?,will-lady-gaga-perform-during-the-super-bowl-lx-halftime-show,who-will-perform-at-super-bowl-halftime-show,Yes,0,PatternKeep,1298.68002
0xbacd00c9080a82ded56f504ee8810af732b0ab35,BUY,0x70705ca527ecbcbdb5ebc5f648a5b0f3e765a0839d5889f6fae7e80c7e036625,1434.51,0.85,1770587703,Will Lady Gaga perform during the Super Bowl LX halftime show?,will-lady-gaga-perform-during-the-super-bowl-lx-halftime-show,who-will-perform-at-super-bowl-halftime-show,Yes,0,ScottyNooo,1219.3335
0x733d3dbeafe1b9017082223b41f8d72ac82d1ae7,BUY,0x70705ca527ecbcbdb5ebc5f648a5b0f3e765a0839d5889f6fae7e80c7e036625,1427.0,0.84,1770581787,Will Lady Gaga perform during the Super Bowl LX halftime show?,will-lady-gaga-perform-during-the-super-bowl-lx-halftime-show,who-will-perform-at-super-bowl-halftime-show,Yes,0,justgettingby,1198.68
0x800b0d7d42224cc2795c0f4e89b683915b4a152a,BUY,0x70705ca527ecbcbdb5ebc5f648a5b0f3e765a0839d5889f6fae7e80c7e036625,1401.91,0.84,1770486659,Will Lady Gaga perform during the Super Bowl LX halftime show?,will-lady-gaga-perform-during-the-super-bowl-lx-halftime-show,who-will-perform-at-super-bowl-halftime-show,Yes,0,Poutinesteam,1177.6044
0x58aa47a2e3e0396f8c09259d87990db12e56a481,SELL,0x70705ca527ecbcbdb5ebc5f648a5b0f3e765a0839d5889f6fae7e80c7e036625,1138.31,0.999,1770607831,Will Lady Gaga perform during the Super Bowl LX halftime show?,will-lady-gaga-perform-during-the-super-bowl-lx-halftime-show,who-will-perform-at-super-bowl-halftime-show,Yes,0,berboche,1137.17169
0x8ba2b865840fdb4bdd1ddaedb4f0307b4301632c,BUY,0x70705ca527ecbcbdb5ebc5f648a5b0f3e765a0839d5889f6fae7e80c7e036625,1323.663406,0.8461365555043531,1770583055,Will Lady Gaga perform during the Super Bowl LX halftime show?,will-lady-gaga-perform-during-the-super-bowl-lx-halftime-show,who-will-perform-at-super-bowl-halftime-show,Yes,0,orangechicken,1119.999995
0x09ad5862d92d829116ecc6d55c2bf28ab20e819e,BUY,0x70705ca527ecbcbdb5ebc5f648a5b0f3e765a0839d5889f6fae7e80c7e036625,1238.55066,0.8881348414121389,1770457837,Will Lady Gaga perform during the Super Bowl LX halftime show?,will-lady-gaga-perform-during-the-super-bowl-lx-halftime-show,who-will-perform-at-super-bowl-halftime-show,Yes,0,0x09AD5862d92d829116eCc6d55c2BF28aB20E819e-1766240659613,1099.999994
0xde0463ea7f611b065e8ab06bbfbddad75e6dfa37,BUY,0x70705ca527ecbcbdb5ebc5f648a5b0f3e765a0839d5889f6fae7e80c7e036625,1470.0,0.7,1770506801,Will Lady Gaga perform during the Super Bowl LX halftime show?,will-lady-gaga-perform-during-the-super-bowl-lx-halftime-show,who-will-perform-at-super-bowl-halftime-show,Yes,0,mwenya,1029.0
0xcb3f3d09b87f290052f7fbe4adc5be43f27ebb21,SELL,0x70705ca527ecbcbdb5ebc5f648a5b0f3e765a0839d5889f6fae7e80c7e036625,1009.35,0.999,1770600623,Will Lady Gaga perform during the Super Bowl LX halftime show?,will-lady-gaga-perform-during-the-super-bowl-lx-halftime-show,who-will-perform-at-super-bowl-halftime-show,Yes,0,shkreli,1008.34065
0x20081f9a16068587ac9e978f1c24739a51007c40,BUY,0x70705ca527ecbcbdb5ebc5f648a5b0f3e765a0839d5889f6fae7e80c7e036625,3847.35,0.2599191651396416,1770552257,Will Lady Gaga perform during the Super Bowl LX halftime show?,will-lady-gaga-perform-during-the-super-bowl-lx-halftime-show,who-will-perform-at-super-bowl-halftime-show,No,1,ItsOver,1000.0
0x4b2ba966e20dde59fc6df5467ee08ca750072b73,BUY,0x70705ca527ecbcbdb5ebc5f648a5b0f3e765a0839d5889f6fae7e80c7e036625,5612.41724,0.17817634652551242,1770594805,Will Lady Gaga perform during the Super Bowl LX halftime show?,will-lady-gaga-perform-during-the-super-bowl-lx-halftime-show,who-will-perform-at-super-bowl-halftime-show,No,1,0x4B2bA966e20dDe59Fc6dF5467ee08ca750072B73-1770582727023,999.999999
0x495169aa8414a9593d5bc605861e746cc4d77f87,BUY,0x70705ca527ecbcbdb5ebc5f648a5b0f3e765a0839d5889f6fae7e80c7e036625,6222.267893,0.16071310592798355,1770589635,Will Lady Gaga perform during the Super Bowl LX halftime show?,will-lady-gaga-perform-during-the-super-bowl-lx-halftime-show,who-will-perform-at-super-bowl-halftime-show,No,1,LEWISCALAPDI1337,999.999999
0xd547c0ce7f25353c93e450d77ea3dad8a0498a9f,BUY,0x70705ca527ecbcbdb5ebc5f648a5b0f3e765a0839d5889f6fae7e80c7e036625,5631.786665,0.17756354394862364,1770593773,Will Lady Gaga perform during the Super Bowl LX halftime show?,will-lady-gaga-perform-during-the-super-bowl-lx-halftime-show,who-will-perform-at-super-bowl-halftime-show,No,1,MuddyWaters,999.999999
0x09b4211b9673ba8ffe3cbe2199a15084d88ac753,BUY,0x70705ca527ecbcbdb5ebc5f648a5b0f3e765a0839d5889f6fae7e80c7e036625,5771.802172,0.17325611121101328,1770592469,Will Lady Gaga perform during the Super Bowl LX halftime show?,will-lady-gaga-perform-during-the-super-bowl-lx-halftime-show,who-will-perform-at-super-bowl-halftime-show,No,1,Bx2448368V,999.999999
0x842ac934cfff1467f27c167c42c318001e407422,BUY,0x70705ca527ecbcbdb5ebc5f648a5b0f3e765a0839d5889f6fae7e80c7e036625,1139.418763,0.8776404527226483,1770592753,Will Lady Gaga perform during the Super Bowl LX halftime show?,will-lady-gaga-perform-during-the-super-bowl-lx-halftime-show,who-will-perform-at-super-bowl-halftime-show,Yes,0,ChompChomp888,999.9999989999999
0x842ac934cfff1467f27c167c42c318001e407422,BUY,0x70705ca527ecbcbdb5ebc5f648a5b0f3e765a0839d5889f6fae7e80c7e036625,1094.388616,0.9137521940378078,1770597343,Will Lady Gaga perform during the Super Bowl LX halftime show?,will-lady-gaga-perform-during-the-super-bowl-lx-halftime-show,who-will-perform-at-super-bowl-halftime-show,Yes,0,ChompChomp888,999.9999989999999
0x842ac934cfff1467f27c167c42c318001e407422,BUY,0x70705ca527ecbcbdb5ebc5f648a5b0f3e765a0839d5889f6fae7e80c7e036625,1168.529079,0.8557767333062664,1770591485,Will Lady Gaga perform during the Super Bowl LX halftime show?,will-lady-gaga-perform-during-the-super-bowl-lx-halftime-show,who-will-perform-at-super-bowl-halftime-show,Yes,0,ChompChomp888,999.999998
0x3dcb429e4b40ff7916d389a7dce53b489596324d,BUY,0x70705ca527ecbcbdb5ebc5f648a5b0f3e765a0839d5889f6fae7e80c7e036625,1140.837788,0.8765488034482953,1770599951,Will Lady Gaga perform during the Super Bowl LX halftime show?,will-lady-gaga-perform-during-the-super-bowl-lx-halftime-show,who-will-perform-at-super-bowl-halftime-show,Yes,0,IOrizen,999.999998
0x842ac934cfff1467f27c167c42c318001e407422,BUY,0x70705ca527ecbcbdb5ebc5f648a5b0f3e765a0839d5889f6fae7e80c7e036625,1159.979538,0.8620841706606035,1770591847,Will Lady Gaga perform during the Super Bowl LX halftime show?,will-lady-gaga-perform-during-the-super-bowl-lx-halftime-show,who-will-perform-at-super-bowl-halftime-show,Yes,0,ChompChomp888,999.999998
0x842ac934cfff1467f27c167c42c318001e407422,BUY,0x70705ca527ecbcbdb5ebc5f648a5b0f3e765a0839d5889f6fae7e80c7e036625,1170.266975,0.8545058686288229,1770591475,Will Lady Gaga perform during the Super Bowl LX halftime show?,will-lady-gaga-perform-during-the-super-bowl-lx-halftime-show,who-will-perform-at-super-bowl-halftime-show,Yes,0,ChompChomp888,999.999998
0x842ac934cfff1467f27c167c42c318001e407422,BUY,0x70705ca527ecbcbdb5ebc5f648a5b0f3e765a0839d5889f6fae7e80c7e036625,1131.440672,0.8838289295649432,1770594229,Will Lady Gaga perform during the Super Bowl LX halftime show?,will-lady-gaga-perform-during-the-super-bowl-lx-halftime-show,who-will-perform-at-super-bowl-halftime-show,Yes,0,ChompChomp888,999.9999979999999
0x842ac934cfff1467f27c167c42c318001e407422,BUY,0x70705ca527ecbcbdb5ebc5f648a5b0f3e765a0839d5889f6fae7e80c7e036625,1150.827584,0.8689398932585891,1770591867,Will Lady Gaga perform during the Super Bowl LX halftime show?,will-lady-gaga-perform-during-the-super-bowl-lx-halftime-show,who-will-perform-at-super-bowl-halftime-show,Yes,0,ChompChomp888,999.9999979999999
0x842ac934cfff1467f27c167c42c318001e407422,BUY,0x70705ca527ecbcbdb5ebc5f648a5b0f3e765a0839d5889f6fae7e80c7e036625,1127.382021,0.8870107730767156,1770592789,Will Lady Gaga perform during the Super Bowl LX halftime show?,will-lady-gaga-perform-during-the-super-bowl-lx-halftime-show,who-will-perform-at-super-bowl-halftime-show,Yes,0,ChompChomp888,999.9999979999999
0x842ac934cfff1467f27c167c42c318001e407422,BUY,0x70705ca527ecbcbdb5ebc5f648a5b0f3e765a0839d5889f6fae7e80c7e036625,1176.470586,0.849999999915,1770593023,Will Lady Gaga perform during the Super Bowl LX halftime show?,will-lady-gaga-perform-during-the-super-bowl-lx-halftime-show,who-will-perform-at-super-bowl-halftime-show,Yes,0,ChompChomp888,999.9999979999999
0x842ac934cfff1467f27c167c42c318001e407422,BUY,0x70705ca527ecbcbdb5ebc5f648a5b0f3e765a0839d5889f6fae7e80c7e036625,1149.425284,0.8699999999304,1770591879,Will Lady Gaga perform during the Super Bowl LX halftime show?,will-lady-gaga-perform-during-the-super-bowl-lx-halftime-show,who-will-perform-at-super-bowl-halftime-show,Yes,0,ChompChomp888,999.9999969999999
0xf769c6390f6d564fe4859effbddb682c62660114,BUY,0x70705ca527ecbcbdb5ebc5f648a5b0f3e765a0839d5889f6fae7e80c7e036625,1092.494125,0.9153367254949769,1770590443,Will Lady Gaga perform during the Super Bowl LX halftime show?,will-lady-gaga-perform-during-the-super-bowl-lx-halftime-show,who-will-perform-at-super-bowl-halftime-show,Yes,0,MrMarket,999.9999949999999
0x842ac934cfff1467f27c167c42c318001e407422,BUY,0x70705ca527ecbcbdb5ebc5f648a5b0f3e765a0839d5889f6fae7e80c7e036625,1167.408269,0.8565983474287007,1770591519,Will Lady Gaga perform during the Super Bowl LX halftime show?,will-lady-gaga-perform-during-the-super-bowl-lx-halftime-show,who-will-perform-at-super-bowl-halftime-show,Yes,0,ChompChomp888,999.999994
0x5489eab7ce59ed634582b921a71203c270081633,BUY,0x70705ca527ecbcbdb5ebc5f648a5b0f3e765a0839d5889f6fae7e80c7e036625,1157.67677,0.8637989626413597,1770589253,Will Lady Gaga perform during the Super Bowl LX halftime show?,will-lady-gaga-perform-during-the-super-bowl-lx-halftime-show,who-will-perform-at-super-bowl-halftime-show,Yes,0,0x5489Eab7CE59eD634582B921a71203c270081633-1766820274058,999.999993
0x842ac934cfff1467f27c167c42c318001e407422,BUY,0x70705ca527ecbcbdb5ebc5f648a5b0f3e765a0839d5889f6fae7e80c7e036625,1120.63988,0.8923473185694587,1770594237,Will Lady Gaga perform during the Super Bowl LX halftime show?,will-lady-gaga-perform-during-the-super-bowl-lx-halftime-show,who-will-perform-at-super-bowl-halftime-show,Yes,0,ChompChomp888,999.9999919999999
0x842ac934cfff1467f27c167c42c318001e407422,BUY,0x70705ca527ecbcbdb5ebc5f648a5b0f3e765a0839d5889f6fae7e80c7e036625,1121.41088,0.8917338058999392,1770591891,Will Lady Gaga perform during the Super Bowl LX halftime show?,will-lady-gaga-perform-during-the-super-bowl-lx-halftime-show,who-will-perform-at-super-bowl-halftime-show,Yes,0,ChompChomp888,999.9999919999999
0x987069e3ba77f73bc43fcad0dd43fa3eced7b9d3,BUY,0x70705ca527ecbcbdb5ebc5f648a5b0f3e765a0839d5889f6fae7e80c7e036625,1122.383857,0.8909607713646936,1770590235,Will Lady Gaga perform during the Super Bowl LX halftime show?,will-lady-gaga-perform-during-the-super-bowl-lx-halftime-show,who-will-perform-at-super-bowl-halftime-show,Yes,0,NoMMS111,999.999987
0x842ac934cfff1467f27c167c42c318001e407422,BUY,0x70705ca527ecbcbdb5ebc5f648a5b0f3e765a0839d5889f6fae7e80c7e036625,1049.5536,0.9527859882525295,1770590235,Will Lady Gaga perform during the Super Bowl LX halftime show?,will-lady-gaga-perform-during-the-super-bowl-lx-halftime-show,who-will-perform-at-super-bowl-halftime-show,Yes,0,ChompChomp888,999.999964
0xe60a9b0be459d9849bc2339dac20517639ae6a47,BUY,0x70705ca527ecbcbdb5ebc5f648a5b0f3e765a0839d5889f6fae7e80c7e036625,5000.0,0.19,1770582985,Will Lady Gaga perform during the Super Bowl LX halftime show?,will-lady-gaga-perform-during-the-super-bowl-lx-halftime-show,who-will-perform-at-super-bowl-halftime-show,No,1,0xb7511d7b0dcb75ffad0507cbac7223653d08915,950.0
0xf5479a5dea07ce438167ef33f68e49a55b1b6c2d,BUY,0x70705ca527ecbcbdb5ebc5f648a5b0f3e765a0839d5889f6fae7e80c7e036625,4133.009564,0.229573627717838,1770429543,Will Lady Gaga perform during the Super Bowl LX halftime show?,will-lady-gaga-perform-during-the-super-bowl-lx-halftime-show,who-will-perform-at-super-bowl-halftime-show,No,1,javiercolombani,948.829999
0x69ea0d77ef34f1acb03aaed901df7620fc4215cd,BUY,0x70705ca527ecbcbdb5ebc5f648a5b0f3e765a0839d5889f6fae7e80c7e036625,5336.06,0.1774571125512082,1770469701,Will Lady Gaga perform during the Super Bowl LX halftime show?,will-lady-gaga-perform-during-the-super-bowl-lx-halftime-show,who-will-perform-at-super-bowl-halftime-show,No,1,TylerTurden,946.9218000000001
0x92e53057ef2872722a53fe807245bd387e1defee,BUY,0x70705ca527ecbcbdb5ebc5f648a5b0f3e765a0839d5889f6fae7e80c7e036625,1035.87,0.9135038180466661,1770596643,Will Lady Gaga perform during the Super Bowl LX halftime show?,will-lady-gaga-perform-during-the-super-bowl-lx-halftime-show,who-will-perform-at-super-bowl-halftime-show,Yes,0,GrokEnjoyer,946.2711999999999
0xc6dd722558dbfbd8fa780efcbe819ed8c6604b9f,BUY,0x70705ca527ecbcbdb5ebc5f648a5b0f3e765a0839d5889f6fae7e80c7e036625,1090.57,0.8591695168581568,1770585161,Will Lady Gaga perform during the Super Bowl LX halftime show?,will-lady-gaga-perform-during-the-super-bowl-lx-halftime-show,who-will-perform-at-super-bowl-halftime-show,Yes,0,tourists,936.9845
0x842ac934cfff1467f27c167c42c318001e407422,BUY,0x70705ca527ecbcbdb5ebc5f648a5b0f3e765a0839d5889f6fae7e80c7e036625,1040.5,0.8976523786641037,1770593029,Will Lady Gaga perform during the Super Bowl LX halftime show?,will-lady-gaga-perform-during-the-super-bowl-lx-halftime-show,who-will-perform-at-super-bowl-halftime-show,Yes,0,ChompChomp888,934.0073
0xd547c0ce7f25353c93e450d77ea3dad8a0498a9f,BUY,0x70705ca527ecbcbdb5ebc5f648a5b0f3e765a0839d5889f6fae7e80c7e036625,5001.055554,0.17996200787654756,1770593793,Will Lady Gaga perform during the Super Bowl LX halftime show?,will-lady-gaga-perform-during-the-super-bowl-lx-halftime-show,who-will-perform-at-super-bowl-halftime-show,No,1,MuddyWaters,899.9999989999999
0x09ad5862d92d829116ecc6d55c2bf28ab20e819e,BUY,0x70705ca527ecbcbdb5ebc5f648a5b0f3e765a0839d5889f6fae7e80c7e036625,1037.674414,0.8580726131308466,1770468361,Will Lady Gaga perform during the Super Bowl LX halftime show?,will-lady-gaga-perform-during-the-super-bowl-lx-halftime-show,who-will-perform-at-super-bowl-halftime-show,Yes,0,0x09AD5862d92d829116eCc6d55c2BF28aB20E819e-1766240659613,890.399996
0x22e4248bdb066f65c9f11cd66cdd3719a28eef1c,BUY,0x70705ca527ecbcbdb5ebc5f648a5b0f3e765a0839d5889f6fae7e80c7e036625,1078.92,0.8208334260186112,1770572803,Will Lady Gaga perform during the Super Bowl LX halftime show?,will-lady-gaga-perform-during-the-super-bowl-lx-halftime-show,who-will-perform-at-super-bowl-halftime-show,Yes,0,ProfessionalPunter,885.6136
0x47ab026767cc320ac6e62f6ec747d59cf4d795df,SELL,0x70705ca527ecbcbdb5ebc5f648a5b0f3e765a0839d5889f6fae7e80c7e036625,1005.25,0.8757816463566277,1770596553,Will Lady Gaga perform during the Super Bowl LX halftime show?,will-lady-gaga-perform-during-the-super-bowl-lx-halftime-show,who-will-perform-at-super-bowl-halftime-show,Yes,0,bosshog,880.3795
0xc6dd722558dbfbd8fa780efcbe819ed8c6604b9f,BUY,0x70705ca527ecbcbdb5ebc5f648a5b0f3e765a0839d5889f6fae7e80c7e036625,1000.0,0.86,1770585183,Will Lady Gaga perform during the Super Bowl LX halftime show?,will-lady-gaga-perform-during-the-super-bowl-lx-halftime-show,who-will-perform-at-super-bowl-halftime-show,Yes,0,tourists,860.0
0xb40e89677d59665d5188541ad860450a6e2a7cc9,SELL,0x70705ca527ecbcbdb5ebc5f648a5b0f3e765a0839d5889f6fae7e80c7e036625,1000.0,0.8519,1770573765,Will Lady Gaga perform during the Super Bowl LX halftime show?,will-lady-gaga-perform-during-the-super-bowl-lx-halftime-show,who-will-perform-at-super-bowl-halftime-show,Yes,0,Poligarch,851.9
0x0a78a0640e6d74885943274f45661eee250c4b11,BUY,0x70705ca527ecbcbdb5ebc5f648a5b0f3e765a0839d5889f6fae7e80c7e036625,4371.948,0.19442134261432203,1770590799,Will Lady Gaga perform during the Super Bowl LX halftime show?,will-lady-gaga-perform-during-the-super-bowl-lx-halftime-show,who-will-perform-at-super-bowl-halftime-show,No,1,Slorper,850.0
0x1bc0d88ca86b9049cf05d642e634836d5ddf4429,BUY,0x70705ca527ecbcbdb5ebc5f648a5b0f3e765a0839d5889f6fae7e80c7e036625,998.0,0.85,1770583275,Will Lady Gaga perform during the Super Bowl LX halftime show?,will-lady-gaga-perform-during-the-super-bowl-lx-halftime-show,who-will-perform-at-super-bowl-halftime-show,Yes,0,212121212121212121212,848.3
0x22e4248bdb066f65c9f11cd66cdd3719a28eef1c,BUY,0x70705ca527ecbcbdb5ebc5f648a5b0f3e765a0839d5889f6fae7e80c7e036625,1026.9,0.8097380465478625,1770572849,Will Lady Gaga perform during the Super Bowl LX halftime show?,will-lady-gaga-perform-during-the-super-bowl-lx-halftime-show,who-will-perform-at-super-bowl-halftime-show,Yes,0,ProfessionalPunter,831.5200000000001
0x16bc947196043156844ee2268b4651e67d8dc822,BUY,0x70705ca527ecbcbdb5ebc5f648a5b0f3e765a0839d5889f6fae7e80c7e036625,2787.01,0.29835113616384584,1770568007,Will Lady Gaga perform during the Super Bowl LX halftime show?,will-lady-gaga-perform-during-the-super-bowl-lx-halftime-show,who-will-perform-at-super-bowl-halftime-show,No,1,0x16bC947196043156844EE2268B4651E67d8dC822-1731579624017,831.5076
0x22e4248bdb066f65c9f11cd66cdd3719a28eef1c,BUY,0x70705ca527ecbcbdb5ebc5f648a5b0f3e765a0839d5889f6fae7e80c7e036625,1000.0,0.82,1770572799,Will Lady Gaga perform during the Super Bowl LX halftime show?,will-lady-gaga-perform-during-the-super-bowl-lx-halftime-show,who-will-perform-at-super-bowl-halftime-show,Yes,0,ProfessionalPunter,820.0
0x0a78a0640e6d74885943274f45661eee250c4b11,BUY,0x70705ca527ecbcbdb5ebc5f648a5b0f3e765a0839d5889f6fae7e80c7e036625,2884.691033,0.2832192389596546,1770599525,Will Lady Gaga perform during the Super Bowl LX halftime show?,will-lady-gaga-perform-during-the-super-bowl-lx-halftime-show,who-will-perform-at-super-bowl-halftime-show,No,1,Slorper,816.9999989999999
0x09b4211b9673ba8ffe3cbe2199a15084d88ac753,BUY,0x70705ca527ecbcbdb5ebc5f648a5b0f3e765a0839d5889f6fae7e80c7e036625,5790.984375,0.13814577076975795,1770596169,Will Lady Gaga perform during the Super Bowl LX halftime show?,will-lady-gaga-perform-during-the-super-bowl-lx-halftime-show,who-will-perform-at-super-bowl-halftime-show,No,1,Bx2448368V,800.0
0xd2c3952ea7bd5e8e943567aa844d4b1671576ec8,BUY,0x70705ca527ecbcbdb5ebc5f648a5b0f3e765a0839d5889f6fae7e80c7e036625,2988.245,0.2677156658841561,1770496259,Will Lady Gaga perform during the Super Bowl LX halftime show?,will-lady-gaga-perform-during-the-super-bowl-lx-halftime-show,who-will-perform-at-super-bowl-halftime-show,No,1,Mmmmmmmmy,799.9999999999999
0x842ac934cfff1467f27c167c42c318001e407422,BUY,0x70705ca527ecbcbdb5ebc5f648a5b0f3e765a0839d5889f6fae7e80c7e036625,885.165637,0.9037856470698037,1770593955,Will Lady Gaga perform during the Super Bowl LX halftime show?,will-lady-gaga-perform-during-the-super-bowl-lx-halftime-show,who-will-perform-at-super-bowl-halftime-show,Yes,0,ChompChomp888,799.9999979999999
0x09ad5862d92d829116ecc6d55c2bf28ab20e819e,BUY,0x70705ca527ecbcbdb5ebc5f648a5b0f3e765a0839d5889f6fae7e80c7e036625,826.2167,0.9682689371928697,1770444205,Will Lady Gaga perform during the Super Bowl LX halftime show?,will-lady-gaga-perform-during-the-super-bowl-lx-halftime-show,who-will-perform-at-super-bowl-halftime-show,Yes,0,0x09AD5862d92d829116eCc6d55c2BF28aB20E819e-1766240659613,799.999966
0x5ecde7348ea5100af4360dd7a6e0a3fb1d420787,SELL,0x70705ca527ecbcbdb5ebc5f648a5b0f3e765a0839d5889f6fae7e80c7e036625,800.0,0.999,1770600395,Will Lady Gaga perform during the Super Bowl LX halftime show?,will-lady-gaga-perform-during-the-super-bowl-lx-halftime-show,who-will-perform-at-super-bowl-halftime-show,Yes,0,Mujurry,799.2
0x91583ceb1ebec79951a068e1d7d02c1ea590fa7b,BUY,0x70705ca527ecbcbdb5ebc5f648a5b0f3e765a0839d5889f6fae7e80c7e036625,994.09,0.7798757657757346,1770570433,Will Lady Gaga perform during the Super Bowl LX halftime show?,will-lady-gaga-perform-during-the-super-bowl-lx-halftime-show,who-will-perform-at-super-bowl-halftime-show,Yes,0,GlobalizeTheHorchata,775.2667
0x95074f700f93bdf6e62fc965e0832064c0877b04,BUY,0x70705ca527ecbcbdb5ebc5f648a5b0f3e765a0839d5889f6fae7e80c7e036625,774.94,0.999,1770600369,Will Lady Gaga perform during the Super Bowl LX halftime show?,will-lady-gaga-perform-during-the-super-bowl-lx-halftime-show,who-will-perform-at-super-bowl-halftime-show,Yes,0,AyatollahKhamenei,774.16506
0x2fb043d2a2638063c1481217acf976c0d76d7263,BUY,0x70705ca527ecbcbdb5ebc5f648a5b0f3e765a0839d5889f6fae7e80c7e036625,824.58,0.9362694947730966,1770592307,Will Lady Gaga perform during the Super Bowl LX halftime show?,will-lady-gaga-perform-during-the-super-bowl-lx-halftime-show,who-will-perform-at-super-bowl-halftime-show,Yes,0,unlimited99,772.0291000000001
0x92e53057ef2872722a53fe807245bd387e1defee,BUY,0x70705ca527ecbcbdb5ebc5f648a5b0f3e765a0839d5889f6fae7e80c7e036625,811.16,0.9248695695053997,1770595957,Will Lady Gaga perform during the Super Bowl LX halftime show?,will-lady-gaga-perform-during-the-super-bowl-lx-halftime-show,who-will-perform-at-super-bowl-halftime-show,Yes,0,GrokEnjoyer,750.2171999999999
0x22e4248bdb066f65c9f11cd66cdd3719a28eef1c,BUY,0x70705ca527ecbcbdb5ebc5f648a5b0f3e765a0839d5889f6fae7e80c7e036625,909.16,0.818570108671741,1770578015,Will Lady Gaga perform during the Super Bowl LX halftime show?,will-lady-gaga-perform-during-the-super-bowl-lx-halftime-show,who-will-perform-at-super-bowl-halftime-show,Yes,0,ProfessionalPunter,744.2112
0x86f782b52ad8b83525c075a886780ecbcfe07996,BUY,0x70705ca527ecbcbdb5ebc5f648a5b0f3e765a0839d5889f6fae7e80c7e036625,3766.129472,0.18534678751479736,1770584329,Will Lady Gaga perform during the Super Bowl LX halftime show?,will-lady-gaga-perform-during-the-super-bowl-lx-halftime-show,who-will-perform-at-super-bowl-halftime-show,No,1,todoalr0jo,698.039999
0x92e53057ef2872722a53fe807245bd387e1defee,BUY,0x70705ca527ecbcbdb5ebc5f648a5b0f3e765a0839d5889f6fae7e80c7e036625,754.74,0.9192052892386782,1770596679,Will Lady Gaga perform during the Super Bowl LX halftime show?,will-lady-gaga-perform-during-the-super-bowl-lx-halftime-show,who-will-perform-at-super-bowl-halftime-show,Yes,0,GrokEnjoyer,693.761
0x22e4248bdb066f65c9f11cd66cdd3719a28eef1c,SELL,0x70705ca527ecbcbdb5ebc5f648a5b0f3e765a0839d5889f6fae7e80c7e036625,800.0,0.85,1770583379,Will Lady Gaga perform during the Super Bowl LX halftime show?,will-lady-gaga-perform-during-the-super-bowl-lx-halftime-show,who-will-perform-at-super-bowl-halftime-show,Yes,0,ProfessionalPunter,680.0
0xefc9eee85df4347def52da9fdfbfe04b7232b337,BUY,0x70705ca527ecbcbdb5ebc5f648a5b0f3e765a0839d5889f6fae7e80c7e036625,780.74,0.84,1770583717,Will Lady Gaga perform during the Super Bowl LX halftime show?,will-lady-gaga-perform-during-the-super-bowl-lx-halftime-show,who-will-perform-at-super-bowl-halftime-show,Yes,0,4qfrankie,655.8216
0xff1768108a73e93f661ac38f0d43ec1bbac35745,BUY,0x70705ca527ecbcbdb5ebc5f648a5b0f3e765a0839d5889f6fae7e80c7e036625,727.27,0.9,1770598003,Will Lady Gaga perform during the Super Bowl LX halftime show?,will-lady-gaga-perform-during-the-super-bowl-lx-halftime-show,who-will-perform-at-super-bowl-halftime-show,Yes,0,coleybetsmer,654.543
0xa38a455bbdd4b68486548b7e19da99903f4f821d,BUY,0x70705ca527ecbcbdb5ebc5f648a5b0f3e765a0839d5889f6fae7e80c7e036625,703.05,0.9240152194011806,1770600283,Will Lady Gaga perform during the Super Bowl LX halftime show?,will-lady-gaga-perform-during-the-super-bowl-lx-halftime-show,who-will-perform-at-super-bowl-halftime-show,Yes,0,takeormake,649.6288999999999
0xe8005ce45a222de67df1bf8515050b96649550de,BUY,0x70705ca527ecbcbdb5ebc5f648a5b0f3e765a0839d5889f6fae7e80c7e036625,2493.608887,0.26026535371422904,1770499899,Will Lady Gaga perform during the Super Bowl LX halftime show?,will-lady-gaga-perform-during-the-super-bowl-lx-halftime-show,who-will-perform-at-super-bowl-halftime-show,No,1,simonster,648.999999
0x5f3c65914e9019dc4c15bed08a0232da64090427,BUY,0x70705ca527ecbcbdb5ebc5f648a5b0f3e765a0839d5889f6fae7e80c7e036625,3254.166314,0.18965840693045782,1770575283,Will Lady Gaga perform during the Super Bowl LX halftime show?,will-lady-gaga-perform-during-the-super-bowl-lx-halftime-show,who-will-perform-at-super-bowl-halftime-show,No,1,Terrio,617.179999
0x09ad5862d92d829116ecc6d55c2bf28ab20e819e,BUY,0x70705ca527ecbcbdb5ebc5f648a5b0f3e765a0839d5889f6fae7e80c7e036625,634.865,0.9450828128814788,1770593965,Will Lady Gaga perform during the Super Bowl LX halftime show?,will-lady-gaga-perform-during-the-super-bowl-lx-halftime-show,who-will-perform-at-super-bowl-halftime-show,Yes,0,0x09AD5862d92d829116eCc6d55c2BF28aB20E819e-1766240659613,600.0
0xe60a9b0be459d9849bc2339dac20517639ae6a47,BUY,0x70705ca527ecbcbdb5ebc5f648a5b0f3e765a0839d5889f6fae7e80c7e036625,3000.0,0.2,1770579079,Will Lady Gaga perform during the Super Bowl LX halftime show?,will-lady-gaga-perform-during-the-super-bowl-lx-halftime-show,who-will-perform-at-super-bowl-halftime-show,No,1,0xb7511d7b0dcb75ffad0507cbac7223653d08915,600.0
0xeb7538035bf18ed4b8da70198cd28241af4faaf9,BUY,0x70705ca527ecbcbdb5ebc5f648a5b0f3e765a0839d5889f6fae7e80c7e036625,2349.481152,0.25537553195063895,1770569627,Will Lady Gaga perform during the Super Bowl LX halftime show?,will-lady-gaga-perform-during-the-super-bowl-lx-halftime-show,who-will-perform-at-super-bowl-halftime-show,No,1,0xeb7538035bF18Ed4b8Da70198Cd28241aF4Faaf9-1766091608401,599.999999
0x09ad5862d92d829116ecc6d55c2bf28ab20e819e,BUY,0x70705ca527ecbcbdb5ebc5f648a5b0f3e765a0839d5889f6fae7e80c7e036625,674.1573,0.89,1770463955,Will Lady Gaga perform during the Super Bowl LX halftime show?,will-lady-gaga-perform-during-the-super-bowl-lx-halftime-show,who-will-perform-at-super-bowl-halftime-show,Yes,0,0x09AD5862d92d829116eCc6d55c2BF28aB20E819e-1766240659613,599.999997
0x7fab69802866ec4c81c92d10273d576ef58b9a71,BUY,0x70705ca527ecbcbdb5ebc5f648a5b0f3e765a0839d5889f6fae7e80c7e036625,2527.839129,0.21955511038376682,1770512643,Will Lady Gaga perform during the Super Bowl LX halftime show?,will-lady-gaga-perform-during-the-super-bowl-lx-halftime-show,who-will-perform-at-super-bowl-halftime-show,No,1,ilovelvyn,554.999999
0x9def9524630e31ff90f884eed32c3eecfbf8d1a5,BUY,0x70705ca527ecbcbdb5ebc5f648a5b0f3e765a0839d5889f6fae7e80c7e036625,610.0,0.8881967213114754,1770598409,Will Lady Gaga perform during the Super Bowl LX halftime show?,will-lady-gaga-perform-during-the-super-bowl-lx-halftime-show,who-will-perform-at-super-bowl-halftime-show,Yes,0,pbshine,541.8
0xc6dd722558dbfbd8fa780efcbe819ed8c6604b9f,BUY,0x70705ca527ecbcbdb5ebc5f648a5b0f3e765a0839d5889f6fae7e80c7e036625,647.47,0.82,1770579293,Will Lady Gaga perform during the Super Bowl LX halftime show?,will-lady-gaga-perform-during-the-super-bowl-lx-halftime-show,who-will-perform-at-super-bowl-halftime-show,Yes,0,tourists,530.9254
0x4526964246242015bfa78c294033565be6797a45,BUY,0x70705ca527ecbcbdb5ebc5f648a5b0f3e765a0839d5889f6fae7e80c7e036625,630.2,0.8390288797207236,1770479129,Will Lady Gaga perform during the Super Bowl LX halftime show?,will-lady-gaga-perform-during-the-super-bowl-lx-halftime-show,who-will-perform-at-super-bowl-halftime-show,Yes,0,neetbets,528.7560000000001
0xb1c01acac7c59381850de2400317ccef889e427b,SELL,0x70705ca527ecbcbdb5ebc5f648a5b0f3e765a0839d5889f6fae7e80c7e036625,509.5,0.999,1770607475,Will Lady Gaga perform during the Super Bowl LX halftime show?,will-lady-gaga-perform-during-the-super-bowl-lx-halftime-show,who-will-perform-at-super-bowl-halftime-show,Yes,0,89898988888,508.9905
0x92e53057ef2872722a53fe807245bd387e1defee,BUY,0x70705ca527ecbcbdb5ebc5f648a5b0f3e765a0839d5889f6fae7e80c7e036625,555.2,0.9014573126801153,1770595473,Will Lady Gaga perform during the Super Bowl LX halftime show?,will-lady-gaga-perform-during-the-super-bowl-lx-halftime-show,who-will-perform-at-super-bowl-halftime-show,Yes,0,GrokEnjoyer,500.48910000000006
0xa78aac346a7a6883285ef5fe63d6a33cebd12f5c,BUY,0x70705ca527ecbcbdb5ebc5f648a5b0f3e765a0839d5889f6fae7e80c7e036625,2501.5,0.19988007195682592,1770579041,Will Lady Gaga perform during the Super Bowl LX halftime show?,will-lady-gaga-perform-during-the-super-bowl-lx-halftime-show,who-will-perform-at-super-bowl-halftime-show,No,1,criptozex,500.00000000000006
0x2e3ed60a4f2d62302dccf9308a03d81273f8235c,BUY,0x70705ca527ecbcbdb5ebc5f648a5b0f3e765a0839d5889f6fae7e80c7e036625,4063.08875,0.12305908897510545,1770597019,Will Lady Gaga perform during the Super Bowl LX halftime show?,will-lady-gaga-perform-during-the-super-bowl-lx-halftime-show,who-will-perform-at-super-bowl-halftime-show,No,1,0x2e3Ed60a4f2D62302DCcf9308A03D81273f8235c-1770590919614,500.0
0xcb3f3d09b87f290052f7fbe4adc5be43f27ebb21,BUY,0x70705ca527ecbcbdb5ebc5f648a5b0f3e765a0839d5889f6fae7e80c7e036625,639.5355,0.7818174284304781,1770499891,Will Lady Gaga perform during the Super Bowl LX halftime show?,will-lady-gaga-perform-during-the-super-bowl-lx-halftime-show,who-will-perform-at-super-bowl-halftime-show,Yes,0,shkreli,500.0
0x4ab8ac1789a5410943c1002e96408422dd1d107f,BUY,0x70705ca527ecbcbdb5ebc5f648a5b0f3e765a0839d5889f6fae7e80c7e036625,2012.5072,0.24844631611752743,1770525757,Will Lady Gaga perform during the Super Bowl LX halftime show?,will-lady-gaga-perform-during-the-super-bowl-lx-halftime-show,who-will-perform-at-super-bowl-halftime-show,No,1,006c1732-c5ca-4de7-9812-34540289107f,500.0
0xb51b3beffd13cde071ed799e70a7b0b598e8b4d9,BUY,0x70705ca527ecbcbdb5ebc5f648a5b0f3e765a0839d5889f6fae7e80c7e036625,625.0,0.8,1770571397,Will Lady Gaga perform during the Super Bowl LX halftime show?,will-lady-gaga-perform-during-the-super-bowl-lx-halftime-show,who-will-perform-at-super-bowl-halftime-show,Yes,0,cambridgeisaac,500.0
0x5236043273848fdaa852fbd1c1a595bb02f7ab18,BUY,0x70705ca527ecbcbdb5ebc5f648a5b0f3e765a0839d5889f6fae7e80c7e036625,3118.235293,0.1603471040567175,1770585849,Will Lady Gaga perform during the Super Bowl LX halftime show?,will-lady-gaga-perform-during-the-super-bowl-lx-halftime-show,who-will-perform-at-super-bowl-halftime-show,No,1,brkre,499.99999900000006
0xd7528f6a6e16a1b1b26a671d78df93ac6909b777,BUY,0x70705ca527ecbcbdb5ebc5f648a5b0f3e765a0839d5889f6fae7e80c7e036625,2497.635651,0.20018932657363803,1770578791,Will Lady Gaga perform during the Super Bowl LX halftime show?,will-lady-gaga-perform-during-the-super-bowl-lx-halftime-show,who-will-perform-at-super-bowl-halftime-show,No,1,Holacomoestas,499.999999
0x58aa47a2e3e0396f8c09259d87990db12e56a481,BUY,0x70705ca527ecbcbdb5ebc5f648a5b0f3e765a0839d5889f6fae7e80c7e036625,568.181816,0.8799999998592,1770589557,Will Lady Gaga perform during the Super Bowl LX halftime show?,will-lady-gaga-perform-during-the-super-bowl-lx-halftime-show,who-will-perform-at-super-bowl-halftime-show,Yes,0,berboche,499.999998
0x09ad5862d92d829116ecc6d55c2bf28ab20e819e,BUY,0x70705ca527ecbcbdb5ebc5f648a5b0f3e765a0839d5889f6fae7e80c7e036625,568.181816,0.8799999998592,1770457673,Will Lady Gaga perform during the Super Bowl LX halftime show?,will-lady-gaga-perform-during-the-super-bowl-lx-halftime-show,who-will-perform-at-super-bowl-halftime-show,Yes,0,0x09AD5862d92d829116eCc6d55c2BF28aB20E819e-1766240659613,499.999998
0x842ac934cfff1467f27c167c42c318001e407422,BUY,0x70705ca527ecbcbdb5ebc5f648a5b0f3e765a0839d5889f6fae7e80c7e036625,559.698509,0.8933380917761209,1770593793,Will Lady Gaga perform during the Super Bowl LX halftime show?,will-lady-gaga-perform-during-the-super-bowl-lx-halftime-show,who-will-perform-at-super-bowl-halftime-show,Yes,0,ChompChomp888,499.99999799999995
0x58aa47a2e3e0396f8c09259d87990db12e56a481,BUY,0x70705ca527ecbcbdb5ebc5f648a5b0f3e765a0839d5889f6fae7e80c7e036625,570.1367,0.8769826534583723,1770589469,Will Lady Gaga perform during the Super Bowl LX halftime show?,will-lady-gaga-perform-during-the-super-bowl-lx-halftime-show,who-will-perform-at-super-bowl-halftime-show,Yes,0,berboche,499.999996
0x2b1d93318daa8ce47f75db692239f31a60abfe6d,BUY,0x70705ca527ecbcbdb5ebc5f648a5b0f3e765a0839d5889f6fae7e80c7e036625,595.056466,0.8402563866938974,1770582719,Will Lady Gaga perform during the Super Bowl LX halftime show?,will-lady-gaga-perform-during-the-super-bowl-lx-halftime-show,who-will-perform-at-super-bowl-halftime-show,Yes,0,ninjagolover,499.99999599999995
0x09ad5862d92d829116ecc6d55c2bf28ab20e819e,BUY,0x70705ca527ecbcbdb5ebc5f648a5b0f3e765a0839d5889f6fae7e80c7e036625,555.55555,0.9,1770458115,Will Lady Gaga perform during the Super Bowl LX halftime show?,will-lady-gaga-perform-during-the-super-bowl-lx-halftime-show,who-will-perform-at-super-bowl-halftime-show,Yes,0,0x09AD5862d92d829116eCc6d55c2BF28aB20E819e-1766240659613,499.99999500000007
0xb51b3beffd13cde071ed799e70a7b0b598e8b4d9,BUY,0x70705ca527ecbcbdb5ebc5f648a5b0f3e765a0839d5889f6fae7e80c7e036625,593.489406,0.8424750129406691,1770586889,Will Lady Gaga perform during the Super Bowl LX halftime show?,will-lady-gaga-perform-during-the-super-bowl-lx-halftime-show,who-will-perform-at-super-bowl-halftime-show,Yes,0,cambridgeisaac,499.999995
0xff1768108a73e93f661ac38f0d43ec1bbac35745,BUY,0x70705ca527ecbcbdb5ebc5f648a5b0f3e765a0839d5889f6fae7e80c7e036625,555.571075,0.8999748394028613,1770594563,Will Lady Gaga perform during the Super Bowl LX halftime show?,will-lady-gaga-perform-during-the-super-bowl-lx-halftime-show,who-will-perform-at-super-bowl-halftime-show,Yes,0,coleybetsmer,499.99998899999997
0xf5013afdddc15462cd384570ab0184016f48d88a,BUY,0x70705ca527ecbcbdb5ebc5f648a5b0f3e765a0839d5889f6fae7e80c7e036625,2639.05263,0.18936340765587537,1770542251,Will Lady Gaga perform during the Super Bowl LX halftime show?,will-lady-gaga-perform-during-the-super-bowl-lx-halftime-show,who-will-perform-at-super-bowl-halftime-show,No,1,dkgk,499.73999900000007
0xde0463ea7f611b065e8ab06bbfbddad75e6dfa37,BUY,0x70705ca527ecbcbdb5ebc5f648a5b0f3e765a0839d5889f6fae7e80c7e036625,617.51,0.8088176709688912,1770550077,Will Lady Gaga perform during the Super Bowl LX halftime show?,will-lady-gaga-perform-during-the-super-bowl-lx-halftime-show,who-will-perform-at-super-bowl-halftime-show,Yes,0,mwenya,499.45300000000003
0x738b979af44519b7e6ebdafc080292641a6a765c,SELL,0x70705ca527ecbcbdb5ebc5f648a5b0f3e765a0839d5889f6fae7e80c7e036625,493.04,0.999,1770607279,Will Lady Gaga perform during the Super Bowl LX halftime show?,will-lady-gaga-perform-during-the-super-bowl-lx-halftime-show,who-will-perform-at-super-bowl-halftime-show,Yes,0,1904,492.54696
0x16009d20a216235d5ca742d4046391c7fe55aca1,BUY,0x70705ca527ecbcbdb5ebc5f648a5b0f3e765a0839d5889f6fae7e80c7e036625,1600.596387,0.3057922677917428,1770565587,Will Lady Gaga perform during the Super Bowl LX halftime show?,will-lady-gaga-perform-during-the-super-bowl-lx-halftime-show,who-will-perform-at-super-bowl-halftime-show,No,1,nilomassa,489.449999
0x7c21c02d2c5eebeb1f58c36f09415537aed8d6bf,BUY,0x70705ca527ecbcbdb5ebc5f648a5b0f3e765a0839d5889f6fae7e80c7e036625,589.0,0.83,1770485829,Will Lady Gaga perform during the Super Bowl LX halftime show?,will-lady-gaga-perform-during-the-super-bowl-lx-halftime-show,who-will-perform-at-super-bowl-halftime-show,Yes,0,DC6666,488.87
0xefaf0cc43dd5970e01485217d1dabe5158d76289,BUY,0x70705ca527ecbcbdb5ebc5f648a5b0f3e765a0839d5889f6fae7e80c7e036625,2871.60263,0.1636716703383156,1770598571,Will Lady Gaga perform during the Super Bowl LX halftime show?,will-lady-gaga-perform-during-the-super-bowl-lx-halftime-show,who-will-perform-at-super-bowl-halftime-show,No,1,0xEfaf0CC43DD5970E01485217d1DAbE5158d76289-1768455718447,469.999999
0x0b8d2f811ba1c5bc3f1157f5f77a492c4cf4c3a9,BUY,0x70705ca527ecbcbdb5ebc5f648a5b0f3e765a0839d5889f6fae7e80c7e036625,531.82,0.83,1770540867,Will Lady Gaga perform during the Super Bowl LX halftime show?,will-lady-gaga-perform-during-the-super-bowl-lx-halftime-show,who-will-perform-at-super-bowl-halftime-show,Yes,0,toxro23,441.41060000000004
0x800b0d7d42224cc2795c0f4e89b683915b4a152a,BUY,0x70705ca527ecbcbdb5ebc5f648a5b0f3e765a0839d5889f6fae7e80c7e036625,500.0,0.8779596,1770434935,Will Lady Gaga perform during the Super Bowl LX halftime show?,will-lady-gaga-perform-during-the-super-bowl-lx-halftime-show,who-will-perform-at-super-bowl-halftime-show,Yes,0,Poutinesteam,438.97979999999995
0x22e4248bdb066f65c9f11cd66cdd3719a28eef1c,BUY,0x70705ca527ecbcbdb5ebc5f648a5b0f3e765a0839d5889f6fae7e80c7e036625,526.85,0.82,1770572771,Will Lady Gaga perform during the Super Bowl LX halftime show?,will-lady-gaga-perform-during-the-super-bowl-lx-halftime-show,who-will-perform-at-super-bowl-halftime-show,Yes,0,ProfessionalPunter,432.017
0x6a3c02feca0009871db79f9dea6ffd3ab98f2db9,BUY,0x70705ca527ecbcbdb5ebc5f648a5b0f3e765a0839d5889f6fae7e80c7e036625,2089.526817,0.20483106295543657,1770593937,Will Lady Gaga perform during the Super Bowl LX halftime show?,will-lady-gaga-perform-during-the-super-bowl-lx-halftime-show,who-will-perform-at-super-bowl-halftime-show,No,1,alpaje,427.999999
0x5ecde7348ea5100af4360dd7a6e0a3fb1d420787,BUY,0x70705ca527ecbcbdb5ebc5f648a5b0f3e765a0839d5889f6fae7e80c7e036625,429.61,0.99,1770600291,Will Lady Gaga perform during the Super Bowl LX halftime show?,will-lady-gaga-perform-during-the-super-bowl-lx-halftime-show,who-will-perform-at-super-bowl-halftime-show,Yes,0,Mujurry,425.3139
0xecd9cf51f435c619d71f78158c52b79860a3ebc3,BUY,0x70705ca527ecbcbdb5ebc5f648a5b0f3e765a0839d5889f6fae7e80c7e036625,473.48,0.88,1770589569,Will Lady Gaga perform during the Super Bowl LX halftime show?,will-lady-gaga-perform-during-the-super-bowl-lx-halftime-show,who-will-perform-at-super-bowl-halftime-show,Yes,0,0xeCD9cf51F435c619D71F78158C52B79860A3ebC3-1768472064519,416.6624
0x1bc0d88ca86b9049cf05d642e634836d5ddf4429,BUY,0x70705ca527ecbcbdb5ebc5f648a5b0f3e765a0839d5889f6fae7e80c7e036625,490.01,0.85,1770583287,Will Lady Gaga perform during the Super Bowl LX halftime show?,will-lady-gaga-perform-during-the-super-bowl-lx-halftime-show,who-will-perform-at-super-bowl-halftime-show,Yes,0,212121212121212121212,416.50849999999997
0xb40e89677d59665d5188541ad860450a6e2a7cc9,SELL,0x70705ca527ecbcbdb5ebc5f648a5b0f3e765a0839d5889f6fae7e80c7e036625,556.22,0.7405202977239221,1770494363,Will Lady Gaga perform during the Super Bowl LX halftime show?,will-lady-gaga-perform-during-the-super-bowl-lx-halftime-show,who-will-perform-at-super-bowl-halftime-show,Yes,0,Poligarch,411.8922
0x800b0d7d42224cc2795c0f4e89b683915b4a152a,BUY,0x70705ca527ecbcbdb5ebc5f648a5b0f3e765a0839d5889f6fae7e80c7e036625,465.0,0.88,1770428003,Will Lady Gaga perform during the Super Bowl LX halftime show?,will-lady-gaga-perform-during-the-super-bowl-lx-halftime-show,who-will-perform-at-super-bowl-halftime-show,Yes,0,Poutinesteam,409.2
0x800b0d7d42224cc2795c0f4e89b683915b4a152a,BUY,0x70705ca527ecbcbdb5ebc5f648a5b0f3e765a0839d5889f6fae7e80c7e036625,487.61,0.8315772851254076,1770471587,Will Lady Gaga perform during the Super Bowl LX halftime show?,will-lady-gaga-perform-during-the-super-bowl-lx-halftime-show,who-will-perform-at-super-bowl-halftime-show,Yes,0,Poutinesteam,405.4854
0xef21308603a0fa913a925553e7c6de881d85a60a,BUY,0x70705ca527ecbcbdb5ebc5f648a5b0f3e765a0839d5889f6fae7e80c7e036625,2272.669443,0.17827933589196412,1770583927,Will Lady Gaga perform during the Super Bowl LX halftime show?,will-lady-gaga-perform-during-the-super-bowl-lx-halftime-show,who-will-perform-at-super-bowl-halftime-show,No,1,0xEf21308603A0fA913A925553E7c6de881d85a60a-1770496141923,405.16999899999996
0x9690d9f51b618222c29567c3b39aac2935a5f2d5,BUY,0x70705ca527ecbcbdb5ebc5f648a5b0f3e765a0839d5889f6fae7e80c7e036625,450.0,0.9,1770598959,Will Lady Gaga perform during the Super Bowl LX halftime show?,will-lady-gaga-perform-during-the-super-bowl-lx-halftime-show,who-will-perform-at-super-bowl-halftime-show,Yes,0,Djibooty,405.0
0x22e4248bdb066f65c9f11cd66cdd3719a28eef1c,BUY,0x70705ca527ecbcbdb5ebc5f648a5b0f3e765a0839d5889f6fae7e80c7e036625,484.44,0.83,1770572775,Will Lady Gaga perform during the Super Bowl LX halftime show?,will-lady-gaga-perform-during-the-super-bowl-lx-halftime-show,who-will-perform-at-super-bowl-halftime-show,Yes,0,ProfessionalPunter,402.0852
0x0509d64aac136cbc253b7e208e4bacfe6c786e98,BUY,0x70705ca527ecbcbdb5ebc5f648a5b0f3e765a0839d5889f6fae7e80c7e036625,449.99,0.89,1770598589,Will Lady Gaga perform during the Super Bowl LX halftime show?,will-lady-gaga-perform-during-the-super-bowl-lx-halftime-show,who-will-perform-at-super-bowl-halftime-show,Yes,0,aaaaaaaaaaaaaaaaaa1,400.4911
0x4526964246242015bfa78c294033565be6797a45,BUY,0x70705ca527ecbcbdb5ebc5f648a5b0f3e765a0839d5889f6fae7e80c7e036625,488.0,0.82,1770478787,Will Lady Gaga perform during the Super Bowl LX halftime show?,will-lady-gaga-perform-during-the-super-bowl-lx-halftime-show,who-will-perform-at-super-bowl-halftime-show,Yes,0,neetbets,400.15999999999997
0xb51b3beffd13cde071ed799e70a7b0b598e8b4d9,BUY,0x70705ca527ecbcbdb5ebc5f648a5b0f3e765a0839d5889f6fae7e80c7e036625,505.66775,0.7910332426776278,1770572395,Will Lady Gaga perform during the Super Bowl LX halftime show?,will-lady-gaga-perform-during-the-super-bowl-lx-halftime-show,who-will-perform-at-super-bowl-halftime-show,Yes,0,cambridgeisaac,400.0
0x4be1fa92e6ceaf886aac0bbec3be6c527133aa70,BUY,0x70705ca527ecbcbdb5ebc5f648a5b0f3e765a0839d5889f6fae7e80c7e036625,470.588233,0.84999999989375,1770475399,Will Lady Gaga perform during the Super Bowl LX halftime show?,will-lady-gaga-perform-during-the-super-bowl-lx-halftime-show,who-will-perform-at-super-bowl-halftime-show,Yes,0,0x4BE1fA92e6cEAF886aAc0bBEc3BE6C527133AA70-1768165898647,399.999998
0x4be1fa92e6ceaf886aac0bbec3be6c527133aa70,BUY,0x70705ca527ecbcbdb5ebc5f648a5b0f3e765a0839d5889f6fae7e80c7e036625,470.588233,0.84999999989375,1770475415,Will Lady Gaga perform during the Super Bowl LX halftime show?,will-lady-gaga-perform-during-the-super-bowl-lx-halftime-show,who-will-perform-at-super-bowl-halftime-show,Yes,0,0x4BE1fA92e6cEAF886aAc0bBEc3BE6C527133AA70-1768165898647,399.999998
0x09ad5862d92d829116ecc6d55c2bf28ab20e819e,BUY,0x70705ca527ecbcbdb5ebc5f648a5b0f3e765a0839d5889f6fae7e80c7e036625,449.4382,0.89,1770463949,Will Lady Gaga perform during the Super Bowl LX halftime show?,will-lady-gaga-perform-during-the-super-bowl-lx-halftime-show,who-will-perform-at-super-bowl-halftime-show,Yes,0,0x09AD5862d92d829116eCc6d55c2BF28aB20E819e-1766240659613,399.999998
0x604104023d76152c8de35aeeab48c6fe5e732baf,BUY,0x70705ca527ecbcbdb5ebc5f648a5b0f3e765a0839d5889f6fae7e80c7e036625,2117.126841,0.18853381444612274,1770576189,Will Lady Gaga perform during the Super Bowl LX halftime show?,will-lady-gaga-perform-during-the-super-bowl-lx-halftime-show,who-will-perform-at-super-bowl-halftime-show,No,1,0x604104023D76152C8dE35Aeeab48c6fe5E732baF-1770497248183,399.149999
0x800b0d7d42224cc2795c0f4e89b683915b4a152a,BUY,0x70705ca527ecbcbdb5ebc5f648a5b0f3e765a0839d5889f6fae7e80c7e036625,469.0,0.85,1770484385,Will Lady Gaga perform during the Super Bowl LX halftime show?,will-lady-gaga-perform-during-the-super-bowl-lx-halftime-show,who-will-perform-at-super-bowl-halftime-show,Yes,0,Poutinesteam,398.65
0xfbff8d110ff1a34e486d791b389ea4d5f8cc5830,BUY,0x70705ca527ecbcbdb5ebc5f648a5b0f3e765a0839d5889f6fae7e80c7e036625,469.0,0.83,1770581107,Will Lady Gaga perform during the Super Bowl LX halftime show?,will-lady-gaga-perform-during-the-super-bowl-lx-halftime-show,who-will-perform-at-super-bowl-halftime-show,Yes,0,Cheddar-Factory,389.27
0xcc3e87226912d35893b678eaa8a39d57b6fe37ef,BUY,0x70705ca527ecbcbdb5ebc5f648a5b0f3e765a0839d5889f6fae7e80c7e036625,2500.0,0.15,1770580651,Will Lady Gaga perform during the Super Bowl LX halftime show?,will-lady-gaga-perform-during-the-super-bowl-lx-halftime-show,who-will-perform-at-super-bowl-halftime-show,No,1,LadyLuck2,375.0
0x22e4248bdb066f65c9f11cd66cdd3719a28eef1c,BUY,0x70705ca527ecbcbdb5ebc5f648a5b0f3e765a0839d5889f6fae7e80c7e036625,445.99,0.83,1770572783,Will Lady Gaga perform during the Super Bowl LX halftime show?,will-lady-gaga-perform-during-the-super-bowl-lx-halftime-show,who-will-perform-at-super-bowl-halftime-show,Yes,0,ProfessionalPunter,370.1717
0xde0463ea7f611b065e8ab06bbfbddad75e6dfa37,BUY,0x70705ca527ecbcbdb5ebc5f648a5b0f3e765a0839d5889f6fae7e80c7e036625,500.0,0.7295172,1770503855,Will Lady Gaga perform during the Super Bowl LX halftime show?,will-lady-gaga-perform-during-the-super-bowl-lx-halftime-show,who-will-perform-at-super-bowl-halftime-show,Yes,0,mwenya,364.7586
0x510904c9a58f5c5ad799a1b44947077564175e9c,BUY,0x70705ca527ecbcbdb5ebc5f648a5b0f3e765a0839d5889f6fae7e80c7e036625,2411.4,0.15,1770486949,Will Lady Gaga perform during the Super Bowl LX halftime show?,will-lady-gaga-perform-during-the-super-bowl-lx-halftime-show,who-will-perform-at-super-bowl-halftime-show,No,1,Logan.,361.71
0x22e4248bdb066f65c9f11cd66cdd3719a28eef1c,BUY,0x70705ca527ecbcbdb5ebc5f648a5b0f3e765a0839d5889f6fae7e80c7e036625,446.27,0.8094622089766285,1770578011,Will Lady Gaga perform during the Super Bowl LX halftime show?,will-lady-gaga-perform-during-the-super-bowl-lx-halftime-show,who-will-perform-at-super-bowl-halftime-show,Yes,0,ProfessionalPunter,361.2387
0xe60a9b0be459d9849bc2339dac20517639ae6a47,BUY,0x70705ca527ecbcbdb5ebc5f648a5b0f3e765a0839d5889f6fae7e80c7e036625,2000.0,0.18,1770581051,Will Lady Gaga perform during the Super Bowl LX halftime show?,will-lady-gaga-perform-during-the-super-bowl-lx-halftime-show,who-will-perform-at-super-bowl-halftime-show,No,1,0xb7511d7b0dcb75ffad0507cbac7223653d08915,360.0
0xda475f640892d0014c086b7e4f25317f5778f40a,BUY,0x70705ca527ecbcbdb5ebc5f648a5b0f3e765a0839d5889f6fae7e80c7e036625,467.12,0.75,1770505463,Will Lady Gaga perform during the Super Bowl LX halftime show?,will-lady-gaga-perform-during-the-super-bowl-lx-halftime-show,who-will-perform-at-super-bowl-halftime-show,Yes,0,blank2389473495,350.34000000000003
0x0319e0cf10bc85d8e628324f6b8d333ca9b8594c,BUY,0x70705ca527ecbcbdb5ebc5f648a5b0f3e765a0839d5889f6fae7e80c7e036625,1727.55,0.2,1770579041,Will Lady Gaga perform during the Super Bowl LX halftime show?,will-lady-gaga-perform-during-the-super-bowl-lx-halftime-show,who-will-perform-at-super-bowl-halftime-show,No,1,,345.51
0x2d0ab878990ba76dd92c27293b793efa88791979,BUY,0x70705ca527ecbcbdb5ebc5f648a5b0f3e765a0839d5889f6fae7e80c7e036625,368.3,0.92,1770597485,Will Lady Gaga perform during the Super Bowl LX halftime show?,will-lady-gaga-perform-during-the-super-bowl-lx-halftime-show,who-will-perform-at-super-bowl-halftime-show,Yes,0,sis1215,338.836
0x22e4248bdb066f65c9f11cd66cdd3719a28eef1c,BUY,0x70705ca527ecbcbdb5ebc5f648a5b0f3e765a0839d5889f6fae7e80c7e036625,399.81,0.84,1770578023,Will Lady Gaga perform during the Super Bowl LX halftime show?,will-lady-gaga-perform-during-the-super-bowl-lx-halftime-show,who-will-perform-at-super-bowl-halftime-show,Yes,0,ProfessionalPunter,335.8404
0xde0463ea7f611b065e8ab06bbfbddad75e6dfa37,BUY,0x70705ca527ecbcbdb5ebc5f648a5b0f3e765a0839d5889f6fae7e80c7e036625,400.0,0.80995425,1770508501,Will Lady Gaga perform during the Super Bowl LX halftime show?,will-lady-gaga-perform-during-the-super-bowl-lx-halftime-show,who-will-perform-at-super-bowl-halftime-show,Yes,0,mwenya,323.9817
0x9c538cb72506af6d0d6636c135b20542723b44f2,BUY,0x70705ca527ecbcbdb5ebc5f648a5b0f3e765a0839d5889f6fae7e80c7e036625,367.6,0.88,1770482593,Will Lady Gaga perform during the Super Bowl LX halftime show?,will-lady-gaga-perform-during-the-super-bowl-lx-halftime-show,who-will-perform-at-super-bowl-halftime-show,Yes,0,CrushingIt,323.488
0x733d3dbeafe1b9017082223b41f8d72ac82d1ae7,BUY,0x70705ca527ecbcbdb5ebc5f648a5b0f3e765a0839d5889f6fae7e80c7e036625,372.1,0.86,1770579599,Will Lady Gaga perform during the Super Bowl LX halftime show?,will-lady-gaga-perform-during-the-super-bowl-lx-halftime-show,who-will-perform-at-super-bowl-halftime-show,Yes,0,justgettingby,320.00600000000003
0xde0463ea7f611b065e8ab06bbfbddad75e6dfa37,BUY,0x70705ca527ecbcbdb5ebc5f648a5b0f3e765a0839d5889f6fae7e80c7e036625,400.0,0.77339,1770504017,Will Lady Gaga perform during the Super Bowl LX halftime show?,will-lady-gaga-perform-during-the-super-bowl-lx-halftime-show,who-will-perform-at-super-bowl-halftime-show,Yes,0,mwenya,309.356
0x8ba2b865840fdb4bdd1ddaedb4f0307b4301632c,BUY,0x70705ca527ecbcbdb5ebc5f648a5b0f3e765a0839d5889f6fae7e80c7e036625,357.79,0.86,1770583373,Will Lady Gaga perform during the Super Bowl LX halftime show?,will-lady-gaga-perform-during-the-super-bowl-lx-halftime-show,who-will-perform-at-super-bowl-halftime-show,Yes,0,orangechicken,307.6994
0x733d3dbeafe1b9017082223b41f8d72ac82d1ae7,BUY,0x70705ca527ecbcbdb5ebc5f648a5b0f3e765a0839d5889f6fae7e80c7e036625,361.34,0.85,1770579587,Will Lady Gaga perform during the Super Bowl LX halftime show?,will-lady-gaga-perform-during-the-super-bowl-lx-halftime-show,who-will-perform-at-super-bowl-halftime-show,Yes,0,justgettingby,307.13899999999995
0x4be1fa92e6ceaf886aac0bbec3be6c527133aa70,BUY,0x70705ca527ecbcbdb5ebc5f648a5b0f3e765a0839d5889f6fae7e80c7e036625,346.3125,0.8723046381519581,1770487585,Will Lady Gaga perform during the Super Bowl LX halftime show?,will-lady-gaga-perform-during-the-super-bowl-lx-halftime-show,who-will-perform-at-super-bowl-halftime-show,Yes,0,0x4BE1fA92e6cEAF886aAc0bBEc3BE6C527133AA70-1768165898647,302.09
0xb39909c5bfe271f2165db8b9084412f61634b61f,BUY,0x70705ca527ecbcbdb5ebc5f648a5b0f3e765a0839d5889f6fae7e80c7e036625,1251.833332,0.2399999994567967,1770414653,Will Lady Gaga perform during the Super Bowl LX halftime show?,will-lady-gaga-perform-during-the-super-bowl-lx-halftime-show,who-will-perform-at-super-bowl-halftime-show,No,1,Yuli-betzz,300.439999
0xb39909c5bfe271f2165db8b9084412f61634b61f,BUY,0x70705ca527ecbcbdb5ebc5f648a5b0f3e765a0839d5889f6fae7e80c7e036625,1155.53846,0.2599999994807615,1770411419,Will Lady Gaga perform during the Super Bowl LX halftime show?,will-lady-gaga-perform-during-the-super-bowl-lx-halftime-show,who-will-perform-at-super-bowl-halftime-show,No,1,Yuli-betzz,300.43999899999994
0xb39909c5bfe271f2165db8b9084412f61634b61f,BUY,0x70705ca527ecbcbdb5ebc5f648a5b0f3e765a0839d5889f6fae7e80c7e036625,1640.6,0.1831159331951725,1770482771,Will Lady Gaga perform during the Super Bowl LX halftime show?,will-lady-gaga-perform-during-the-super-bowl-lx-halftime-show,who-will-perform-at-super-bowl-halftime-show,No,1,Yuli-betzz,300.41999999999996
0xb39909c5bfe271f2165db8b9084412f61634b61f,BUY,0x70705ca527ecbcbdb5ebc5f648a5b0f3e765a0839d5889f6fae7e80c7e036625,1455.702856,0.20637453430949373,1770591425,Will Lady Gaga perform during the Super Bowl LX halftime show?,will-lady-gaga-perform-during-the-super-bowl-lx-halftime-show,who-will-perform-at-super-bowl-halftime-show,No,1,Yuli-betzz,300.419999
0xe8005ce45a222de67df1bf8515050b96649550de,BUY,0x70705ca527ecbcbdb5ebc5f648a5b0f3e765a0839d5889f6fae7e80c7e036625,1378.18,0.21767838743850584,1770572757,Will Lady Gaga perform during the Super Bowl LX halftime show?,will-lady-gaga-perform-during-the-super-bowl-lx-halftime-show,who-will-perform-at-super-bowl-halftime-show,No,1,simonster,300.0
0xb39909c5bfe271f2165db8b9084412f61634b61f,BUY,0x70705ca527ecbcbdb5ebc5f648a5b0f3e765a0839d5889f6fae7e80c7e036625,1587.64263,0.18895940013906026,1770541627,Will Lady Gaga perform during the Super Bowl LX halftime show?,will-lady-gaga-perform-during-the-super-bowl-lx-halftime-show,who-will-perform-at-super-bowl-halftime-show,No,1,Yuli-betzz,299.999999
0xff0fbaca4b13484e46aafcbe59301d1fddba7efc,BUY,0x70705ca527ecbcbdb5ebc5f648a5b0f3e765a0839d5889f6fae7e80c7e036625,1320.869564,0.22712310675969213,1770438851,Will Lady Gaga perform during the Super Bowl LX halftime show?,will-lady-gaga-perform-during-the-super-bowl-lx-halftime-show,who-will-perform-at-super-bowl-halftime-show,No,1,aleeecolo,299.999999
0x655672ec39f5bdf554e9490c9c3931519fb326d6,BUY,0x70705ca527ecbcbdb5ebc5f648a5b0f3e765a0839d5889f6fae7e80c7e036625,1578.947367,0.18999999953766666,1770576351,Will Lady Gaga perform during the Super Bowl LX halftime show?,will-lady-gaga-perform-during-the-super-bowl-lx-halftime-show,who-will-perform-at-super-bowl-halftime-show,No,1,ZhugeLiang21,299.999999
0xff1768108a73e93f661ac38f0d43ec1bbac35745,BUY,0x70705ca527ecbcbdb5ebc5f648a5b0f3e765a0839d5889f6fae7e80c7e036625,346.807469,0.8650332672045191,1770595341,Will Lady Gaga perform during the Super Bowl LX halftime show?,will-lady-gaga-perform-during-the-super-bowl-lx-halftime-show,who-will-perform-at-super-bowl-halftime-show,Yes,0,coleybetsmer,299.999998
0x842ac934cfff1467f27c167c42c318001e407422,BUY,0x70705ca527ecbcbdb5ebc5f648a5b0f3e765a0839d5889f6fae7e80c7e036625,345.853635,0.8674189531071431,1770592621,Will Lady Gaga perform during the Super Bowl LX halftime show?,will-lady-gaga-perform-during-the-super-bowl-lx-halftime-show,who-will-perform-at-super-bowl-halftime-show,Yes,0,ChompChomp888,299.999998
0xcb3f3d09b87f290052f7fbe4adc5be43f27ebb21,BUY,0x70705ca527ecbcbdb5ebc5f648a5b0f3e765a0839d5889f6fae7e80c7e036625,369.81807,0.8112096793972237,1770500135,Will Lady Gaga perform during the Super Bowl LX halftime show?,will-lady-gaga-perform-during-the-super-bowl-lx-halftime-show,who-will-perform-at-super-bowl-halftime-show,Yes,0,shkreli,299.999998
0xff1768108a73e93f661ac38f0d43ec1bbac35745,BUY,0x70705ca527ecbcbdb5ebc5f648a5b0f3e765a0839d5889f6fae7e80c7e036625,340.958521,0.8798724170908754,1770595357,Will Lady Gaga perform during the Super Bowl LX halftime show?,will-lady-gaga-perform-during-the-super-bowl-lx-halftime-show,who-will-perform-at-super-bowl-halftime-show,Yes,0,coleybetsmer,299.999998
0x738b979af44519b7e6ebdafc080292641a6a765c,BUY,0x70705ca527ecbcbdb5ebc5f648a5b0f3e765a0839d5889f6fae7e80c7e036625,331.93868,0.9037813791390626,1770596443,Will Lady Gaga perform during the Super Bowl LX halftime show?,will-lady-gaga-perform-during-the-super-bowl-lx-halftime-show,who-will-perform-at-super-bowl-halftime-show,Yes,0,1904,299.99999799999995
0x09ad5862d92d829116ecc6d55c2bf28ab20e819e,BUY,0x70705ca527ecbcbdb5ebc5f648a5b0f3e765a0839d5889f6fae7e80c7e036625,334.82144,0.8959999574698682,1770457931,Will Lady Gaga perform during the Super Bowl LX halftime show?,will-lady-gaga-perform-during-the-super-bowl-lx-halftime-show,who-will-perform-at-super-bowl-halftime-show,Yes,0,0x09AD5862d92d829116eCc6d55c2BF28aB20E819e-1766240659613,299.999996
0x7897fadaa1941032d26fe094fab8b8f1f7924239,BUY,0x70705ca527ecbcbdb5ebc5f648a5b0f3e765a0839d5889f6fae7e80c7e036625,354.383406,0.8465407519673762,1770587939,Will Lady Gaga perform during the Super Bowl LX halftime show?,will-lady-gaga-perform-during-the-super-bowl-lx-halftime-show,who-will-perform-at-super-bowl-halftime-show,Yes,0,11111asdaDSASD,299.99999499999996
0x2b1d93318daa8ce47f75db692239f31a60abfe6d,BUY,0x70705ca527ecbcbdb5ebc5f648a5b0f3e765a0839d5889f6fae7e80c7e036625,338.77072,0.8855546429750482,1770580489,Will Lady Gaga perform during the Super Bowl LX halftime show?,will-lady-gaga-perform-during-the-super-bowl-lx-halftime-show,who-will-perform-at-super-bowl-halftime-show,Yes,0,ninjagolover,299.999984
0xd25754173d28f493a400aa2578450c3f95aa230a,BUY,0x70705ca527ecbcbdb5ebc5f648a5b0f3e765a0839d5889f6fae7e80c7e036625,1759.088234,0.16997441812233735,1770586087,Will Lady Gaga perform during the Super Bowl LX halftime show?,will-lady-gaga-perform-during-the-super-bowl-lx-halftime-show,who-will-perform-at-super-bowl-halftime-show,No,1,Shall69,298.999999
0x28b291aa82da13e1d58993873806c92908d5eb4f,BUY,0x70705ca527ecbcbdb5ebc5f648a5b0f3e765a0839d5889f6fae7e80c7e036625,365.01,0.81,1770595229,Will Lady Gaga perform during the Super Bowl LX halftime show?,will-lady-gaga-perform-during-the-super-bowl-lx-halftime-show,who-will-perform-at-super-bowl-halftime-show,Yes,0,libratus1,295.6581
0xb39909c5bfe271f2165db8b9084412f61634b61f,BUY,0x70705ca527ecbcbdb5ebc5f648a5b0f3e765a0839d5889f6fae7e80c7e036625,1226.433332,0.2397195113089115,1770572551,Will Lady Gaga perform during the Super Bowl LX halftime show?,will-lady-gaga-perform-during-the-super-bowl-lx-halftime-show,who-will-perform-at-super-bowl-halftime-show,No,1,Yuli-betzz,293.99999900000006
0x5ccf62ac8155e49bc7d021a1a66e9ef18f5579d7,SELL,0x70705ca527ecbcbdb5ebc5f648a5b0f3e765a0839d5889f6fae7e80c7e036625,388.99,0.75,1770503393,Will Lady Gaga perform during the Super Bowl LX halftime show?,will-lady-gaga-perform-during-the-super-bowl-lx-halftime-show,who-will-perform-at-super-bowl-halftime-show,Yes,0,Cungly,291.7425
0x63c74f7e3ee969b7576ef48a2a4d01e798e018f5,BUY,0x70705ca527ecbcbdb5ebc5f648a5b0f3e765a0839d5889f6fae7e80c7e036625,325.016583,0.8737092439372547,1770592695,Will Lady Gaga perform during the Super Bowl LX halftime show?,will-lady-gaga-perform-during-the-super-bowl-lx-halftime-show,who-will-perform-at-super-bowl-halftime-show,Yes,0,sauma99,283.969993
0x1c3dc2273d64ebe2a99fa39dd8883130c8792ff5,BUY,0x70705ca527ecbcbdb5ebc5f648a5b0f3e765a0839d5889f6fae7e80c7e036625,355.40575,0.7878319357523056,1770548635,Will Lady Gaga perform during the Super Bowl LX halftime show?,will-lady-gaga-perform-during-the-super-bowl-lx-halftime-show,who-will-perform-at-super-bowl-halftime-show,Yes,0,0x1c3DC2273D64eBE2A99fA39dD8883130c8792FF5-1767525426111,280.0
0x22e4248bdb066f65c9f11cd66cdd3719a28eef1c,BUY,0x70705ca527ecbcbdb5ebc5f648a5b0f3e765a0839d5889f6fae7e80c7e036625,333.31,0.84,1770578083,Will Lady Gaga perform during the Super Bowl LX halftime show?,will-lady-gaga-perform-during-the-super-bowl-lx-halftime-show,who-will-perform-at-super-bowl-halftime-show,Yes,0,ProfessionalPunter,279.9804
0xff1768108a73e93f661ac38f0d43ec1bbac35745,BUY,0x70705ca527ecbcbdb5ebc5f648a5b0f3e765a0839d5889f6fae7e80c7e036625,315.26,0.8858764194633001,1770598615,Will Lady Gaga perform during the Super Bowl LX halftime show?,will-lady-gaga-perform-during-the-super-bowl-lx-halftime-show,who-will-perform-at-super-bowl-halftime-show,Yes,0,coleybetsmer,279.28139999999996
0x0509d64aac136cbc253b7e208e4bacfe6c786e98,BUY,0x70705ca527ecbcbdb5ebc5f648a5b0f3e765a0839d5889f6fae7e80c7e036625,311.91,0.88,1770598533,Will Lady Gaga perform during the Super Bowl LX halftime show?,will-lady-gaga-perform-during-the-super-bowl-lx-halftime-show,who-will-perform-at-super-bowl-halftime-show,Yes,0,aaaaaaaaaaaaaaaaaa1,274.48080000000004
0xfbff8d110ff1a34e486d791b389ea4d5f8cc5830,BUY,0x70705ca527ecbcbdb5ebc5f648a5b0f3e765a0839d5889f6fae7e80c7e036625,329.13,0.83,1770583013,Will Lady Gaga perform during the Super Bowl LX halftime show?,will-lady-gaga-perform-during-the-super-bowl-lx-halftime-show,who-will-perform-at-super-bowl-halftime-show,Yes,0,Cheddar-Factory,273.17789999999997
0xb48b1a8f796ba414672f8974dbfedca5c6c504eb,BUY,0x70705ca527ecbcbdb5ebc5f648a5b0f3e765a0839d5889f6fae7e80c7e036625,317.74,0.85,1770586005,Will Lady Gaga perform during the Super Bowl LX halftime show?,will-lady-gaga-perform-during-the-super-bowl-lx-halftime-show,who-will-perform-at-super-bowl-halftime-show,Yes,0,mrkinetiq,270.079
0xcc3e87226912d35893b678eaa8a39d57b6fe37ef,BUY,0x70705ca527ecbcbdb5ebc5f648a5b0f3e765a0839d5889f6fae7e80c7e036625,1500.0,0.18,1770581131,Will Lady Gaga perform during the Super Bowl LX halftime show?,will-lady-gaga-perform-during-the-super-bowl-lx-halftime-show,who-will-perform-at-super-bowl-halftime-show,No,1,LadyLuck2,270.0
0x42cbc0f59ec7affdf89d4ea0a7e56b9807b0c8b7,BUY,0x70705ca527ecbcbdb5ebc5f648a5b0f3e765a0839d5889f6fae7e80c7e036625,1739.15375,0.15524791870758983,1770580723,Will Lady Gaga perform during the Super Bowl LX halftime show?,will-lady-gaga-perform-during-the-super-bowl-lx-halftime-show,who-will-perform-at-super-bowl-halftime-show,No,1,,270.0
0xe732156a2d84cdfb4de831d3f11a22899e49898f,BUY,0x70705ca527ecbcbdb5ebc5f648a5b0f3e765a0839d5889f6fae7e80c7e036625,287.1,0.9368578892371996,1770600289,Will Lady Gaga perform during the Super Bowl LX halftime show?,will-lady-gaga-perform-during-the-super-bowl-lx-halftime-show,who-will-perform-at-super-bowl-halftime-show,Yes,0,Nostdam,268.9719
0x9ad030880c304c2e9356c1fc19d6c4bafbeda9d8,BUY,0x70705ca527ecbcbdb5ebc5f648a5b0f3e765a0839d5889f6fae7e80c7e036625,992.592591,0.26999999942574626,1770564511,Will Lady Gaga perform during the Super Bowl LX halftime show?,will-lady-gaga-perform-during-the-super-bowl-lx-halftime-show,who-will-perform-at-super-bowl-halftime-show,No,1,outrun1600,267.999999
0x0b8d2f811ba1c5bc3f1157f5f77a492c4cf4c3a9,BUY,0x70705ca527ecbcbdb5ebc5f648a5b0f3e765a0839d5889f6fae7e80c7e036625,317.61,0.84,1770541331,Will Lady Gaga perform during the Super Bowl LX halftime show?,will-lady-gaga-perform-during-the-super-bowl-lx-halftime-show,who-will-perform-at-super-bowl-halftime-show,Yes,0,toxro23,266.7924
0x69ea0d77ef34f1acb03aaed901df7620fc4215cd,BUY,0x70705ca527ecbcbdb5ebc5f648a5b0f3e765a0839d5889f6fae7e80c7e036625,1656.25,0.16,1770579505,Will Lady Gaga perform during the Super Bowl LX halftime show?,will-lady-gaga-perform-during-the-super-bowl-lx-halftime-show,who-will-perform-at-super-bowl-halftime-show,No,1,TylerTurden,265.0
0x437b91c5863bec6586af33dcabb640c58f200ba4,BUY,0x70705ca527ecbcbdb5ebc5f648a5b0f3e765a0839d5889f6fae7e80c7e036625,344.42,0.76,1770569423,Will Lady Gaga perform during the Super Bowl LX halftime show?,will-lady-gaga-perform-during-the-super-bowl-lx-halftime-show,who-will-perform-at-super-bowl-halftime-show,Yes,0,greendumper,261.7592
0x27c2bc4f18bbfaac2140ca725db0165ab4621d29,BUY,0x70705ca527ecbcbdb5ebc5f648a5b0f3e765a0839d5889f6fae7e80c7e036625,1918.949284,0.13496969469673592,1770593113,Will Lady Gaga perform during the Super Bowl LX halftime show?,will-lady-gaga-perform-during-the-super-bowl-lx-halftime-show,who-will-perform-at-super-bowl-halftime-show,No,1,0x27c2Bc4F18BbfaaC2140CA725db0165aB4621D29-1760906306140,258.999999
0x16bc947196043156844ee2268b4651e67d8dc822,BUY,0x70705ca527ecbcbdb5ebc5f648a5b0f3e765a0839d5889f6fae7e80c7e036625,723.07,0.35709571687388497,1770566309,Will Lady Gaga perform during the Super Bowl LX halftime show?,will-lady-gaga-perform-during-the-super-bowl-lx-halftime-show,who-will-perform-at-super-bowl-halftime-show,No,1,0x16bC947196043156844EE2268B4651E67d8dC822-1731579624017,258.20520000000005
0xec06a2b8dce9387a1ac99175b4ddab74b1169d24,BUY,0x70705ca527ecbcbdb5ebc5f648a5b0f3e765a0839d5889f6fae7e80c7e036625,2121.20357,0.12085120100000586,1770599351,Will Lady Gaga perform during the Super Bowl LX halftime show?,will-lady-gaga-perform-during-the-super-bowl-lx-halftime-show,who-will-perform-at-super-bowl-halftime-show,No,1,0xec06a2b8dCE9387A1Ac99175b4DDAB74b1169D24-1769626626159,256.349999
0x800b0d7d42224cc2795c0f4e89b683915b4a152a,BUY,0x70705ca527ecbcbdb5ebc5f648a5b0f3e765a0839d5889f6fae7e80c7e036625,270.0,0.9470744444444444,1770405473,Will Lady Gaga perform during the Super Bowl LX halftime show?,will-lady-gaga-perform-during-the-super-bowl-lx-halftime-show,who-will-perform-at-super-bowl-halftime-show,Yes,0,Poutinesteam,255.7101
0xad14dda9ed14960f184911dd38719fbee87f34fd,BUY,0x70705ca527ecbcbdb5ebc5f648a5b0f3e765a0839d5889f6fae7e80c7e036625,300.0,0.85,1770591763,Will Lady Gaga perform during the Super Bowl LX halftime show?,will-lady-gaga-perform-during-the-super-bowl-lx-halftime-show,who-will-perform-at-super-bowl-halftime-show,Yes,0,Dunch69,255.0
0x9a3fa403a6666eef75f92f181fcf13f9c051914a,BUY,0x70705ca527ecbcbdb5ebc5f648a5b0f3e765a0839d5889f6fae7e80c7e036625,276.17,0.92,1770599271,Will Lady Gaga perform during the Super Bowl LX halftime show?,will-lady-gaga-perform-during-the-super-bowl-lx-halftime-show,who-will-perform-at-super-bowl-halftime-show,Yes,0,Rex416,254.07640000000004
0x4932f0a5ac1bf442a376650dc72d2f0ba82169c6,BUY,0x70705ca527ecbcbdb5ebc5f648a5b0f3e765a0839d5889f6fae7e80c7e036625,1054.556665,0.23706644440960412,1770572325,Will Lady Gaga perform during the Super Bowl LX halftime show?,will-lady-gaga-perform-during-the-super-bowl-lx-halftime-show,who-will-perform-at-super-bowl-halftime-show,No,1,Boazgoat124,249.99999900000003
0x270e9b6b04665e212762a018214dd023a52b2930,BUY,0x70705ca527ecbcbdb5ebc5f648a5b0f3e765a0839d5889f6fae7e80c7e036625,961.53846,0.259999999376,1770411429,Will Lady Gaga perform during the Super Bowl LX halftime show?,will-lady-gaga-perform-during-the-super-bowl-lx-halftime-show,who-will-perform-at-super-bowl-halftime-show,No,1,Danieu,249.999999
0x0807177a66d41bb6a0a16e6caed906bbfb96443a,BUY,0x70705ca527ecbcbdb5ebc5f648a5b0f3e765a0839d5889f6fae7e80c7e036625,1123.363635,0.2199999993768714,1770571757,Will Lady Gaga perform during the Super Bowl LX halftime show?,will-lady-gaga-perform-during-the-super-bowl-lx-halftime-show,who-will-perform-at-super-bowl-halftime-show,No,1,0x0807177A66D41Bb6a0a16e6cAED906bbFb96443A-1770522207160,247.13999899999996
0x800b0d7d42224cc2795c0f4e89b683915b4a152a,BUY,0x70705ca527ecbcbdb5ebc5f648a5b0f3e765a0839d5889f6fae7e80c7e036625,311.36,0.78,1770512723,Will Lady Gaga perform during the Super Bowl LX halftime show?,will-lady-gaga-perform-during-the-super-bowl-lx-halftime-show,who-will-perform-at-super-bowl-halftime-show,Yes,0,Poutinesteam,242.8608
0xff1768108a73e93f661ac38f0d43ec1bbac35745,BUY,0x70705ca527ecbcbdb5ebc5f648a5b0f3e765a0839d5889f6fae7e80c7e036625,293.45,0.8252005452376896,1770599635,Will Lady Gaga perform during the Super Bowl LX halftime show?,will-lady-gaga-perform-during-the-super-bowl-lx-halftime-show,who-will-perform-at-super-bowl-halftime-show,Yes,0,coleybetsmer,242.1551
0x3dd7080dd3038af0b6e5967064b9db6ace154c73,BUY,0x70705ca527ecbcbdb5ebc5f648a5b0f3e765a0839d5889f6fae7e80c7e036625,300.0,0.8,1770536479,Will Lady Gaga perform during the Super Bowl LX halftime show?,will-lady-gaga-perform-during-the-super-bowl-lx-halftime-show,who-will-perform-at-super-bowl-halftime-show,Yes,0,AdamP13031988,240.0
0xec48c76b149c9426eef806e44c68f0b1e5120bd6,BUY,0x70705ca527ecbcbdb5ebc5f648a5b0f3e765a0839d5889f6fae7e80c7e036625,302.24,0.79,1770529341,Will Lady Gaga perform during the Super Bowl LX halftime show?,will-lady-gaga-perform-during-the-super-bowl-lx-halftime-show,who-will-perform-at-super-bowl-halftime-show,Yes,0,0xEc48C76B149c9426eeF806e44C68f0B1e5120Bd6-1762016533835,238.76960000000003
0x22e4248bdb066f65c9f11cd66cdd3719a28eef1c,BUY,0x70705ca527ecbcbdb5ebc5f648a5b0f3e765a0839d5889f6fae7e80c7e036625,290.57,0.82,1770578087,Will Lady Gaga perform during the Super Bowl LX halftime show?,will-lady-gaga-perform-during-the-super-bowl-lx-halftime-show,who-will-perform-at-super-bowl-halftime-show,Yes,0,ProfessionalPunter,238.26739999999998
0x09ad5862d92d829116ecc6d55c2bf28ab20e819e,BUY,0x70705ca527ecbcbdb5ebc5f648a5b0f3e765a0839d5889f6fae7e80c7e036625,250.702466,0.9419133196719334,1770413307,Will Lady Gaga perform during the Super Bowl LX halftime show?,will-lady-gaga-perform-during-the-super-bowl-lx-halftime-show,who-will-perform-at-super-bowl-halftime-show,Yes,0,0x09AD5862d92d829116eCc6d55c2BF28aB20E819e-1766240659613,236.139992
0x22e4248bdb066f65c9f11cd66cdd3719a28eef1c,BUY,0x70705ca527ecbcbdb5ebc5f648a5b0f3e765a0839d5889f6fae7e80c7e036625,280.76,0.818978486963955,1770572767,Will Lady Gaga perform during the Super Bowl LX halftime show?,will-lady-gaga-perform-during-the-super-bowl-lx-halftime-show,who-will-perform-at-super-bowl-halftime-show,Yes,0,ProfessionalPunter,229.93640000000002
0xde0463ea7f611b065e8ab06bbfbddad75e6dfa37,BUY,0x70705ca527ecbcbdb5ebc5f648a5b0f3e765a0839d5889f6fae7e80c7e036625,1087.34,0.21,1770529373,Will Lady Gaga perform during the Super Bowl LX halftime show?,will-lady-gaga-perform-during-the-super-bowl-lx-halftime-show,who-will-perform-at-super-bowl-halftime-show,No,1,mwenya,228.34139999999996
0x800b0d7d42224cc2795c0f4e89b683915b4a152a,BUY,0x70705ca527ecbcbdb5ebc5f648a5b0f3e765a0839d5889f6fae7e80c7e036625,307.07,0.7325727032924089,1770564003,Will Lady Gaga perform during the Super Bowl LX halftime show?,will-lady-gaga-perform-during-the-super-bowl-lx-halftime-show,who-will-perform-at-super-bowl-halftime-show,Yes,0,Poutinesteam,224.9511
0x4932f0a5ac1bf442a376650dc72d2f0ba82169c6,SELL,0x70705ca527ecbcbdb5ebc5f648a5b0f3e765a0839d5889f6fae7e80c7e036625,1070.0,0.20660934579439252,1770572289,Will Lady Gaga perform during the Super Bowl LX halftime show?,will-lady-gaga-perform-during-the-super-bowl-lx-halftime-show,who-will-perform-at-super-bowl-halftime-show,No,1,Boazgoat124,221.072
0x46d005a418986b82c86ba613c12a803ff3f3aeca,BUY,0x70705ca527ecbcbdb5ebc5f648a5b0f3e765a0839d5889f6fae7e80c7e036625,250.0,0.87,1770573901,Will Lady Gaga perform during the Super Bowl LX halftime show?,will-lady-gaga-perform-during-the-super-bowl-lx-halftime-show,who-will-perform-at-super-bowl-halftime-show,Yes,0,than0s,217.5
0x800b0d7d42224cc2795c0f4e89b683915b4a152a,BUY,0x70705ca527ecbcbdb5ebc5f648a5b0f3e765a0839d5889f6fae7e80c7e036625,240.0,0.88,1770425115,Will Lady Gaga perform during the Super Bowl LX halftime show?,will-lady-gaga-perform-during-the-super-bowl-lx-halftime-show,who-will-perform-at-super-bowl-halftime-show,Yes,0,Poutinesteam,211.2
0x5242b3443c2f0a27e3c5baa1a6a322bee5978a89,BUY,0x70705ca527ecbcbdb5ebc5f648a5b0f3e765a0839d5889f6fae7e80c7e036625,1029.285713,0.20499652947189018,1770591703,Will Lady Gaga perform during the Super Bowl LX halftime show?,will-lady-gaga-perform-during-the-super-bowl-lx-halftime-show,who-will-perform-at-super-bowl-halftime-show,No,1,Tbhshady,210.999999
0xbbd2c54de2ef3c337b5a9b221a54981ba22d9b1a,SELL,0x70705ca527ecbcbdb5ebc5f648a5b0f3e765a0839d5889f6fae7e80c7e036625,250.0,0.8164344,1770581897,Will Lady Gaga perform during the Super Bowl LX halftime show?,will-lady-gaga-perform-during-the-super-bowl-lx-halftime-show,who-will-perform-at-super-bowl-halftime-show,Yes,0,yoyoyo543,204.1086
0x2f0dcd135bf8e9b20c49f2b64ba5eecb85c80d85,BUY,0x70705ca527ecbcbdb5ebc5f648a5b0f3e765a0839d5889f6fae7e80c7e036625,838.9176,0.24268176040173672,1770500555,Will Lady Gaga perform during the Super Bowl LX halftime show?,will-lady-gaga-perform-during-the-super-bowl-lx-halftime-show,who-will-perform-at-super-bowl-halftime-show,No,1,etern9l,203.59
0x573e8a0fbd39d0331e20a9f35af924804de72c56,BUY,0x70705ca527ecbcbdb5ebc5f648a5b0f3e765a0839d5889f6fae7e80c7e036625,1048.95,0.19408932742266075,1770490447,Will Lady Gaga perform during the Super Bowl LX halftime show?,will-lady-gaga-perform-during-the-super-bowl-lx-halftime-show,who-will-perform-at-super-bowl-halftime-show,No,1,Rf01,203.59
0xde0463ea7f611b065e8ab06bbfbddad75e6dfa37,BUY,0x70705ca527ecbcbdb5ebc5f648a5b0f3e765a0839d5889f6fae7e80c7e036625,947.0,0.2128963041182682,1770530665,Will Lady Gaga perform during the Super Bowl LX halftime show?,will-lady-gaga-perform-during-the-super-bowl-lx-halftime-show,who-will-perform-at-super-bowl-halftime-show,No,1,mwenya,201.6128
0x0807177a66d41bb6a0a16e6caed906bbfb96443a,BUY,0x70705ca527ecbcbdb5ebc5f648a5b0f3e765a0839d5889f6fae7e80c7e036625,988.454089,0.20338830223605864,1770573105,Will Lady Gaga perform during the Super Bowl LX halftime show?,will-lady-gaga-perform-during-the-super-bowl-lx-halftime-show,who-will-perform-at-super-bowl-halftime-show,No,1,0x0807177A66D41Bb6a0a16e6cAED906bbFb96443A-1770522207160,201.039999
0x4be1fa92e6ceaf886aac0bbec3be6c527133aa70,BUY,0x70705ca527ecbcbdb5ebc5f648a5b0f3e765a0839d5889f6fae7e80c7e036625,253.83275,0.7918599944254632,1770553381,Will Lady Gaga perform during the Super Bowl LX halftime show?,will-lady-gaga-perform-during-the-super-bowl-lx-halftime-show,who-will-perform-at-super-bowl-halftime-show,Yes,0,0x4BE1fA92e6cEAF886aAc0bBEc3BE6C527133AA70-1768165898647,201.0
0x4be1fa92e6ceaf886aac0bbec3be6c527133aa70,BUY,0x70705ca527ecbcbdb5ebc5f648a5b0f3e765a0839d5889f6fae7e80c7e036625,234.883714,0.8557425739615135,1770467967,Will Lady Gaga perform during the Super Bowl LX halftime show?,will-lady-gaga-perform-during-the-super-bowl-lx-halftime-show,who-will-perform-at-super-bowl-halftime-show,Yes,0,0x4BE1fA92e6cEAF886aAc0bBEc3BE6C527133AA70-1768165898647,200.999994
0xb39909c5bfe271f2165db8b9084412f61634b61f,BUY,0x70705ca527ecbcbdb5ebc5f648a5b0f3e765a0839d5889f6fae7e80c7e036625,1059.411738,0.1896429799610168,1770428851,Will Lady Gaga perform during the Super Bowl LX halftime show?,will-lady-gaga-perform-during-the-super-bowl-lx-halftime-show,who-will-perform-at-super-bowl-halftime-show,No,1,Yuli-betzz,200.909999
0x89e0552b897baa5486a45ff257a39858a79a9412,BUY,0x70705ca527ecbcbdb5ebc5f648a5b0f3e765a0839d5889f6fae7e80c7e036625,743.71,0.27,1770503617,Will Lady Gaga perform during the Super Bowl LX halftime show?,will-lady-gaga-perform-during-the-super-bowl-lx-halftime-show,who-will-perform-at-super-bowl-halftime-show,No,1,Ross1212,200.8017
0xb39909c5bfe271f2165db8b9084412f61634b61f,BUY,0x70705ca527ecbcbdb5ebc5f648a5b0f3e765a0839d5889f6fae7e80c7e036625,742.222221,0.2699999990973054,1770410967,Will Lady Gaga perform during the Super Bowl LX halftime show?,will-lady-gaga-perform-during-the-super-bowl-lx-halftime-show,who-will-perform-at-super-bowl-halftime-show,No,1,Yuli-betzz,200.39999899999998
0xc2e44c3286dd157e1bc745615f14d5f0960822cb,BUY,0x70705ca527ecbcbdb5ebc5f648a5b0f3e765a0839d5889f6fae7e80c7e036625,1067.5,0.1873536299765808,1770491209,Will Lady Gaga perform during the Super Bowl LX halftime show?,will-lady-gaga-perform-during-the-super-bowl-lx-halftime-show,who-will-perform-at-super-bowl-halftime-show,No,1,sl33pless,200.00000000000003
0x4be1fa92e6ceaf886aac0bbec3be6c527133aa70,BUY,0x70705ca527ecbcbdb5ebc5f648a5b0f3e765a0839d5889f6fae7e80c7e036625,251.24975,0.7960206925579031,1770555357,Will Lady Gaga perform during the Super Bowl LX halftime show?,will-lady-gaga-perform-during-the-super-bowl-lx-halftime-show,who-will-perform-at-super-bowl-halftime-show,Yes,0,0x4BE1fA92e6cEAF886aAc0bBEc3BE6C527133AA70-1768165898647,200.00000000000003
0x4be1fa92e6ceaf886aac0bbec3be6c527133aa70,BUY,0x70705ca527ecbcbdb5ebc5f648a5b0f3e765a0839d5889f6fae7e80c7e036625,250.0,0.8,1770552931,Will Lady Gaga perform during the Super Bowl LX halftime show?,will-lady-gaga-perform-during-the-super-bowl-lx-halftime-show,who-will-perform-at-super-bowl-halftime-show,Yes,0,0x4BE1fA92e6cEAF886aAc0bBEc3BE6C527133AA70-1768165898647,200.0
0x4be1fa92e6ceaf886aac0bbec3be6c527133aa70,BUY,0x70705ca527ecbcbdb5ebc5f648a5b0f3e765a0839d5889f6fae7e80c7e036625,250.0,0.8,1770552927,Will Lady Gaga perform during the Super Bowl LX halftime show?,will-lady-gaga-perform-during-the-super-bowl-lx-halftime-show,who-will-perform-at-super-bowl-halftime-show,Yes,0,0x4BE1fA92e6cEAF886aAc0bBEc3BE6C527133AA70-1768165898647,200.0
0x4be1fa92e6ceaf886aac0bbec3be6c527133aa70,BUY,0x70705ca527ecbcbdb5ebc5f648a5b0f3e765a0839d5889f6fae7e80c7e036625,254.029,0.7873116848863713,1770556759,Will Lady Gaga perform during the Super Bowl LX halftime show?,will-lady-gaga-perform-during-the-super-bowl-lx-halftime-show,who-will-perform-at-super-bowl-halftime-show,Yes,0,0x4BE1fA92e6cEAF886aAc0bBEc3BE6C527133AA70-1768165898647,200.0
0x4be1fa92e6ceaf886aac0bbec3be6c527133aa70,BUY,0x70705ca527ecbcbdb5ebc5f648a5b0f3e765a0839d5889f6fae7e80c7e036625,250.0,0.8,1770552935,Will Lady Gaga perform during the Super Bowl LX halftime show?,will-lady-gaga-perform-during-the-super-bowl-lx-halftime-show,who-will-perform-at-super-bowl-halftime-show,Yes,0,0x4BE1fA92e6cEAF886aAc0bBEc3BE6C527133AA70-1768165898647,200.0
0x4be1fa92e6ceaf886aac0bbec3be6c527133aa70,BUY,0x70705ca527ecbcbdb5ebc5f648a5b0f3e765a0839d5889f6fae7e80c7e036625,250.0,0.8,1770552923,Will Lady Gaga perform during the Super Bowl LX halftime show?,will-lady-gaga-perform-during-the-super-bowl-lx-halftime-show,who-will-perform-at-super-bowl-halftime-show,Yes,0,0x4BE1fA92e6cEAF886aAc0bBEc3BE6C527133AA70-1768165898647,200.0
0x4be1fa92e6ceaf886aac0bbec3be6c527133aa70,BUY,0x70705ca527ecbcbdb5ebc5f648a5b0f3e765a0839d5889f6fae7e80c7e036625,250.0,0.8,1770556951,Will Lady Gaga perform during the Super Bowl LX halftime show?,will-lady-gaga-perform-during-the-super-bowl-lx-halftime-show,who-will-perform-at-super-bowl-halftime-show,Yes,0,0x4BE1fA92e6cEAF886aAc0bBEc3BE6C527133AA70-1768165898647,200.0
0x4be1fa92e6ceaf886aac0bbec3be6c527133aa70,BUY,0x70705ca527ecbcbdb5ebc5f648a5b0f3e765a0839d5889f6fae7e80c7e036625,252.47275,0.7921646989625613,1770552369,Will Lady Gaga perform during the Super Bowl LX halftime show?,will-lady-gaga-perform-during-the-super-bowl-lx-halftime-show,who-will-perform-at-super-bowl-halftime-show,Yes,0,0x4BE1fA92e6cEAF886aAc0bBEc3BE6C527133AA70-1768165898647,199.99999999999997
0x4be1fa92e6ceaf886aac0bbec3be6c527133aa70,BUY,0x70705ca527ecbcbdb5ebc5f648a5b0f3e765a0839d5889f6fae7e80c7e036625,252.440125,0.7922670771930571,1770555351,Will Lady Gaga perform during the Super Bowl LX halftime show?,will-lady-gaga-perform-during-the-super-bowl-lx-halftime-show,who-will-perform-at-super-bowl-halftime-show,Yes,0,0x4BE1fA92e6cEAF886aAc0bBEc3BE6C527133AA70-1768165898647,199.99999999999997
0x7e42df59c1b4b6c22c13f6a7e8d2d3277cfeff3c,BUY,0x70705ca527ecbcbdb5ebc5f648a5b0f3e765a0839d5889f6fae7e80c7e036625,1052.631577,0.1899999994015,1770575569,Will Lady Gaga perform during the Super Bowl LX halftime show?,will-lady-gaga-perform-during-the-super-bowl-lx-halftime-show,who-will-perform-at-super-bowl-halftime-show,No,1,TT2199,199.99999900000003
0x27621dadc65fa6e1ad2105b4500a6a7b584ed65a,BUY,0x70705ca527ecbcbdb5ebc5f648a5b0f3e765a0839d5889f6fae7e80c7e036625,238.095237,0.839999999664,1770511839,Will Lady Gaga perform during the Super Bowl LX halftime show?,will-lady-gaga-perform-during-the-super-bowl-lx-halftime-show,who-will-perform-at-super-bowl-halftime-show,Yes,0,TRILLZionaire,199.999999
0x4be1fa92e6ceaf886aac0bbec3be6c527133aa70,BUY,0x70705ca527ecbcbdb5ebc5f648a5b0f3e765a0839d5889f6fae7e80c7e036625,224.7191,0.89,1770472295,Will Lady Gaga perform during the Super Bowl LX halftime show?,will-lady-gaga-perform-during-the-super-bowl-lx-halftime-show,who-will-perform-at-super-bowl-halftime-show,Yes,0,0x4BE1fA92e6cEAF886aAc0bBEc3BE6C527133AA70-1768165898647,199.999999
0x4be1fa92e6ceaf886aac0bbec3be6c527133aa70,BUY,0x70705ca527ecbcbdb5ebc5f648a5b0f3e765a0839d5889f6fae7e80c7e036625,250.533826,0.7982953926548825,1770552391,Will Lady Gaga perform during the Super Bowl LX halftime show?,will-lady-gaga-perform-during-the-super-bowl-lx-halftime-show,who-will-perform-at-super-bowl-halftime-show,Yes,0,0x4BE1fA92e6cEAF886aAc0bBEc3BE6C527133AA70-1768165898647,199.999999
0x70abd0f753b77f43353b463ac85ad92bd4079441,BUY,0x70705ca527ecbcbdb5ebc5f648a5b0f3e765a0839d5889f6fae7e80c7e036625,909.090908,0.219999999164,1770573355,Will Lady Gaga perform during the Super Bowl LX halftime show?,will-lady-gaga-perform-during-the-super-bowl-lx-halftime-show,who-will-perform-at-super-bowl-halftime-show,No,1,cooker21,199.999999
0x4be1fa92e6ceaf886aac0bbec3be6c527133aa70,BUY,0x70705ca527ecbcbdb5ebc5f648a5b0f3e765a0839d5889f6fae7e80c7e036625,234.019185,0.8546307816600592,1770468459,Will Lady Gaga perform during the Super Bowl LX halftime show?,will-lady-gaga-perform-during-the-super-bowl-lx-halftime-show,who-will-perform-at-super-bowl-halftime-show,Yes,0,0x4BE1fA92e6cEAF886aAc0bBEc3BE6C527133AA70-1768165898647,199.999999
0x92dc43a07b153daccab37cc8612b20d5cbd67916,BUY,0x70705ca527ecbcbdb5ebc5f648a5b0f3e765a0839d5889f6fae7e80c7e036625,238.095237,0.839999999664,1770578661,Will Lady Gaga perform during the Super Bowl LX halftime show?,will-lady-gaga-perform-during-the-super-bowl-lx-halftime-show,who-will-perform-at-super-bowl-halftime-show,Yes,0,cashstacker2,199.999999
0x4be1fa92e6ceaf886aac0bbec3be6c527133aa70,BUY,0x70705ca527ecbcbdb5ebc5f648a5b0f3e765a0839d5889f6fae7e80c7e036625,224.953145,0.8890740291717193,1770479559,Will Lady Gaga perform during the Super Bowl LX halftime show?,will-lady-gaga-perform-during-the-super-bowl-lx-halftime-show,who-will-perform-at-super-bowl-halftime-show,Yes,0,0x4BE1fA92e6cEAF886aAc0bBEc3BE6C527133AA70-1768165898647,199.999999
0xb51b3beffd13cde071ed799e70a7b0b598e8b4d9,BUY,0x70705ca527ecbcbdb5ebc5f648a5b0f3e765a0839d5889f6fae7e80c7e036625,218.786128,0.9141347343557358,1770590287,Will Lady Gaga perform during the Super Bowl LX halftime show?,will-lady-gaga-perform-during-the-super-bowl-lx-halftime-show,who-will-perform-at-super-bowl-halftime-show,Yes,0,cambridgeisaac,199.999999
0x4be1fa92e6ceaf886aac0bbec3be6c527133aa70,BUY,0x70705ca527ecbcbdb5ebc5f648a5b0f3e765a0839d5889f6fae7e80c7e036625,235.273371,0.8500749496210517,1770572987,Will Lady Gaga perform during the Super Bowl LX halftime show?,will-lady-gaga-perform-during-the-super-bowl-lx-halftime-show,who-will-perform-at-super-bowl-halftime-show,Yes,0,0x4BE1fA92e6cEAF886aAc0bBEc3BE6C527133AA70-1768165898647,199.999999
0x4be1fa92e6ceaf886aac0bbec3be6c527133aa70,BUY,0x70705ca527ecbcbdb5ebc5f648a5b0f3e765a0839d5889f6fae7e80c7e036625,224.7191,0.89,1770482479,Will Lady Gaga perform during the Super Bowl LX halftime show?,will-lady-gaga-perform-during-the-super-bowl-lx-halftime-show,who-will-perform-at-super-bowl-halftime-show,Yes,0,0x4BE1fA92e6cEAF886aAc0bBEc3BE6C527133AA70-1768165898647,199.999999
0x388a4282d7d162a7ed7cb2a29ea433a929da9a69,BUY,0x70705ca527ecbcbdb5ebc5f648a5b0f3e765a0839d5889f6fae7e80c7e036625,1659.661537,0.12050649758475424,1770598825,Will Lady Gaga perform during the Super Bowl LX halftime show?,will-lady-gaga-perform-during-the-super-bowl-lx-halftime-show,who-will-perform-at-super-bowl-halftime-show,No,1,0x388a4282D7D162a7ed7CB2A29EA433a929da9a69-1769007563562,199.999999
0x4be1fa92e6ceaf886aac0bbec3be6c527133aa70,BUY,0x70705ca527ecbcbdb5ebc5f648a5b0f3e765a0839d5889f6fae7e80c7e036625,224.7191,0.89,1770482549,Will Lady Gaga perform during the Super Bowl LX halftime show?,will-lady-gaga-perform-during-the-super-bowl-lx-halftime-show,who-will-perform-at-super-bowl-halftime-show,Yes,0,0x4BE1fA92e6cEAF886aAc0bBEc3BE6C527133AA70-1768165898647,199.999999
0x09ad5862d92d829116ecc6d55c2bf28ab20e819e,BUY,0x70705ca527ecbcbdb5ebc5f648a5b0f3e765a0839d5889f6fae7e80c7e036625,224.42311,0.8911738144970899,1770595067,Will Lady Gaga perform during the Super Bowl LX halftime show?,will-lady-gaga-perform-during-the-super-bowl-lx-halftime-show,who-will-perform-at-super-bowl-halftime-show,Yes,0,0x09AD5862d92d829116eCc6d55c2BF28aB20E819e-1766240659613,199.999999
0xb39909c5bfe271f2165db8b9084412f61634b61f,BUY,0x70705ca527ecbcbdb5ebc5f648a5b0f3e765a0839d5889f6fae7e80c7e036625,740.740739,0.2699999992845,1770410947,Will Lady Gaga perform during the Super Bowl LX halftime show?,will-lady-gaga-perform-during-the-super-bowl-lx-halftime-show,who-will-perform-at-super-bowl-halftime-show,No,1,Yuli-betzz,199.999999
0x842ac934cfff1467f27c167c42c318001e407422,BUY,0x70705ca527ecbcbdb5ebc5f648a5b0f3e765a0839d5889f6fae7e80c7e036625,225.730336,0.8860129415658159,1770594311,Will Lady Gaga perform during the Super Bowl LX halftime show?,will-lady-gaga-perform-during-the-super-bowl-lx-halftime-show,who-will-perform-at-super-bowl-halftime-show,Yes,0,ChompChomp888,199.99999899999997
0x2b1d93318daa8ce47f75db692239f31a60abfe6d,BUY,0x70705ca527ecbcbdb5ebc5f648a5b0f3e765a0839d5889f6fae7e80c7e036625,237.51294,0.8420593800068324,1770582753,Will Lady Gaga perform during the Super Bowl LX halftime show?,will-lady-gaga-perform-during-the-super-bowl-lx-halftime-show,who-will-perform-at-super-bowl-halftime-show,Yes,0,ninjagolover,199.99999899999997
0x4be1fa92e6ceaf886aac0bbec3be6c527133aa70,BUY,0x70705ca527ecbcbdb5ebc5f648a5b0f3e765a0839d5889f6fae7e80c7e036625,236.19294,0.8467653563226741,1770476253,Will Lady Gaga perform during the Super Bowl LX halftime show?,will-lady-gaga-perform-during-the-super-bowl-lx-halftime-show,who-will-perform-at-super-bowl-halftime-show,Yes,0,0x4BE1fA92e6cEAF886aAc0bBEc3BE6C527133AA70-1768165898647,199.99999899999997
0xde81bc45c14349c6f77eca9889e4c5e92065c5db,BUY,0x70705ca527ecbcbdb5ebc5f648a5b0f3e765a0839d5889f6fae7e80c7e036625,869.565216,0.229999999218,1770413663,Will Lady Gaga perform during the Super Bowl LX halftime show?,will-lady-gaga-perform-during-the-super-bowl-lx-halftime-show,who-will-perform-at-super-bowl-halftime-show,No,1,0xde81Bc45c14349c6f77eCa9889e4c5E92065c5DB-1770193385143,199.99999899999997
0x4be1fa92e6ceaf886aac0bbec3be6c527133aa70,BUY,0x70705ca527ecbcbdb5ebc5f648a5b0f3e765a0839d5889f6fae7e80c7e036625,256.410254,0.7799999995319999,1770553359,Will Lady Gaga perform during the Super Bowl LX halftime show?,will-lady-gaga-perform-during-the-super-bowl-lx-halftime-show,who-will-perform-at-super-bowl-halftime-show,Yes,0,0x4BE1fA92e6cEAF886aAc0bBEc3BE6C527133AA70-1768165898647,199.999998
0x4be1fa92e6ceaf886aac0bbec3be6c527133aa70,BUY,0x70705ca527ecbcbdb5ebc5f648a5b0f3e765a0839d5889f6fae7e80c7e036625,222.22222,0.9,1770472341,Will Lady Gaga perform during the Super Bowl LX halftime show?,will-lady-gaga-perform-during-the-super-bowl-lx-halftime-show,who-will-perform-at-super-bowl-halftime-show,Yes,0,0x4BE1fA92e6cEAF886aAc0bBEc3BE6C527133AA70-1768165898647,199.999998
0x4be1fa92e6ceaf886aac0bbec3be6c527133aa70,BUY,0x70705ca527ecbcbdb5ebc5f648a5b0f3e765a0839d5889f6fae7e80c7e036625,222.22222,0.9,1770472333,Will Lady Gaga perform during the Super Bowl LX halftime show?,will-lady-gaga-perform-during-the-super-bowl-lx-halftime-show,who-will-perform-at-super-bowl-halftime-show,Yes,0,0x4BE1fA92e6cEAF886aAc0bBEc3BE6C527133AA70-1768165898647,199.999998
0x4be1fa92e6ceaf886aac0bbec3be6c527133aa70,BUY,0x70705ca527ecbcbdb5ebc5f648a5b0f3e765a0839d5889f6fae7e80c7e036625,227.535054,0.8789854331631908,1770487523,Will Lady Gaga perform during the Super Bowl LX halftime show?,will-lady-gaga-perform-during-the-super-bowl-lx-halftime-show,who-will-perform-at-super-bowl-halftime-show,Yes,0,0x4BE1fA92e6cEAF886aAc0bBEc3BE6C527133AA70-1768165898647,199.999998
0x4be1fa92e6ceaf886aac0bbec3be6c527133aa70,BUY,0x70705ca527ecbcbdb5ebc5f648a5b0f3e765a0839d5889f6fae7e80c7e036625,230.43563,0.867921327964777,1770487515,Will Lady Gaga perform during the Super Bowl LX halftime show?,will-lady-gaga-perform-during-the-super-bowl-lx-halftime-show,who-will-perform-at-super-bowl-halftime-show,Yes,0,0x4BE1fA92e6cEAF886aAc0bBEc3BE6C527133AA70-1768165898647,199.999998
0x4be1fa92e6ceaf886aac0bbec3be6c527133aa70,BUY,0x70705ca527ecbcbdb5ebc5f648a5b0f3e765a0839d5889f6fae7e80c7e036625,238.895593,0.8371857994048472,1770475755,Will Lady Gaga perform during the Super Bowl LX halftime show?,will-lady-gaga-perform-during-the-super-bowl-lx-halftime-show,who-will-perform-at-super-bowl-halftime-show,Yes,0,0x4BE1fA92e6cEAF886aAc0bBEc3BE6C527133AA70-1768165898647,199.999998
0x4be1fa92e6ceaf886aac0bbec3be6c527133aa70,BUY,0x70705ca527ecbcbdb5ebc5f648a5b0f3e765a0839d5889f6fae7e80c7e036625,231.869653,0.8625535744429652,1770472165,Will Lady Gaga perform during the Super Bowl LX halftime show?,will-lady-gaga-perform-during-the-super-bowl-lx-halftime-show,who-will-perform-at-super-bowl-halftime-show,Yes,0,0x4BE1fA92e6cEAF886aAc0bBEc3BE6C527133AA70-1768165898647,199.999998
0x4be1fa92e6ceaf886aac0bbec3be6c527133aa70,BUY,0x70705ca527ecbcbdb5ebc5f648a5b0f3e765a0839d5889f6fae7e80c7e036625,229.518975,0.8713876401722341,1770482685,Will Lady Gaga perform during the Super Bowl LX halftime show?,will-lady-gaga-perform-during-the-super-bowl-lx-halftime-show,who-will-perform-at-super-bowl-halftime-show,Yes,0,0x4BE1fA92e6cEAF886aAc0bBEc3BE6C527133AA70-1768165898647,199.999998
0x4be1fa92e6ceaf886aac0bbec3be6c527133aa70,BUY,0x70705ca527ecbcbdb5ebc5f648a5b0f3e765a0839d5889f6fae7e80c7e036625,239.368213,0.8355328198903336,1770572979,Will Lady Gaga perform during the Super Bowl LX halftime show?,will-lady-gaga-perform-during-the-super-bowl-lx-halftime-show,who-will-perform-at-super-bowl-halftime-show,Yes,0,0x4BE1fA92e6cEAF886aAc0bBEc3BE6C527133AA70-1768165898647,199.999998
0x4be1fa92e6ceaf886aac0bbec3be6c527133aa70,BUY,0x70705ca527ecbcbdb5ebc5f648a5b0f3e765a0839d5889f6fae7e80c7e036625,256.692783,0.7791414922639255,1770552369,Will Lady Gaga perform during the Super Bowl LX halftime show?,will-lady-gaga-perform-during-the-super-bowl-lx-halftime-show,who-will-perform-at-super-bowl-halftime-show,Yes,0,0x4BE1fA92e6cEAF886aAc0bBEc3BE6C527133AA70-1768165898647,199.999998
0x4be1fa92e6ceaf886aac0bbec3be6c527133aa70,BUY,0x70705ca527ecbcbdb5ebc5f648a5b0f3e765a0839d5889f6fae7e80c7e036625,235.896233,0.8478304017682216,1770572979,Will Lady Gaga perform during the Super Bowl LX halftime show?,will-lady-gaga-perform-during-the-super-bowl-lx-halftime-show,who-will-perform-at-super-bowl-halftime-show,Yes,0,0x4BE1fA92e6cEAF886aAc0bBEc3BE6C527133AA70-1768165898647,199.999998
0x4be1fa92e6ceaf886aac0bbec3be6c527133aa70,BUY,0x70705ca527ecbcbdb5ebc5f648a5b0f3e765a0839d5889f6fae7e80c7e036625,256.410254,0.7799999995319999,1770553355,Will Lady Gaga perform during the Super Bowl LX halftime show?,will-lady-gaga-perform-during-the-super-bowl-lx-halftime-show,who-will-perform-at-super-bowl-halftime-show,Yes,0,0x4BE1fA92e6cEAF886aAc0bBEc3BE6C527133AA70-1768165898647,199.999998
0x4be1fa92e6ceaf886aac0bbec3be6c527133aa70,BUY,0x70705ca527ecbcbdb5ebc5f648a5b0f3e765a0839d5889f6fae7e80c7e036625,256.410255,0.77999999649,1770556731,Will Lady Gaga perform during the Super Bowl LX halftime show?,will-lady-gaga-perform-during-the-super-bowl-lx-halftime-show,who-will-perform-at-super-bowl-halftime-show,Yes,0,0x4BE1fA92e6cEAF886aAc0bBEc3BE6C527133AA70-1768165898647,199.999998
0x4be1fa92e6ceaf886aac0bbec3be6c527133aa70,BUY,0x70705ca527ecbcbdb5ebc5f648a5b0f3e765a0839d5889f6fae7e80c7e036625,254.612909,0.7855061190161414,1770553363,Will Lady Gaga perform during the Super Bowl LX halftime show?,will-lady-gaga-perform-during-the-super-bowl-lx-halftime-show,who-will-perform-at-super-bowl-halftime-show,Yes,0,0x4BE1fA92e6cEAF886aAc0bBEc3BE6C527133AA70-1768165898647,199.99999799999998
0x4be1fa92e6ceaf886aac0bbec3be6c527133aa70,BUY,0x70705ca527ecbcbdb5ebc5f648a5b0f3e765a0839d5889f6fae7e80c7e036625,234.3843,0.853299465877194,1770472157,Will Lady Gaga perform during the Super Bowl LX halftime show?,will-lady-gaga-perform-during-the-super-bowl-lx-halftime-show,who-will-perform-at-super-bowl-halftime-show,Yes,0,0x4BE1fA92e6cEAF886aAc0bBEc3BE6C527133AA70-1768165898647,199.99999799999998
0xb51b3beffd13cde071ed799e70a7b0b598e8b4d9,BUY,0x70705ca527ecbcbdb5ebc5f648a5b0f3e765a0839d5889f6fae7e80c7e036625,226.179772,0.8842523592251211,1770573789,Will Lady Gaga perform during the Super Bowl LX halftime show?,will-lady-gaga-perform-during-the-super-bowl-lx-halftime-show,who-will-perform-at-super-bowl-halftime-show,Yes,0,cambridgeisaac,199.999997
0x4be1fa92e6ceaf886aac0bbec3be6c527133aa70,BUY,0x70705ca527ecbcbdb5ebc5f648a5b0f3e765a0839d5889f6fae7e80c7e036625,247.882342,0.8068343851616506,1770553625,Will Lady Gaga perform during the Super Bowl LX halftime show?,will-lady-gaga-perform-during-the-super-bowl-lx-halftime-show,who-will-perform-at-super-bowl-halftime-show,Yes,0,0x4BE1fA92e6cEAF886aAc0bBEc3BE6C527133AA70-1768165898647,199.999997
0x4be1fa92e6ceaf886aac0bbec3be6c527133aa70,BUY,0x70705ca527ecbcbdb5ebc5f648a5b0f3e765a0839d5889f6fae7e80c7e036625,244.971216,0.8164224363404393,1770478581,Will Lady Gaga perform during the Super Bowl LX halftime show?,will-lady-gaga-perform-during-the-super-bowl-lx-halftime-show,who-will-perform-at-super-bowl-halftime-show,Yes,0,0x4BE1fA92e6cEAF886aAc0bBEc3BE6C527133AA70-1768165898647,199.999997
0x09ad5862d92d829116ecc6d55c2bf28ab20e819e,BUY,0x70705ca527ecbcbdb5ebc5f648a5b0f3e765a0839d5889f6fae7e80c7e036625,221.503475,0.9029203582472013,1770444163,Will Lady Gaga perform during the Super Bowl LX halftime show?,will-lady-gaga-perform-during-the-super-bowl-lx-halftime-show,who-will-perform-at-super-bowl-halftime-show,Yes,0,0x09AD5862d92d829116eCc6d55c2BF28aB20E819e-1766240659613,199.999997
0x4be1fa92e6ceaf886aac0bbec3be6c527133aa70,BUY,0x70705ca527ecbcbdb5ebc5f648a5b0f3e765a0839d5889f6fae7e80c7e036625,253.78949,0.788054686582963,1770556737,Will Lady Gaga perform during the Super Bowl LX halftime show?,will-lady-gaga-perform-during-the-super-bowl-lx-halftime-show,who-will-perform-at-super-bowl-halftime-show,Yes,0,0x4BE1fA92e6cEAF886aAc0bBEc3BE6C527133AA70-1768165898647,199.999997
0xb51b3beffd13cde071ed799e70a7b0b598e8b4d9,BUY,0x70705ca527ecbcbdb5ebc5f648a5b0f3e765a0839d5889f6fae7e80c7e036625,242.357173,0.8252282964201765,1770574813,Will Lady Gaga perform during the Super Bowl LX halftime show?,will-lady-gaga-perform-during-the-super-bowl-lx-halftime-show,who-will-perform-at-super-bowl-halftime-show,Yes,0,cambridgeisaac,199.99999699999998
0x4be1fa92e6ceaf886aac0bbec3be6c527133aa70,BUY,0x70705ca527ecbcbdb5ebc5f648a5b0f3e765a0839d5889f6fae7e80c7e036625,253.164552,0.789999999684,1770553369,Will Lady Gaga perform during the Super Bowl LX halftime show?,will-lady-gaga-perform-during-the-super-bowl-lx-halftime-show,who-will-perform-at-super-bowl-halftime-show,Yes,0,0x4BE1fA92e6cEAF886aAc0bBEc3BE6C527133AA70-1768165898647,199.999996
0x4be1fa92e6ceaf886aac0bbec3be6c527133aa70,BUY,0x70705ca527ecbcbdb5ebc5f648a5b0f3e765a0839d5889f6fae7e80c7e036625,253.164552,0.789999999684,1770555345,Will Lady Gaga perform during the Super Bowl LX halftime show?,will-lady-gaga-perform-during-the-super-bowl-lx-halftime-show,who-will-perform-at-super-bowl-halftime-show,Yes,0,0x4BE1fA92e6cEAF886aAc0bBEc3BE6C527133AA70-1768165898647,199.999996
0x4be1fa92e6ceaf886aac0bbec3be6c527133aa70,BUY,0x70705ca527ecbcbdb5ebc5f648a5b0f3e765a0839d5889f6fae7e80c7e036625,224.933254,0.8891526372530049,1770472287,Will Lady Gaga perform during the Super Bowl LX halftime show?,will-lady-gaga-perform-during-the-super-bowl-lx-halftime-show,who-will-perform-at-super-bowl-halftime-show,Yes,0,0x4BE1fA92e6cEAF886aAc0bBEc3BE6C527133AA70-1768165898647,199.999996
0x4be1fa92e6ceaf886aac0bbec3be6c527133aa70,BUY,0x70705ca527ecbcbdb5ebc5f648a5b0f3e765a0839d5889f6fae7e80c7e036625,228.34045,0.8758850917566292,1770472281,Will Lady Gaga perform during the Super Bowl LX halftime show?,will-lady-gaga-perform-during-the-super-bowl-lx-halftime-show,who-will-perform-at-super-bowl-halftime-show,Yes,0,0x4BE1fA92e6cEAF886aAc0bBEc3BE6C527133AA70-1768165898647,199.999996
0x4be1fa92e6ceaf886aac0bbec3be6c527133aa70,BUY,0x70705ca527ecbcbdb5ebc5f648a5b0f3e765a0839d5889f6fae7e80c7e036625,253.164552,0.789999999684,1770555345,Will Lady Gaga perform during the Super Bowl LX halftime show?,will-lady-gaga-perform-during-the-super-bowl-lx-halftime-show,who-will-perform-at-super-bowl-halftime-show,Yes,0,0x4BE1fA92e6cEAF886aAc0bBEc3BE6C527133AA70-1768165898647,199.999996
0x4be1fa92e6ceaf886aac0bbec3be6c527133aa70,BUY,0x70705ca527ecbcbdb5ebc5f648a5b0f3e765a0839d5889f6fae7e80c7e036625,224.10444,0.8924410243723864,1770472299,Will Lady Gaga perform during the Super Bowl LX halftime show?,will-lady-gaga-perform-during-the-super-bowl-lx-halftime-show,who-will-perform-at-super-bowl-halftime-show,Yes,0,0x4BE1fA92e6cEAF886aAc0bBEc3BE6C527133AA70-1768165898647,199.999996
0x09ad5862d92d829116ecc6d55c2bf28ab20e819e,BUY,0x70705ca527ecbcbdb5ebc5f648a5b0f3e765a0839d5889f6fae7e80c7e036625,228.8867,0.8737947464837407,1770457815,Will Lady Gaga perform during the Super Bowl LX halftime show?,will-lady-gaga-perform-during-the-super-bowl-lx-halftime-show,who-will-perform-at-super-bowl-halftime-show,Yes,0,0x09AD5862d92d829116eCc6d55c2BF28aB20E819e-1766240659613,199.999996
0x4be1fa92e6ceaf886aac0bbec3be6c527133aa70,BUY,0x70705ca527ecbcbdb5ebc5f648a5b0f3e765a0839d5889f6fae7e80c7e036625,235.294113,0.8499999997875,1770475817,Will Lady Gaga perform during the Super Bowl LX halftime show?,will-lady-gaga-perform-during-the-super-bowl-lx-halftime-show,who-will-perform-at-super-bowl-halftime-show,Yes,0,0x4BE1fA92e6cEAF886aAc0bBEc3BE6C527133AA70-1768165898647,199.999996
0x4be1fa92e6ceaf886aac0bbec3be6c527133aa70,BUY,0x70705ca527ecbcbdb5ebc5f648a5b0f3e765a0839d5889f6fae7e80c7e036625,229.956892,0.8697282097550701,1770487519,Will Lady Gaga perform during the Super Bowl LX halftime show?,will-lady-gaga-perform-during-the-super-bowl-lx-halftime-show,who-will-perform-at-super-bowl-halftime-show,Yes,0,0x4BE1fA92e6cEAF886aAc0bBEc3BE6C527133AA70-1768165898647,199.999996
0x4be1fa92e6ceaf886aac0bbec3be6c527133aa70,BUY,0x70705ca527ecbcbdb5ebc5f648a5b0f3e765a0839d5889f6fae7e80c7e036625,229.885053,0.8699999995215,1770487145,Will Lady Gaga perform during the Super Bowl LX halftime show?,will-lady-gaga-perform-during-the-super-bowl-lx-halftime-show,who-will-perform-at-super-bowl-halftime-show,Yes,0,0x4BE1fA92e6cEAF886aAc0bBEc3BE6C527133AA70-1768165898647,199.999996
0x4be1fa92e6ceaf886aac0bbec3be6c527133aa70,BUY,0x70705ca527ecbcbdb5ebc5f648a5b0f3e765a0839d5889f6fae7e80c7e036625,229.885053,0.8699999995215,1770487139,Will Lady Gaga perform during the Super Bowl LX halftime show?,will-lady-gaga-perform-during-the-super-bowl-lx-halftime-show,who-will-perform-at-super-bowl-halftime-show,Yes,0,0x4BE1fA92e6cEAF886aAc0bBEc3BE6C527133AA70-1768165898647,199.999996
0x4be1fa92e6ceaf886aac0bbec3be6c527133aa70,BUY,0x70705ca527ecbcbdb5ebc5f648a5b0f3e765a0839d5889f6fae7e80c7e036625,229.885053,0.8699999995215,1770487087,Will Lady Gaga perform during the Super Bowl LX halftime show?,will-lady-gaga-perform-during-the-super-bowl-lx-halftime-show,who-will-perform-at-super-bowl-halftime-show,Yes,0,0x4BE1fA92e6cEAF886aAc0bBEc3BE6C527133AA70-1768165898647,199.999996
0x4be1fa92e6ceaf886aac0bbec3be6c527133aa70,BUY,0x70705ca527ecbcbdb5ebc5f648a5b0f3e765a0839d5889f6fae7e80c7e036625,229.885053,0.8699999995215,1770487061,Will Lady Gaga perform during the Super Bowl LX halftime show?,will-lady-gaga-perform-during-the-super-bowl-lx-halftime-show,who-will-perform-at-super-bowl-halftime-show,Yes,0,0x4BE1fA92e6cEAF886aAc0bBEc3BE6C527133AA70-1768165898647,199.999996
0x4be1fa92e6ceaf886aac0bbec3be6c527133aa70,BUY,0x70705ca527ecbcbdb5ebc5f648a5b0f3e765a0839d5889f6fae7e80c7e036625,229.885053,0.8699999995215,1770487061,Will Lady Gaga perform during the Super Bowl LX halftime show?,will-lady-gaga-perform-during-the-super-bowl-lx-halftime-show,who-will-perform-at-super-bowl-halftime-show,Yes,0,0x4BE1fA92e6cEAF886aAc0bBEc3BE6C527133AA70-1768165898647,199.999996
0x4be1fa92e6ceaf886aac0bbec3be6c527133aa70,BUY,0x70705ca527ecbcbdb5ebc5f648a5b0f3e765a0839d5889f6fae7e80c7e036625,235.294113,0.8499999997875,1770476257,Will Lady Gaga perform during the Super Bowl LX halftime show?,will-lady-gaga-perform-during-the-super-bowl-lx-halftime-show,who-will-perform-at-super-bowl-halftime-show,Yes,0,0x4BE1fA92e6cEAF886aAc0bBEc3BE6C527133AA70-1768165898647,199.999996
0x4be1fa92e6ceaf886aac0bbec3be6c527133aa70,BUY,0x70705ca527ecbcbdb5ebc5f648a5b0f3e765a0839d5889f6fae7e80c7e036625,239.704281,0.8343613854772999,1770476237,Will Lady Gaga perform during the Super Bowl LX halftime show?,will-lady-gaga-perform-during-the-super-bowl-lx-halftime-show,who-will-perform-at-super-bowl-halftime-show,Yes,0,0x4BE1fA92e6cEAF886aAc0bBEc3BE6C527133AA70-1768165898647,199.999996
0x4be1fa92e6ceaf886aac0bbec3be6c527133aa70,BUY,0x70705ca527ecbcbdb5ebc5f648a5b0f3e765a0839d5889f6fae7e80c7e036625,235.294113,0.8499999997875,1770475781,Will Lady Gaga perform during the Super Bowl LX halftime show?,will-lady-gaga-perform-during-the-super-bowl-lx-halftime-show,who-will-perform-at-super-bowl-halftime-show,Yes,0,0x4BE1fA92e6cEAF886aAc0bBEc3BE6C527133AA70-1768165898647,199.999996
0x4be1fa92e6ceaf886aac0bbec3be6c527133aa70,BUY,0x70705ca527ecbcbdb5ebc5f648a5b0f3e765a0839d5889f6fae7e80c7e036625,235.294113,0.8499999997875,1770475361,Will Lady Gaga perform during the Super Bowl LX halftime show?,will-lady-gaga-perform-during-the-super-bowl-lx-halftime-show,who-will-perform-at-super-bowl-halftime-show,Yes,0,0x4BE1fA92e6cEAF886aAc0bBEc3BE6C527133AA70-1768165898647,199.999996
0x4be1fa92e6ceaf886aac0bbec3be6c527133aa70,BUY,0x70705ca527ecbcbdb5ebc5f648a5b0f3e765a0839d5889f6fae7e80c7e036625,235.294113,0.8499999997875,1770475391,Will Lady Gaga perform during the Super Bowl LX halftime show?,will-lady-gaga-perform-during-the-super-bowl-lx-halftime-show,who-will-perform-at-super-bowl-halftime-show,Yes,0,0x4BE1fA92e6cEAF886aAc0bBEc3BE6C527133AA70-1768165898647,199.999996
0x4be1fa92e6ceaf886aac0bbec3be6c527133aa70,BUY,0x70705ca527ecbcbdb5ebc5f648a5b0f3e765a0839d5889f6fae7e80c7e036625,235.294113,0.8499999997875,1770475477,Will Lady Gaga perform during the Super Bowl LX halftime show?,will-lady-gaga-perform-during-the-super-bowl-lx-halftime-show,who-will-perform-at-super-bowl-halftime-show,Yes,0,0x4BE1fA92e6cEAF886aAc0bBEc3BE6C527133AA70-1768165898647,199.999996
0x4be1fa92e6ceaf886aac0bbec3be6c527133aa70,BUY,0x70705ca527ecbcbdb5ebc5f648a5b0f3e765a0839d5889f6fae7e80c7e036625,235.294113,0.8499999997875,1770475367,Will Lady Gaga perform during the Super Bowl LX halftime show?,will-lady-gaga-perform-during-the-super-bowl-lx-halftime-show,who-will-perform-at-super-bowl-halftime-show,Yes,0,0x4BE1fA92e6cEAF886aAc0bBEc3BE6C527133AA70-1768165898647,199.999996
0x4be1fa92e6ceaf886aac0bbec3be6c527133aa70,BUY,0x70705ca527ecbcbdb5ebc5f648a5b0f3e765a0839d5889f6fae7e80c7e036625,232.558135,0.85999999957,1770467667,Will Lady Gaga perform during the Super Bowl LX halftime show?,will-lady-gaga-perform-during-the-super-bowl-lx-halftime-show,who-will-perform-at-super-bowl-halftime-show,Yes,0,0x4BE1fA92e6cEAF886aAc0bBEc3BE6C527133AA70-1768165898647,199.99999599999998
0x4be1fa92e6ceaf886aac0bbec3be6c527133aa70,BUY,0x70705ca527ecbcbdb5ebc5f648a5b0f3e765a0839d5889f6fae7e80c7e036625,232.558135,0.85999999957,1770467673,Will Lady Gaga perform during the Super Bowl LX halftime show?,will-lady-gaga-perform-during-the-super-bowl-lx-halftime-show,who-will-perform-at-super-bowl-halftime-show,Yes,0,0x4BE1fA92e6cEAF886aAc0bBEc3BE6C527133AA70-1768165898647,199.99999599999998
0x4be1fa92e6ceaf886aac0bbec3be6c527133aa70,BUY,0x70705ca527ecbcbdb5ebc5f648a5b0f3e765a0839d5889f6fae7e80c7e036625,232.558135,0.85999999957,1770467687,Will Lady Gaga perform during the Super Bowl LX halftime show?,will-lady-gaga-perform-during-the-super-bowl-lx-halftime-show,who-will-perform-at-super-bowl-halftime-show,Yes,0,0x4BE1fA92e6cEAF886aAc0bBEc3BE6C527133AA70-1768165898647,199.99999599999998
0x4be1fa92e6ceaf886aac0bbec3be6c527133aa70,BUY,0x70705ca527ecbcbdb5ebc5f648a5b0f3e765a0839d5889f6fae7e80c7e036625,232.558135,0.85999999957,1770467695,Will Lady Gaga perform during the Super Bowl LX halftime show?,will-lady-gaga-perform-during-the-super-bowl-lx-halftime-show,who-will-perform-at-super-bowl-halftime-show,Yes,0,0x4BE1fA92e6cEAF886aAc0bBEc3BE6C527133AA70-1768165898647,199.99999599999998
0x4be1fa92e6ceaf886aac0bbec3be6c527133aa70,BUY,0x70705ca527ecbcbdb5ebc5f648a5b0f3e765a0839d5889f6fae7e80c7e036625,232.558135,0.85999999957,1770468473,Will Lady Gaga perform during the Super Bowl LX halftime show?,will-lady-gaga-perform-during-the-super-bowl-lx-halftime-show,who-will-perform-at-super-bowl-halftime-show,Yes,0,0x4BE1fA92e6cEAF886aAc0bBEc3BE6C527133AA70-1768165898647,199.99999599999998
0x4be1fa92e6ceaf886aac0bbec3be6c527133aa70,BUY,0x70705ca527ecbcbdb5ebc5f648a5b0f3e765a0839d5889f6fae7e80c7e036625,238.452375,0.8387418871378404,1770475773,Will Lady Gaga perform during the Super Bowl LX halftime show?,will-lady-gaga-perform-during-the-super-bowl-lx-halftime-show,who-will-perform-at-super-bowl-halftime-show,Yes,0,0x4BE1fA92e6cEAF886aAc0bBEc3BE6C527133AA70-1768165898647,199.99999499999998
0x4be1fa92e6ceaf886aac0bbec3be6c527133aa70,BUY,0x70705ca527ecbcbdb5ebc5f648a5b0f3e765a0839d5889f6fae7e80c7e036625,227.729766,0.8782338712805774,1770487153,Will Lady Gaga perform during the Super Bowl LX halftime show?,will-lady-gaga-perform-during-the-super-bowl-lx-halftime-show,who-will-perform-at-super-bowl-halftime-show,Yes,0,0x4BE1fA92e6cEAF886aAc0bBEc3BE6C527133AA70-1768165898647,199.99999400000002
0x4be1fa92e6ceaf886aac0bbec3be6c527133aa70,BUY,0x70705ca527ecbcbdb5ebc5f648a5b0f3e765a0839d5889f6fae7e80c7e036625,222.88888,0.897308075665327,1770482501,Will Lady Gaga perform during the Super Bowl LX halftime show?,will-lady-gaga-perform-during-the-super-bowl-lx-halftime-show,who-will-perform-at-super-bowl-halftime-show,Yes,0,0x4BE1fA92e6cEAF886aAc0bBEc3BE6C527133AA70-1768165898647,199.999992
0x4be1fa92e6ceaf886aac0bbec3be6c527133aa70,BUY,0x70705ca527ecbcbdb5ebc5f648a5b0f3e765a0839d5889f6fae7e80c7e036625,208.333325,0.96,1770472795,Will Lady Gaga perform during the Super Bowl LX halftime show?,will-lady-gaga-perform-during-the-super-bowl-lx-halftime-show,who-will-perform-at-super-bowl-halftime-show,Yes,0,0x4BE1fA92e6cEAF886aAc0bBEc3BE6C527133AA70-1768165898647,199.999992
0x4be1fa92e6ceaf886aac0bbec3be6c527133aa70,BUY,0x70705ca527ecbcbdb5ebc5f648a5b0f3e765a0839d5889f6fae7e80c7e036625,223.60188,0.8944468266545881,1770482481,Will Lady Gaga perform during the Super Bowl LX halftime show?,will-lady-gaga-perform-during-the-super-bowl-lx-halftime-show,who-will-perform-at-super-bowl-halftime-show,Yes,0,0x4BE1fA92e6cEAF886aAc0bBEc3BE6C527133AA70-1768165898647,199.999992
0x6cb6e442305e583b8fe0aeddd7a95f971c66ec83,BUY,0x70705ca527ecbcbdb5ebc5f648a5b0f3e765a0839d5889f6fae7e80c7e036625,223.600211,0.8944535029978125,1770585659,Will Lady Gaga perform during the Super Bowl LX halftime show?,will-lady-gaga-perform-during-the-super-bowl-lx-halftime-show,who-will-perform-at-super-bowl-halftime-show,Yes,0,CrashBandicoot,199.999992
0x09ad5862d92d829116ecc6d55c2bf28ab20e819e,BUY,0x70705ca527ecbcbdb5ebc5f648a5b0f3e765a0839d5889f6fae7e80c7e036625,221.75914,0.9018793227643289,1770458171,Will Lady Gaga perform during the Super Bowl LX halftime show?,will-lady-gaga-perform-during-the-super-bowl-lx-halftime-show,who-will-perform-at-super-bowl-halftime-show,Yes,0,0x09AD5862d92d829116eCc6d55c2BF28aB20E819e-1766240659613,199.99998300000001
0x4be1fa92e6ceaf886aac0bbec3be6c527133aa70,BUY,0x70705ca527ecbcbdb5ebc5f648a5b0f3e765a0839d5889f6fae7e80c7e036625,215.33356,0.9287915083928394,1770472673,Will Lady Gaga perform during the Super Bowl LX halftime show?,will-lady-gaga-perform-during-the-super-bowl-lx-halftime-show,who-will-perform-at-super-bowl-halftime-show,Yes,0,0x4BE1fA92e6cEAF886aAc0bBEc3BE6C527133AA70-1768165898647,199.999982
0x4be1fa92e6ceaf886aac0bbec3be6c527133aa70,BUY,0x70705ca527ecbcbdb5ebc5f648a5b0f3e765a0839d5889f6fae7e80c7e036625,209.548,0.9544351652127436,1770472789,Will Lady Gaga perform during the Super Bowl LX halftime show?,will-lady-gaga-perform-during-the-super-bowl-lx-halftime-show,who-will-perform-at-super-bowl-halftime-show,Yes,0,0x4BE1fA92e6cEAF886aAc0bBEc3BE6C527133AA70-1768165898647,199.99998
0xf5479a5dea07ce438167ef33f68e49a55b1b6c2d,BUY,0x70705ca527ecbcbdb5ebc5f648a5b0f3e765a0839d5889f6fae7e80c7e036625,887.869564,0.2250217904755208,1770431749,Will Lady Gaga perform during the Super Bowl LX halftime show?,will-lady-gaga-perform-during-the-super-bowl-lx-halftime-show,who-will-perform-at-super-bowl-halftime-show,No,1,javiercolombani,199.789999
0xcd19c10898513ba1fa10eda93f6b4245f71ca8ff,BUY,0x70705ca527ecbcbdb5ebc5f648a5b0f3e765a0839d5889f6fae7e80c7e036625,1095.729472,0.1821526244390367,1770575971,Will Lady Gaga perform during the Super Bowl LX halftime show?,will-lady-gaga-perform-during-the-super-bowl-lx-halftime-show,who-will-perform-at-super-bowl-halftime-show,No,1,Deep-Pocketss,199.58999899999998
0x800b0d7d42224cc2795c0f4e89b683915b4a152a,BUY,0x70705ca527ecbcbdb5ebc5f648a5b0f3e765a0839d5889f6fae7e80c7e036625,229.0,0.8709292576419214,1770426013,Will Lady Gaga perform during the Super Bowl LX halftime show?,will-lady-gaga-perform-during-the-super-bowl-lx-halftime-show,who-will-perform-at-super-bowl-halftime-show,Yes,0,Poutinesteam,199.4428
0x800b0d7d42224cc2795c0f4e89b683915b4a152a,BUY,0x70705ca527ecbcbdb5ebc5f648a5b0f3e765a0839d5889f6fae7e80c7e036625,240.98,0.827504357208067,1770511727,Will Lady Gaga perform during the Super Bowl LX halftime show?,will-lady-gaga-perform-during-the-super-bowl-lx-halftime-show,who-will-perform-at-super-bowl-halftime-show,Yes,0,Poutinesteam,199.41199999999998
0x800b0d7d42224cc2795c0f4e89b683915b4a152a,BUY,0x70705ca527ecbcbdb5ebc5f648a5b0f3e765a0839d5889f6fae7e80c7e036625,250.0,0.79,1770513785,Will Lady Gaga perform during the Super Bowl LX halftime show?,will-lady-gaga-perform-during-the-super-bowl-lx-halftime-show,who-will-perform-at-super-bowl-halftime-show,Yes,0,Poutinesteam,197.5
0xc0bff7089f8536447e3d963fcbaa2d07e3e12032,BUY,0x70705ca527ecbcbdb5ebc5f648a5b0f3e765a0839d5889f6fae7e80c7e036625,225.004203,0.8761169585796582,1770594063,Will Lady Gaga perform during the Super Bowl LX halftime show?,will-lady-gaga-perform-during-the-super-bowl-lx-halftime-show,who-will-perform-at-super-bowl-halftime-show,Yes,0,baran-ludoman,197.129998
0x0807177a66d41bb6a0a16e6caed906bbfb96443a,BUY,0x70705ca527ecbcbdb5ebc5f648a5b0f3e765a0839d5889f6fae7e80c7e036625,783.2,0.25,1770526105,Will Lady Gaga perform during the Super Bowl LX halftime show?,will-lady-gaga-perform-during-the-super-bowl-lx-halftime-show,who-will-perform-at-super-bowl-halftime-show,No,1,0x0807177A66D41Bb6a0a16e6cAED906bbFb96443A-1770522207160,195.8
0x40ce68f1564f3c751b12d88a393d8cc0651dbf90,BUY,0x70705ca527ecbcbdb5ebc5f648a5b0f3e765a0839d5889f6fae7e80c7e036625,250.0,0.78,1770548453,Will Lady Gaga perform during the Super Bowl LX halftime show?,will-lady-gaga-perform-during-the-super-bowl-lx-halftime-show,who-will-perform-at-super-bowl-halftime-show,Yes,0,JuiceFarm,195.0
0xff0fbaca4b13484e46aafcbe59301d1fddba7efc,BUY,0x70705ca527ecbcbdb5ebc5f648a5b0f3e765a0839d5889f6fae7e80c7e036625,1162.55111,0.16714103778198622,1770580929,Will Lady Gaga perform during the Super Bowl LX halftime show?,will-lady-gaga-perform-during-the-super-bowl-lx-halftime-show,who-will-perform-at-super-bowl-halftime-show,No,1,aleeecolo,194.30999900000003
0xb39909c5bfe271f2165db8b9084412f61634b61f,BUY,0x70705ca527ecbcbdb5ebc5f648a5b0f3e765a0839d5889f6fae7e80c7e036625,808.333332,0.23999999915876288,1770572597,Will Lady Gaga perform during the Super Bowl LX halftime show?,will-lady-gaga-perform-during-the-super-bowl-lx-halftime-show,who-will-perform-at-super-bowl-halftime-show,No,1,Yuli-betzz,193.999999
0x69ea0d77ef34f1acb03aaed901df7620fc4215cd,SELL,0x70705ca527ecbcbdb5ebc5f648a5b0f3e765a0839d5889f6fae7e80c7e036625,2383.0,0.08,1770599005,Will Lady Gaga perform during the Super Bowl LX halftime show?,will-lady-gaga-perform-during-the-super-bowl-lx-halftime-show,who-will-perform-at-super-bowl-halftime-show,No,1,TylerTurden,190.64000000000001
0x6cb6e442305e583b8fe0aeddd7a95f971c66ec83,BUY,0x70705ca527ecbcbdb5ebc5f648a5b0f3e765a0839d5889f6fae7e80c7e036625,223.65,0.85,1770585791,Will Lady Gaga perform during the Super Bowl LX halftime show?,will-lady-gaga-perform-during-the-super-bowl-lx-halftime-show,who-will-perform-at-super-bowl-halftime-show,Yes,0,CrashBandicoot,190.1025
0x8cdaa6c64ce0d1c4fbb1501b5dd78dabeac22de5,BUY,0x70705ca527ecbcbdb5ebc5f648a5b0f3e765a0839d5889f6fae7e80c7e036625,903.952379,0.20999999934731076,1770591269,Will Lady Gaga perform during the Super Bowl LX halftime show?,will-lady-gaga-perform-during-the-super-bowl-lx-halftime-show,who-will-perform-at-super-bowl-halftime-show,No,1,Mamalabro,189.829999
0x16bc947196043156844ee2268b4651e67d8dc822,BUY,0x70705ca527ecbcbdb5ebc5f648a5b0f3e765a0839d5889f6fae7e80c7e036625,600.0,0.31371666666666664,1770566253,Will Lady Gaga perform during the Super Bowl LX halftime show?,will-lady-gaga-perform-during-the-super-bowl-lx-halftime-show,who-will-perform-at-super-bowl-halftime-show,No,1,0x16bC947196043156844EE2268B4651E67d8dC822-1731579624017,188.23
0x22e4248bdb066f65c9f11cd66cdd3719a28eef1c,BUY,0x70705ca527ecbcbdb5ebc5f648a5b0f3e765a0839d5889f6fae7e80c7e036625,225.76,0.829301913536499,1770578071,Will Lady Gaga perform during the Super Bowl LX halftime show?,will-lady-gaga-perform-during-the-super-bowl-lx-halftime-show,who-will-perform-at-super-bowl-halftime-show,Yes,0,ProfessionalPunter,187.2232
0x9690d9f51b618222c29567c3b39aac2935a5f2d5,SELL,0x70705ca527ecbcbdb5ebc5f648a5b0f3e765a0839d5889f6fae7e80c7e036625,2999.99,0.06215444051480171,1770592217,Will Lady Gaga perform during the Super Bowl LX halftime show?,will-lady-gaga-perform-during-the-super-bowl-lx-halftime-show,who-will-perform-at-super-bowl-halftime-show,No,1,Djibooty,186.46269999999998
0x68f68a40f73a38714516633b7b6a96e627e07742,BUY,0x70705ca527ecbcbdb5ebc5f648a5b0f3e765a0839d5889f6fae7e80c7e036625,225.24,0.8246723494938732,1770572829,Will Lady Gaga perform during the Super Bowl LX halftime show?,will-lady-gaga-perform-during-the-super-bowl-lx-halftime-show,who-will-perform-at-super-bowl-halftime-show,Yes,0,bitcoinbool,185.74920000000003
0xf6df622b55195e2a627f5da2074c442e6a51748d,BUY,0x70705ca527ecbcbdb5ebc5f648a5b0f3e765a0839d5889f6fae7e80c7e036625,818.259564,0.22524637304453188,1770551439,Will Lady Gaga perform during the Super Bowl LX halftime show?,will-lady-gaga-perform-during-the-super-bowl-lx-halftime-show,who-will-perform-at-super-bowl-halftime-show,No,1,Benzo96,184.309999
0xd8a1e56047731ece90d9813b5ea9384d0b9baa21,BUY,0x70705ca527ecbcbdb5ebc5f648a5b0f3e765a0839d5889f6fae7e80c7e036625,212.77,0.858590026789491,1770592625,Will Lady Gaga perform during the Super Bowl LX halftime show?,will-lady-gaga-perform-during-the-super-bowl-lx-halftime-show,who-will-perform-at-super-bowl-halftime-show,Yes,0,yamutha,182.68220000000002
0xc516d45bcfb1d7fdff7b2837dff6f3d087ea3f8b,BUY,0x70705ca527ecbcbdb5ebc5f648a5b0f3e765a0839d5889f6fae7e80c7e036625,1143.111875,0.15829596731291065,1770580587,Will Lady Gaga perform during the Super Bowl LX halftime show?,will-lady-gaga-perform-during-the-super-bowl-lx-halftime-show,who-will-perform-at-super-bowl-halftime-show,No,1,cadet8,180.95000000000002
0xefaf0cc43dd5970e01485217d1dabe5158d76289,BUY,0x70705ca527ecbcbdb5ebc5f648a5b0f3e765a0839d5889f6fae7e80c7e036625,1571.72357,0.11452395474351765,1770598373,Will Lady Gaga perform during the Super Bowl LX halftime show?,will-lady-gaga-perform-during-the-super-bowl-lx-halftime-show,who-will-perform-at-super-bowl-halftime-show,No,1,0xEfaf0CC43DD5970E01485217d1DAbE5158d76289-1768455718447,179.999999
0x4932f0a5ac1bf442a376650dc72d2f0ba82169c6,BUY,0x70705ca527ecbcbdb5ebc5f648a5b0f3e765a0839d5889f6fae7e80c7e036625,818.181817,0.21999999909555557,1770571695,Will Lady Gaga perform during the Super Bowl LX halftime show?,will-lady-gaga-perform-during-the-super-bowl-lx-halftime-show,who-will-perform-at-super-bowl-halftime-show,No,1,Boazgoat124,179.999999
0x63c4d26778e626802727fd1e736faf4fbbf2cb0c,SELL,0x70705ca527ecbcbdb5ebc5f648a5b0f3e765a0839d5889f6fae7e80c7e036625,199.99,0.89,1770598355,Will Lady Gaga perform during the Super Bowl LX halftime show?,will-lady-gaga-perform-during-the-super-bowl-lx-halftime-show,who-will-perform-at-super-bowl-halftime-show,Yes,0,yazzzzz,177.99110000000002
0x69ea0d77ef34f1acb03aaed901df7620fc4215cd,BUY,0x70705ca527ecbcbdb5ebc5f648a5b0f3e765a0839d5889f6fae7e80c7e036625,1107.43,0.16,1770583387,Will Lady Gaga perform during the Super Bowl LX halftime show?,will-lady-gaga-perform-during-the-super-bowl-lx-halftime-show,who-will-perform-at-super-bowl-halftime-show,No,1,TylerTurden,177.18880000000001
0x16bc947196043156844ee2268b4651e67d8dc822,BUY,0x70705ca527ecbcbdb5ebc5f648a5b0f3e765a0839d5889f6fae7e80c7e036625,537.34,0.32930509547027953,1770566895,Will Lady Gaga perform during the Super Bowl LX halftime show?,will-lady-gaga-perform-during-the-super-bowl-lx-halftime-show,who-will-perform-at-super-bowl-halftime-show,No,1,0x16bC947196043156844EE2268B4651E67d8dC822-1731579624017,176.9488
0x800b0d7d42224cc2795c0f4e89b683915b4a152a,BUY,0x70705ca527ecbcbdb5ebc5f648a5b0f3e765a0839d5889f6fae7e80c7e036625,216.0,0.81375,1770511479,Will Lady Gaga perform during the Super Bowl LX halftime show?,will-lady-gaga-perform-during-the-super-bowl-lx-halftime-show,who-will-perform-at-super-bowl-halftime-show,Yes,0,Poutinesteam,175.76999999999998
0x22e4248bdb066f65c9f11cd66cdd3719a28eef1c,BUY,0x70705ca527ecbcbdb5ebc5f648a5b0f3e765a0839d5889f6fae7e80c7e036625,211.15,0.83,1770578079,Will Lady Gaga perform during the Super Bowl LX halftime show?,will-lady-gaga-perform-during-the-super-bowl-lx-halftime-show,who-will-perform-at-super-bowl-halftime-show,Yes,0,ProfessionalPunter,175.2545
0x0e4e7db565ed1c78f87b94c364c8a703b8975bf4,BUY,0x70705ca527ecbcbdb5ebc5f648a5b0f3e765a0839d5889f6fae7e80c7e036625,200.0,0.8583575,1770591295,Will Lady Gaga perform during the Super Bowl LX halftime show?,will-lady-gaga-perform-during-the-super-bowl-lx-halftime-show,who-will-perform-at-super-bowl-halftime-show,Yes,0,Jonasssss,171.6715
0x800b0d7d42224cc2795c0f4e89b683915b4a152a,BUY,0x70705ca527ecbcbdb5ebc5f648a5b0f3e765a0839d5889f6fae7e80c7e036625,190.0,0.9,1770412527,Will Lady Gaga perform during the Super Bowl LX halftime show?,will-lady-gaga-perform-during-the-super-bowl-lx-halftime-show,who-will-perform-at-super-bowl-halftime-show,Yes,0,Poutinesteam,171.0
0x510904c9a58f5c5ad799a1b44947077564175e9c,BUY,0x70705ca527ecbcbdb5ebc5f648a5b0f3e765a0839d5889f6fae7e80c7e036625,1229.74,0.13894498023972546,1770428687,Will Lady Gaga perform during the Super Bowl LX halftime show?,will-lady-gaga-perform-during-the-super-bowl-lx-halftime-show,who-will-perform-at-super-bowl-halftime-show,No,1,Logan.,170.8662
0x4a0a19499f2110d489702d793f8d74dc303e047e,BUY,0x70705ca527ecbcbdb5ebc5f648a5b0f3e765a0839d5889f6fae7e80c7e036625,1000.0,0.17,1770586599,Will Lady Gaga perform during the Super Bowl LX halftime show?,will-lady-gaga-perform-during-the-super-bowl-lx-halftime-show,who-will-perform-at-super-bowl-halftime-show,No,1,reeceaa,170.0
0xbad26fe5458e6219cec3e40272760e275e835296,BUY,0x70705ca527ecbcbdb5ebc5f648a5b0f3e765a0839d5889f6fae7e80c7e036625,200.0,0.85,1770583175,Will Lady Gaga perform during the Super Bowl LX halftime show?,will-lady-gaga-perform-during-the-super-bowl-lx-halftime-show,who-will-perform-at-super-bowl-halftime-show,Yes,0,cocococococo,170.0
0xe31ac0326b7b96aefa75af4da023e9079d49e3f4,BUY,0x70705ca527ecbcbdb5ebc5f648a5b0f3e765a0839d5889f6fae7e80c7e036625,1580.337271,0.1065595313672761,1770597465,Will Lady Gaga perform during the Super Bowl LX halftime show?,will-lady-gaga-perform-during-the-super-bowl-lx-halftime-show,who-will-perform-at-super-bowl-halftime-show,No,1,0xE31AC0326B7b96AEfA75AF4DA023e9079d49e3F4-1769747422544,168.399999
0x510904c9a58f5c5ad799a1b44947077564175e9c,BUY,0x70705ca527ecbcbdb5ebc5f648a5b0f3e765a0839d5889f6fae7e80c7e036625,1200.0,0.14,1770435069,Will Lady Gaga perform during the Super Bowl LX halftime show?,will-lady-gaga-perform-during-the-super-bowl-lx-halftime-show,who-will-perform-at-super-bowl-halftime-show,No,1,Logan.,168.00000000000003
0x4526964246242015bfa78c294033565be6797a45,BUY,0x70705ca527ecbcbdb5ebc5f648a5b0f3e765a0839d5889f6fae7e80c7e036625,200.0,0.83,1770478809,Will Lady Gaga perform during the Super Bowl LX halftime show?,will-lady-gaga-perform-during-the-super-bowl-lx-halftime-show,who-will-perform-at-super-bowl-halftime-show,Yes,0,neetbets,166.0
0xc3262aeb0bd81deab067726635f5b5bd39201db1,SELL,0x70705ca527ecbcbdb5ebc5f648a5b0f3e765a0839d5889f6fae7e80c7e036625,200.0,0.8284435,1770584009,Will Lady Gaga perform during the Super Bowl LX halftime show?,will-lady-gaga-perform-during-the-super-bowl-lx-halftime-show,who-will-perform-at-super-bowl-halftime-show,Yes,0,GxUNDEFINED,165.6887
0xe8005ce45a222de67df1bf8515050b96649550de,BUY,0x70705ca527ecbcbdb5ebc5f648a5b0f3e765a0839d5889f6fae7e80c7e036625,905.055554,0.1799999992044687,1770585057,Will Lady Gaga perform during the Super Bowl LX halftime show?,will-lady-gaga-perform-during-the-super-bowl-lx-halftime-show,who-will-perform-at-super-bowl-halftime-show,No,1,simonster,162.909999
0xe732156a2d84cdfb4de831d3f11a22899e49898f,SELL,0x70705ca527ecbcbdb5ebc5f648a5b0f3e765a0839d5889f6fae7e80c7e036625,199.97,0.81,1770577681,Will Lady Gaga perform during the Super Bowl LX halftime show?,will-lady-gaga-perform-during-the-super-bowl-lx-halftime-show,who-will-perform-at-super-bowl-halftime-show,Yes,0,Nostdam,161.97570000000002
0xde0463ea7f611b065e8ab06bbfbddad75e6dfa37,BUY,0x70705ca527ecbcbdb5ebc5f648a5b0f3e765a0839d5889f6fae7e80c7e036625,200.0,0.8,1770508975,Will Lady Gaga perform during the Super Bowl LX halftime show?,will-lady-gaga-perform-during-the-super-bowl-lx-halftime-show,who-will-perform-at-super-bowl-halftime-show,Yes,0,mwenya,160.0
0x00be7c4fffec45583a9e08f351480e6457f65aca,BUY,0x70705ca527ecbcbdb5ebc5f648a5b0f3e765a0839d5889f6fae7e80c7e036625,200.0,0.8,1770570649,Will Lady Gaga perform during the Super Bowl LX halftime show?,will-lady-gaga-perform-during-the-super-bowl-lx-halftime-show,who-will-perform-at-super-bowl-halftime-show,Yes,0,philneeds,160.0
0xde0463ea7f611b065e8ab06bbfbddad75e6dfa37,BUY,0x70705ca527ecbcbdb5ebc5f648a5b0f3e765a0839d5889f6fae7e80c7e036625,998.0,0.16,1770508781,Will Lady Gaga perform during the Super Bowl LX halftime show?,will-lady-gaga-perform-during-the-super-bowl-lx-halftime-show,who-will-perform-at-super-bowl-halftime-show,No,1,mwenya,159.68
0xda475f640892d0014c086b7e4f25317f5778f40a,BUY,0x70705ca527ecbcbdb5ebc5f648a5b0f3e765a0839d5889f6fae7e80c7e036625,209.0,0.7495693779904307,1770496887,Will Lady Gaga perform during the Super Bowl LX halftime show?,will-lady-gaga-perform-during-the-super-bowl-lx-halftime-show,who-will-perform-at-super-bowl-halftime-show,Yes,0,blank2389473495,156.66
0xe0a2f29b1fadb2259111bbeca392d3805ec4a349,SELL,0x70705ca527ecbcbdb5ebc5f648a5b0f3e765a0839d5889f6fae7e80c7e036625,155.92,0.999,1770600891,Will Lady Gaga perform during the Super Bowl LX halftime show?,will-lady-gaga-perform-during-the-super-bowl-lx-halftime-show,who-will-perform-at-super-bowl-halftime-show,Yes,0,Marty-Byrde,155.76407999999998
0x16bc947196043156844ee2268b4651e67d8dc822,BUY,0x70705ca527ecbcbdb5ebc5f648a5b0f3e765a0839d5889f6fae7e80c7e036625,552.0,0.27905054347826086,1770566225,Will Lady Gaga perform during the Super Bowl LX halftime show?,will-lady-gaga-perform-during-the-super-bowl-lx-halftime-show,who-will-perform-at-super-bowl-halftime-show,No,1,0x16bC947196043156844EE2268B4651E67d8dC822-1731579624017,154.0359
0xacb1ecb679fc7ccdf58047e3c4a4ff105a55db9b,BUY,0x70705ca527ecbcbdb5ebc5f648a5b0f3e765a0839d5889f6fae7e80c7e036625,812.953156,0.18935900286977914,1770582013,Will Lady Gaga perform during the Super Bowl LX halftime show?,will-lady-gaga-perform-during-the-super-bowl-lx-halftime-show,who-will-perform-at-super-bowl-halftime-show,No,1,Matthewfromdubai,153.939999
0xde0463ea7f611b065e8ab06bbfbddad75e6dfa37,BUY,0x70705ca527ecbcbdb5ebc5f648a5b0f3e765a0839d5889f6fae7e80c7e036625,719.0,0.21307649513212795,1770554295,Will Lady Gaga perform during the Super Bowl LX halftime show?,will-lady-gaga-perform-during-the-super-bowl-lx-halftime-show,who-will-perform-at-super-bowl-halftime-show,No,1,mwenya,153.202
0x28af87b426798517c58c150773aeb0e66961c247,BUY,0x70705ca527ecbcbdb5ebc5f648a5b0f3e765a0839d5889f6fae7e80c7e036625,1120.564284,0.1356459430041945,1770593483,Will Lady Gaga perform during the Super Bowl LX halftime show?,will-lady-gaga-perform-during-the-super-bowl-lx-halftime-show,who-will-perform-at-super-bowl-halftime-show,No,1,0x28AF87b426798517c58c150773AEB0e66961c247-1770507939981,151.99999900000003
0x800b0d7d42224cc2795c0f4e89b683915b4a152a,BUY,0x70705ca527ecbcbdb5ebc5f648a5b0f3e765a0839d5889f6fae7e80c7e036625,173.0,0.8757196531791908,1770426657,Will Lady Gaga perform during the Super Bowl LX halftime show?,will-lady-gaga-perform-during-the-super-bowl-lx-halftime-show,who-will-perform-at-super-bowl-halftime-show,Yes,0,Poutinesteam,151.4995
0xab7b6b4ac0426ada55d895564bee7c26cbdaf350,BUY,0x70705ca527ecbcbdb5ebc5f648a5b0f3e765a0839d5889f6fae7e80c7e036625,600.0,0.25,1770568929,Will Lady Gaga perform during the Super Bowl LX halftime show?,will-lady-gaga-perform-during-the-super-bowl-lx-halftime-show,who-will-perform-at-super-bowl-halftime-show,No,1,Kenny.Powers,150.0
0x270e9b6b04665e212762a018214dd023a52b2930,BUY,0x70705ca527ecbcbdb5ebc5f648a5b0f3e765a0839d5889f6fae7e80c7e036625,600.0,0.25,1770413063,Will Lady Gaga perform during the Super Bowl LX halftime show?,will-lady-gaga-perform-during-the-super-bowl-lx-halftime-show,who-will-perform-at-super-bowl-halftime-show,No,1,Danieu,150.0
0x9ad030880c304c2e9356c1fc19d6c4bafbeda9d8,BUY,0x70705ca527ecbcbdb5ebc5f648a5b0f3e765a0839d5889f6fae7e80c7e036625,438.269472,0.34225518449982295,1770563935,Will Lady Gaga perform during the Super Bowl LX halftime show?,will-lady-gaga-perform-during-the-super-bowl-lx-halftime-show,who-will-perform-at-super-bowl-halftime-show,No,1,outrun1600,149.999999
0xcf29722af564119a50ae0d5b6afc2e08010577d1,BUY,0x70705ca527ecbcbdb5ebc5f648a5b0f3e765a0839d5889f6fae7e80c7e036625,896.788822,0.1672634574831933,1770465419,Will Lady Gaga perform during the Super Bowl LX halftime show?,will-lady-gaga-perform-during-the-super-bowl-lx-halftime-show,who-will-perform-at-super-bowl-halftime-show,No,1,gambler.eth,149.999999
0xab7b6b4ac0426ada55d895564bee7c26cbdaf350,BUY,0x70705ca527ecbcbdb5ebc5f648a5b0f3e765a0839d5889f6fae7e80c7e036625,586.588845,0.2557157373151206,1770569891,Will Lady Gaga perform during the Super Bowl LX halftime show?,will-lady-gaga-perform-during-the-super-bowl-lx-halftime-show,who-will-perform-at-super-bowl-halftime-show,No,1,Kenny.Powers,149.999999
0x26937ca1c1e1a93680d6a0fe4eba2a1fcb069a84,BUY,0x70705ca527ecbcbdb5ebc5f648a5b0f3e765a0839d5889f6fae7e80c7e036625,846.11111,0.1772816799439024,1770589691,Will Lady Gaga perform during the Super Bowl LX halftime show?,will-lady-gaga-perform-during-the-super-bowl-lx-halftime-show,who-will-perform-at-super-bowl-halftime-show,No,1,Helk,149.999999
0x655672ec39f5bdf554e9490c9c3931519fb326d6,BUY,0x70705ca527ecbcbdb5ebc5f648a5b0f3e765a0839d5889f6fae7e80c7e036625,769.70476,0.19487991603429866,1770577825,Will Lady Gaga perform during the Super Bowl LX halftime show?,will-lady-gaga-perform-during-the-super-bowl-lx-halftime-show,who-will-perform-at-super-bowl-halftime-show,No,1,ZhugeLiang21,149.999999
0x1e0b54874da23a4e2908769f5cb5c032e9aa7421,BUY,0x70705ca527ecbcbdb5ebc5f648a5b0f3e765a0839d5889f6fae7e80c7e036625,652.600433,0.22984967740589898,1770535377,Will Lady Gaga perform during the Super Bowl LX halftime show?,will-lady-gaga-perform-during-the-super-bowl-lx-halftime-show,who-will-perform-at-super-bowl-halftime-show,No,1,samuelitooo,149.99999899999997
0x7af3e845b4cc117fc59296e8a1878f5e8c0a9d09,SELL,0x70705ca527ecbcbdb5ebc5f648a5b0f3e765a0839d5889f6fae7e80c7e036625,199.98,0.73,1770503883,Will Lady Gaga perform during the Super Bowl LX halftime show?,will-lady-gaga-perform-during-the-super-bowl-lx-halftime-show,who-will-perform-at-super-bowl-halftime-show,Yes,0,heremhaus,145.9854
0x22e4248bdb066f65c9f11cd66cdd3719a28eef1c,BUY,0x70705ca527ecbcbdb5ebc5f648a5b0f3e765a0839d5889f6fae7e80c7e036625,175.5,0.83,1770578093,Will Lady Gaga perform during the Super Bowl LX halftime show?,will-lady-gaga-perform-during-the-super-bowl-lx-halftime-show,who-will-perform-at-super-bowl-halftime-show,Yes,0,ProfessionalPunter,145.665
0xd34bf815245d5bcea098cb0ea17df360b5c50004,SELL,0x70705ca527ecbcbdb5ebc5f648a5b0f3e765a0839d5889f6fae7e80c7e036625,969.0,0.15,1770479303,Will Lady Gaga perform during the Super Bowl LX halftime show?,will-lady-gaga-perform-during-the-super-bowl-lx-halftime-show,who-will-perform-at-super-bowl-halftime-show,No,1,Jest55,145.35
0x16bc947196043156844ee2268b4651e67d8dc822,BUY,0x70705ca527ecbcbdb5ebc5f648a5b0f3e765a0839d5889f6fae7e80c7e036625,500.0,0.29,1770566235,Will Lady Gaga perform during the Super Bowl LX halftime show?,will-lady-gaga-perform-during-the-super-bowl-lx-halftime-show,who-will-perform-at-super-bowl-halftime-show,No,1,0x16bC947196043156844EE2268B4651E67d8dC822-1731579624017,145.0
0x800b0d7d42224cc2795c0f4e89b683915b4a152a,BUY,0x70705ca527ecbcbdb5ebc5f648a5b0f3e765a0839d5889f6fae7e80c7e036625,173.0,0.8329803468208092,1770434909,Will Lady Gaga perform during the Super Bowl LX halftime show?,will-lady-gaga-perform-during-the-super-bowl-lx-halftime-show,who-will-perform-at-super-bowl-halftime-show,Yes,0,Poutinesteam,144.1056
0xd34bf815245d5bcea098cb0ea17df360b5c50004,BUY,0x70705ca527ecbcbdb5ebc5f648a5b0f3e765a0839d5889f6fae7e80c7e036625,900.0,0.16,1770583527,Will Lady Gaga perform during the Super Bowl LX halftime show?,will-lady-gaga-perform-during-the-super-bowl-lx-halftime-show,who-will-perform-at-super-bowl-halftime-show,No,1,Jest55,144.0
0x3de3e3bbf48e5bcd95d3171a6b4ba567e1475d0c,BUY,0x70705ca527ecbcbdb5ebc5f648a5b0f3e765a0839d5889f6fae7e80c7e036625,680.952379,0.20999999913356643,1770529431,Will Lady Gaga perform during the Super Bowl LX halftime show?,will-lady-gaga-perform-during-the-super-bowl-lx-halftime-show,who-will-perform-at-super-bowl-halftime-show,No,1,light-fury,142.99999899999997
0x4be1fa92e6ceaf886aac0bbec3be6c527133aa70,BUY,0x70705ca527ecbcbdb5ebc5f648a5b0f3e765a0839d5889f6fae7e80c7e036625,172.66,0.8275292482335226,1770478581,Will Lady Gaga perform during the Super Bowl LX halftime show?,will-lady-gaga-perform-during-the-super-bowl-lx-halftime-show,who-will-perform-at-super-bowl-halftime-show,Yes,0,0x4BE1fA92e6cEAF886aAc0bBEc3BE6C527133AA70-1768165898647,142.8812
0xc660ae71765d0d9eaf5fa8328c1c959841d2bd28,BUY,0x70705ca527ecbcbdb5ebc5f648a5b0f3e765a0839d5889f6fae7e80c7e036625,184.88,0.77,1770526743,Will Lady Gaga perform during the Super Bowl LX halftime show?,will-lady-gaga-perform-during-the-super-bowl-lx-halftime-show,who-will-perform-at-super-bowl-halftime-show,Yes,0,TradeurSanders,142.3576
0x5f3c65914e9019dc4c15bed08a0232da64090427,BUY,0x70705ca527ecbcbdb5ebc5f648a5b0f3e765a0839d5889f6fae7e80c7e036625,748.210525,0.18999999899760833,1770577045,Will Lady Gaga perform during the Super Bowl LX halftime show?,will-lady-gaga-perform-during-the-super-bowl-lx-halftime-show,who-will-perform-at-super-bowl-halftime-show,No,1,Terrio,142.159999
0x2f6405e90f1a8b7ee9ba2951041c979fdd119138,SELL,0x70705ca527ecbcbdb5ebc5f648a5b0f3e765a0839d5889f6fae7e80c7e036625,212.14,0.67,1770567025,Will Lady Gaga perform during the Super Bowl LX halftime show?,will-lady-gaga-perform-during-the-super-bowl-lx-halftime-show,who-will-perform-at-super-bowl-halftime-show,Yes,0,0x2F6405e90f1A8B7EE9ba2951041c979Fdd119138-1761826529649,142.1338
0x800b0d7d42224cc2795c0f4e89b683915b4a152a,BUY,0x70705ca527ecbcbdb5ebc5f648a5b0f3e765a0839d5889f6fae7e80c7e036625,162.0,0.87,1770434917,Will Lady Gaga perform during the Super Bowl LX halftime show?,will-lady-gaga-perform-during-the-super-bowl-lx-halftime-show,who-will-perform-at-super-bowl-halftime-show,Yes,0,Poutinesteam,140.94
0x4f496a61dc3433d2a5edc3fd739bc298043440f2,SELL,0x70705ca527ecbcbdb5ebc5f648a5b0f3e765a0839d5889f6fae7e80c7e036625,140.84,0.999,1770600507,Will Lady Gaga perform during the Super Bowl LX halftime show?,will-lady-gaga-perform-during-the-super-bowl-lx-halftime-show,who-will-perform-at-super-bowl-halftime-show,Yes,0,TheRealRonstradamus,140.69916
0x7c8bd6052908db57be186b8425c8bc13d61b69e3,BUY,0x70705ca527ecbcbdb5ebc5f648a5b0f3e765a0839d5889f6fae7e80c7e036625,161.402292,0.869999999752172,1770589873,Will Lady Gaga perform during the Super Bowl LX halftime show?,will-lady-gaga-perform-during-the-super-bowl-lx-halftime-show,who-will-perform-at-super-bowl-halftime-show,Yes,0,0x7C8bd6052908Db57be186B8425c8Bc13d61b69e3-1768416890816,140.41999399999997
0xc0bff7089f8536447e3d963fcbaa2d07e3e12032,BUY,0x70705ca527ecbcbdb5ebc5f648a5b0f3e765a0839d5889f6fae7e80c7e036625,1000.0,0.14,1770585187,Will Lady Gaga perform during the Super Bowl LX halftime show?,will-lady-gaga-perform-during-the-super-bowl-lx-halftime-show,who-will-perform-at-super-bowl-halftime-show,No,1,baran-ludoman,140.0
0xde0463ea7f611b065e8ab06bbfbddad75e6dfa37,BUY,0x70705ca527ecbcbdb5ebc5f648a5b0f3e765a0839d5889f6fae7e80c7e036625,660.01,0.21,1770529999,Will Lady Gaga perform during the Super Bowl LX halftime show?,will-lady-gaga-perform-during-the-super-bowl-lx-halftime-show,who-will-perform-at-super-bowl-halftime-show,No,1,mwenya,138.60209999999998
0xefc9eee85df4347def52da9fdfbfe04b7232b337,BUY,0x70705ca527ecbcbdb5ebc5f648a5b0f3e765a0839d5889f6fae7e80c7e036625,169.0,0.8185207100591716,1770575057,Will Lady Gaga perform during the Super Bowl LX halftime show?,will-lady-gaga-perform-during-the-super-bowl-lx-halftime-show,who-will-perform-at-super-bowl-halftime-show,Yes,0,4qfrankie,138.33
0x69ea0d77ef34f1acb03aaed901df7620fc4215cd,BUY,0x70705ca527ecbcbdb5ebc5f648a5b0f3e765a0839d5889f6fae7e80c7e036625,894.12,0.15,1770484595,Will Lady Gaga perform during the Super Bowl LX halftime show?,will-lady-gaga-perform-during-the-super-bowl-lx-halftime-show,who-will-perform-at-super-bowl-halftime-show,No,1,TylerTurden,134.118
0x46d005a418986b82c86ba613c12a803ff3f3aeca,BUY,0x70705ca527ecbcbdb5ebc5f648a5b0f3e765a0839d5889f6fae7e80c7e036625,153.84,0.87,1770573913,Will Lady Gaga perform during the Super Bowl LX halftime show?,will-lady-gaga-perform-during-the-super-bowl-lx-halftime-show,who-will-perform-at-super-bowl-halftime-show,Yes,0,than0s,133.8408
0x2b3fd7189a7f14351f1b6f8d296862a7156a3445,BUY,0x70705ca527ecbcbdb5ebc5f648a5b0f3e765a0839d5889f6fae7e80c7e036625,703.684209,0.18999999899102468,1770576923,Will Lady Gaga perform during the Super Bowl LX halftime show?,will-lady-gaga-perform-during-the-super-bowl-lx-halftime-show,who-will-perform-at-super-bowl-halftime-show,No,1,0x2b3fD7189a7F14351F1b6f8D296862A7156A3445-1760846276301,133.699999
0x89e0552b897baa5486a45ff257a39858a79a9412,SELL,0x70705ca527ecbcbdb5ebc5f648a5b0f3e765a0839d5889f6fae7e80c7e036625,743.71,0.17479245942638932,1770537981,Will Lady Gaga perform during the Super Bowl LX halftime show?,will-lady-gaga-perform-during-the-super-bowl-lx-halftime-show,who-will-perform-at-super-bowl-halftime-show,No,1,Ross1212,129.9949
0x1bc0d88ca86b9049cf05d642e634836d5ddf4429,BUY,0x70705ca527ecbcbdb5ebc5f648a5b0f3e765a0839d5889f6fae7e80c7e036625,160.29,0.8,1770553831,Will Lady Gaga perform during the Super Bowl LX halftime show?,will-lady-gaga-perform-during-the-super-bowl-lx-halftime-show,who-will-perform-at-super-bowl-halftime-show,Yes,0,212121212121212121212,128.232
0xb2ed7f83c9ab634923c6147b449ecbb838212a85,BUY,0x70705ca527ecbcbdb5ebc5f648a5b0f3e765a0839d5889f6fae7e80c7e036625,150.0,0.85,1770579527,Will Lady Gaga perform during the Super Bowl LX halftime show?,will-lady-gaga-perform-during-the-super-bowl-lx-halftime-show,who-will-perform-at-super-bowl-halftime-show,Yes,0,road2100,127.5
0xc4195872786b3786b4efaa706f41d3ad0ecf1372,BUY,0x70705ca527ecbcbdb5ebc5f648a5b0f3e765a0839d5889f6fae7e80c7e036625,481.914443,0.26241172232308463,1770599915,Will Lady Gaga perform during the Super Bowl LX halftime show?,will-lady-gaga-perform-during-the-super-bowl-lx-halftime-show,who-will-perform-at-super-bowl-halftime-show,No,1,spinachman21398,126.459999
0x71d1da8c5f26b71849c45771506c062f69ffc157,BUY,0x70705ca527ecbcbdb5ebc5f648a5b0f3e765a0839d5889f6fae7e80c7e036625,822.33375,0.15329542293503093,1770596255,Will Lady Gaga perform during the Super Bowl LX halftime show?,will-lady-gaga-perform-during-the-super-bowl-lx-halftime-show,who-will-perform-at-super-bowl-halftime-show,No,1,0x71d1da8c5f26b71849C45771506c062f69FfC157-1770498311126,126.05999999999999
0x800b0d7d42224cc2795c0f4e89b683915b4a152a,BUY,0x70705ca527ecbcbdb5ebc5f648a5b0f3e765a0839d5889f6fae7e80c7e036625,150.0,0.82,1770490983,Will Lady Gaga perform during the Super Bowl LX halftime show?,will-lady-gaga-perform-during-the-super-bowl-lx-halftime-show,who-will-perform-at-super-bowl-halftime-show,Yes,0,Poutinesteam,122.99999999999999
0x1732bb82fde2db1729bcf51e6153c517a373e713,SELL,0x70705ca527ecbcbdb5ebc5f648a5b0f3e765a0839d5889f6fae7e80c7e036625,122.78,0.999,1770602959,Will Lady Gaga perform during the Super Bowl LX halftime show?,will-lady-gaga-perform-during-the-super-bowl-lx-halftime-show,who-will-perform-at-super-bowl-halftime-show,Yes,0,StompingBarrel,122.65722
0x2f190721aeda9a237398e5874052c7704483cba0,BUY,0x70705ca527ecbcbdb5ebc5f648a5b0f3e765a0839d5889f6fae7e80c7e036625,134.99,0.9,1770595939,Will Lady Gaga perform during the Super Bowl LX halftime show?,will-lady-gaga-perform-during-the-super-bowl-lx-halftime-show,who-will-perform-at-super-bowl-halftime-show,Yes,0,PatternKeep,121.49100000000001
0x77da7fca6fbdaef36ff9e40cb1145ce3160b87eb,BUY,0x70705ca527ecbcbdb5ebc5f648a5b0f3e765a0839d5889f6fae7e80c7e036625,289.743776,0.4180935330945642,1770600283,Will Lady Gaga perform during the Super Bowl LX halftime show?,will-lady-gaga-perform-during-the-super-bowl-lx-halftime-show,who-will-perform-at-super-bowl-halftime-show,No,1,glorytoisrael,121.139999
0x7c8bd6052908db57be186b8425c8bc13d61b69e3,SELL,0x70705ca527ecbcbdb5ebc5f648a5b0f3e765a0839d5889f6fae7e80c7e036625,161.4,0.7491623296158613,1770599503,Will Lady Gaga perform during the Super Bowl LX halftime show?,will-lady-gaga-perform-during-the-super-bowl-lx-halftime-show,who-will-perform-at-super-bowl-halftime-show,Yes,0,0x7C8bd6052908Db57be186B8425c8Bc13d61b69e3-1768416890816,120.91480000000001
0x4932f0a5ac1bf442a376650dc72d2f0ba82169c6,BUY,0x70705ca527ecbcbdb5ebc5f648a5b0f3e765a0839d5889f6fae7e80c7e036625,500.0,0.24,1770572193,Will Lady Gaga perform during the Super Bowl LX halftime show?,will-lady-gaga-perform-during-the-super-bowl-lx-halftime-show,who-will-perform-at-super-bowl-halftime-show,No,1,Boazgoat124,120.0
0xf769c6390f6d564fe4859effbddb682c62660114,BUY,0x70705ca527ecbcbdb5ebc5f648a5b0f3e765a0839d5889f6fae7e80c7e036625,134.88,0.8883526097271649,1770590549,Will Lady Gaga perform during the Super Bowl LX halftime show?,will-lady-gaga-perform-during-the-super-bowl-lx-halftime-show,who-will-perform-at-super-bowl-halftime-show,Yes,0,MrMarket,119.821
0x800b0d7d42224cc2795c0f4e89b683915b4a152a,BUY,0x70705ca527ecbcbdb5ebc5f648a5b0f3e765a0839d5889f6fae7e80c7e036625,138.0,0.8672463768115942,1770427835,Will Lady Gaga perform during the Super Bowl LX halftime show?,will-lady-gaga-perform-during-the-super-bowl-lx-halftime-show,who-will-perform-at-super-bowl-halftime-show,Yes,0,Poutinesteam,119.68
0xde81bc45c14349c6f77eca9889e4c5e92065c5db,SELL,0x70705ca527ecbcbdb5ebc5f648a5b0f3e765a0839d5889f6fae7e80c7e036625,1075.44,0.11111582236108011,1770482441,Will Lady Gaga perform during the Super Bowl LX halftime show?,will-lady-gaga-perform-during-the-super-bowl-lx-halftime-show,who-will-perform-at-super-bowl-halftime-show,No,1,0xde81Bc45c14349c6f77eCa9889e4c5E92065c5DB-1770193385143,119.4984
0x9b2b6d27fbc5dd978486011e9de0da06435d5752,SELL,0x70705ca527ecbcbdb5ebc5f648a5b0f3e765a0839d5889f6fae7e80c7e036625,119.04,0.999,1770603237,Will Lady Gaga perform during the Super Bowl LX halftime show?,will-lady-gaga-perform-during-the-super-bowl-lx-halftime-show,who-will-perform-at-super-bowl-halftime-show,Yes,0,0x9B2B6d27fBC5dd978486011E9DE0DA06435d5752-1752803536689,118.92096000000001
0x800b0d7d42224cc2795c0f4e89b683915b4a152a,BUY,0x70705ca527ecbcbdb5ebc5f648a5b0f3e765a0839d5889f6fae7e80c7e036625,129.8,0.9084745762711864,1770412549,Will Lady Gaga perform during the Super Bowl LX halftime show?,will-lady-gaga-perform-during-the-super-bowl-lx-halftime-show,who-will-perform-at-super-bowl-halftime-show,Yes,0,Poutinesteam,117.92000000000002
0xc0bff7089f8536447e3d963fcbaa2d07e3e12032,BUY,0x70705ca527ecbcbdb5ebc5f648a5b0f3e765a0839d5889f6fae7e80c7e036625,689.588234,0.16999999886889022,1770583185,Will Lady Gaga perform during the Super Bowl LX halftime show?,will-lady-gaga-perform-during-the-super-bowl-lx-halftime-show,who-will-perform-at-super-bowl-halftime-show,No,1,baran-ludoman,117.22999900000002
0x337045f20669af46dbe313b402861b02112d20df,BUY,0x70705ca527ecbcbdb5ebc5f648a5b0f3e765a0839d5889f6fae7e80c7e036625,641.61111,0.1799999987531388,1770581515,Will Lady Gaga perform during the Super Bowl LX halftime show?,will-lady-gaga-perform-during-the-super-bowl-lx-halftime-show,who-will-perform-at-super-bowl-halftime-show,No,1,rsndd,115.48999900000001
0x4dcd0d1396928473e26a0070b4313aa0841abaeb,SELL,0x70705ca527ecbcbdb5ebc5f648a5b0f3e765a0839d5889f6fae7e80c7e036625,115.22,0.999,1770600405,Will Lady Gaga perform during the Super Bowl LX halftime show?,will-lady-gaga-perform-during-the-super-bowl-lx-halftime-show,who-will-perform-at-super-bowl-halftime-show,Yes,0,loyalmomobot,115.10478
0xd34bf815245d5bcea098cb0ea17df360b5c50004,SELL,0x70705ca527ecbcbdb5ebc5f648a5b0f3e765a0839d5889f6fae7e80c7e036625,600.0,0.191,1770470307,Will Lady Gaga perform during the Super Bowl LX halftime show?,will-lady-gaga-perform-during-the-super-bowl-lx-halftime-show,who-will-perform-at-super-bowl-halftime-show,No,1,Jest55,114.60000000000001
0x8593cbc30949df205a90cb65099d720a48e9c931,SELL,0x70705ca527ecbcbdb5ebc5f648a5b0f3e765a0839d5889f6fae7e80c7e036625,114.47,0.999,1770600459,Will Lady Gaga perform during the Super Bowl LX halftime show?,will-lady-gaga-perform-during-the-super-bowl-lx-halftime-show,who-will-perform-at-super-bowl-halftime-show,Yes,0,betsilog,114.35553
0x9668b678e71feef797a49574aa8dd95a05ad8747,SELL,0x70705ca527ecbcbdb5ebc5f648a5b0f3e765a0839d5889f6fae7e80c7e036625,112.97,0.999,1770601357,Will Lady Gaga perform during the Super Bowl LX halftime show?,will-lady-gaga-perform-during-the-super-bowl-lx-halftime-show,who-will-perform-at-super-bowl-halftime-show,Yes,0,jph11,112.85703
0xde0463ea7f611b065e8ab06bbfbddad75e6dfa37,BUY,0x70705ca527ecbcbdb5ebc5f648a5b0f3e765a0839d5889f6fae7e80c7e036625,500.0,0.2251372,1770553683,Will Lady Gaga perform during the Super Bowl LX halftime show?,will-lady-gaga-perform-during-the-super-bowl-lx-halftime-show,who-will-perform-at-super-bowl-halftime-show,No,1,mwenya,112.5686
0xcce4107fb40048d639220f758af34c527158af42,BUY,0x70705ca527ecbcbdb5ebc5f648a5b0f3e765a0839d5889f6fae7e80c7e036625,509.090908,0.21999999850714286,1770514549,Will Lady Gaga perform during the Super Bowl LX halftime show?,will-lady-gaga-perform-during-the-super-bowl-lx-halftime-show,who-will-perform-at-super-bowl-halftime-show,No,1,DanHKS,111.999999
0xa800d978a3ee5795d6958b21c9a4feb1e629bd7a,BUY,0x70705ca527ecbcbdb5ebc5f648a5b0f3e765a0839d5889f6fae7e80c7e036625,462.5,0.24,1770545417,Will Lady Gaga perform during the Super Bowl LX halftime show?,will-lady-gaga-perform-during-the-super-bowl-lx-halftime-show,who-will-perform-at-super-bowl-halftime-show,No,1,dotheoppositeofme,111.0
0x3de3e3bbf48e5bcd95d3171a6b4ba567e1475d0c,BUY,0x70705ca527ecbcbdb5ebc5f648a5b0f3e765a0839d5889f6fae7e80c7e036625,129.628371,0.8561397334847323,1770588993,Will Lady Gaga perform during the Super Bowl LX halftime show?,will-lady-gaga-perform-during-the-super-bowl-lx-halftime-show,who-will-perform-at-super-bowl-halftime-show,Yes,0,light-fury,110.97999899999999
0xf91e889ca658dd257f47b816b9454995c241fd88,BUY,0x70705ca527ecbcbdb5ebc5f648a5b0f3e765a0839d5889f6fae7e80c7e036625,523.809522,0.20999999881636364,1770573155,Will Lady Gaga perform during the Super Bowl LX halftime show?,will-lady-gaga-perform-during-the-super-bowl-lx-halftime-show,who-will-perform-at-super-bowl-halftime-show,No,1,,109.999999
0x5c2f09eec842fdd72c61af83561e1be91c59845e,BUY,0x70705ca527ecbcbdb5ebc5f648a5b0f3e765a0839d5889f6fae7e80c7e036625,606.478946,0.18137480241564724,1770575231,Will Lady Gaga perform during the Super Bowl LX halftime show?,will-lady-gaga-perform-during-the-super-bowl-lx-halftime-show,who-will-perform-at-super-bowl-halftime-show,No,1,,109.99999899999999
0xde0463ea7f611b065e8ab06bbfbddad75e6dfa37,BUY,0x70705ca527ecbcbdb5ebc5f648a5b0f3e765a0839d5889f6fae7e80c7e036625,491.0,0.22271181262729126,1770553003,Will Lady Gaga perform during the Super Bowl LX halftime show?,will-lady-gaga-perform-during-the-super-bowl-lx-halftime-show,who-will-perform-at-super-bowl-halftime-show,No,1,mwenya,109.3515
0x800b0d7d42224cc2795c0f4e89b683915b4a152a,BUY,0x70705ca527ecbcbdb5ebc5f648a5b0f3e765a0839d5889f6fae7e80c7e036625,134.75,0.81,1770512273,Will Lady Gaga perform during the Super Bowl LX halftime show?,will-lady-gaga-perform-during-the-super-bowl-lx-halftime-show,who-will-perform-at-super-bowl-halftime-show,Yes,0,Poutinesteam,109.14750000000001
0x4004824efa09521eeb70ad3550f0ea8f8e7f68f2,BUY,0x70705ca527ecbcbdb5ebc5f648a5b0f3e765a0839d5889f6fae7e80c7e036625,124.58,0.87,1770585903,Will Lady Gaga perform during the Super Bowl LX halftime show?,will-lady-gaga-perform-during-the-super-bowl-lx-halftime-show,who-will-perform-at-super-bowl-halftime-show,Yes,0,dasdadewq12,108.38459999999999
0x92e53057ef2872722a53fe807245bd387e1defee,BUY,0x70705ca527ecbcbdb5ebc5f648a5b0f3e765a0839d5889f6fae7e80c7e036625,119.0,0.91,1770596841,Will Lady Gaga perform during the Super Bowl LX halftime show?,will-lady-gaga-perform-during-the-super-bowl-lx-halftime-show,who-will-perform-at-super-bowl-halftime-show,Yes,0,GrokEnjoyer,108.29
0x5cc86cefa7a8a9ab757c2f4f3d8641894b151612,BUY,0x70705ca527ecbcbdb5ebc5f648a5b0f3e765a0839d5889f6fae7e80c7e036625,113.0,0.94,1770599041,Will Lady Gaga perform during the Super Bowl LX halftime show?,will-lady-gaga-perform-during-the-super-bowl-lx-halftime-show,who-will-perform-at-super-bowl-halftime-show,Yes,0,GiveMeThat,106.22
0xc0e02455817ac5cb3a59cdc4d469d504e9dd1ace,SELL,0x70705ca527ecbcbdb5ebc5f648a5b0f3e765a0839d5889f6fae7e80c7e036625,662.67,0.16010729322287112,1770508583,Will Lady Gaga perform during the Super Bowl LX halftime show?,will-lady-gaga-perform-during-the-super-bowl-lx-halftime-show,who-will-perform-at-super-bowl-halftime-show,No,1,a4ther,106.0983
0x3de3e3bbf48e5bcd95d3171a6b4ba567e1475d0c,SELL,0x70705ca527ecbcbdb5ebc5f648a5b0f3e765a0839d5889f6fae7e80c7e036625,680.95,0.155162787282473,1770588963,Will Lady Gaga perform during the Super Bowl LX halftime show?,will-lady-gaga-perform-during-the-super-bowl-lx-halftime-show,who-will-perform-at-super-bowl-halftime-show,No,1,light-fury,105.6581
0x800b0d7d42224cc2795c0f4e89b683915b4a152a,BUY,0x70705ca527ecbcbdb5ebc5f648a5b0f3e765a0839d5889f6fae7e80c7e036625,120.0,0.88,1770425133,Will Lady Gaga perform during the Super Bowl LX halftime show?,will-lady-gaga-perform-during-the-super-bowl-lx-halftime-show,who-will-perform-at-super-bowl-halftime-show,Yes,0,Poutinesteam,105.6
0xde0463ea7f611b065e8ab06bbfbddad75e6dfa37,BUY,0x70705ca527ecbcbdb5ebc5f648a5b0f3e765a0839d5889f6fae7e80c7e036625,500.0,0.21,1770534753,Will Lady Gaga perform during the Super Bowl LX halftime show?,will-lady-gaga-perform-during-the-super-bowl-lx-halftime-show,who-will-perform-at-super-bowl-halftime-show,No,1,mwenya,105.0
0xacceb06d3e98abd8bbfa5427cb9797c3215fce8a,BUY,0x70705ca527ecbcbdb5ebc5f648a5b0f3e765a0839d5889f6fae7e80c7e036625,708.855554,0.14812608634791058,1770589993,Will Lady Gaga perform during the Super Bowl LX halftime show?,will-lady-gaga-perform-during-the-super-bowl-lx-halftime-show,who-will-perform-at-super-bowl-halftime-show,No,1,0xACceB06d3e98abd8BbfA5427Cb9797C3215fcE8A-1768863007501,104.99999899999999
0xde7aa7fc0b0d78d5cb66d1e4ac2001863dd6737b,SELL,0x70705ca527ecbcbdb5ebc5f648a5b0f3e765a0839d5889f6fae7e80c7e036625,127.91,0.82,1770583947,Will Lady Gaga perform during the Super Bowl LX halftime show?,will-lady-gaga-perform-during-the-super-bowl-lx-halftime-show,who-will-perform-at-super-bowl-halftime-show,Yes,0,SharpBet,104.88619999999999
0xeb0fbf475cf0b6b89a518d8fcb5de3dd558c3622,BUY,0x70705ca527ecbcbdb5ebc5f648a5b0f3e765a0839d5889f6fae7e80c7e036625,503.624284,0.20755551771605993,1770591221,Will Lady Gaga perform during the Super Bowl LX halftime show?,will-lady-gaga-perform-during-the-super-bowl-lx-halftime-show,who-will-perform-at-super-bowl-halftime-show,No,1,0xEb0FbF475Cf0b6B89A518d8fcb5De3DD558C3622-1761297300934,104.52999899999999
0x3d0f4aa94109a3ad29391f8e0354061c4f1fbe83,BUY,0x70705ca527ecbcbdb5ebc5f648a5b0f3e765a0839d5889f6fae7e80c7e036625,486.909089,0.21322255292712353,1770509307,Will Lady Gaga perform during the Super Bowl LX halftime show?,will-lady-gaga-perform-during-the-super-bowl-lx-halftime-show,who-will-perform-at-super-bowl-halftime-show,No,1,leonartsteveen,103.819999
0x1dc0db14e3ca9591ca7196305f75eeb750f5099d,BUY,0x70705ca527ecbcbdb5ebc5f648a5b0f3e765a0839d5889f6fae7e80c7e036625,724.110665,0.1422434497633038,1770459233,Will Lady Gaga perform during the Super Bowl LX halftime show?,will-lady-gaga-perform-during-the-super-bowl-lx-halftime-show,who-will-perform-at-super-bowl-halftime-show,No,1,BrokeByChoice,102.99999900000002
0xff1768108a73e93f661ac38f0d43ec1bbac35745,BUY,0x70705ca527ecbcbdb5ebc5f648a5b0f3e765a0839d5889f6fae7e80c7e036625,115.71,0.89,1770599485,Will Lady Gaga perform during the Super Bowl LX halftime show?,will-lady-gaga-perform-during-the-super-bowl-lx-halftime-show,who-will-perform-at-super-bowl-halftime-show,Yes,0,coleybetsmer,102.9819
0x076ca0207aaa48365da2eb6a917edcbdee5e4e7b,SELL,0x70705ca527ecbcbdb5ebc5f648a5b0f3e765a0839d5889f6fae7e80c7e036625,148.11,0.69,1770506801,Will Lady Gaga perform during the Super Bowl LX halftime show?,will-lady-gaga-perform-during-the-super-bowl-lx-halftime-show,who-will-perform-at-super-bowl-halftime-show,Yes,0,milize,102.1959
0x4ac1ae22eed37cef01b1374f7002628cdbcfce01,BUY,0x70705ca527ecbcbdb5ebc5f648a5b0f3e765a0839d5889f6fae7e80c7e036625,130.0,0.78,1770569319,Will Lady Gaga perform during the Super Bowl LX halftime show?,will-lady-gaga-perform-during-the-super-bowl-lx-halftime-show,who-will-perform-at-super-bowl-halftime-show,Yes,0,0x4aC1AE22EeD37Cef01b1374F7002628cDbcFce01-1746725329606,101.4
0xef21308603a0fa913a925553e7c6de881d85a60a,BUY,0x70705ca527ecbcbdb5ebc5f648a5b0f3e765a0839d5889f6fae7e80c7e036625,607.474209,0.16678897227059067,1770590593,Will Lady Gaga perform during the Super Bowl LX halftime show?,will-lady-gaga-perform-during-the-super-bowl-lx-halftime-show,who-will-perform-at-super-bowl-halftime-show,No,1,0xEf21308603A0fA913A925553E7c6de881d85a60a-1770496141923,101.319999
0x800b0d7d42224cc2795c0f4e89b683915b4a152a,BUY,0x70705ca527ecbcbdb5ebc5f648a5b0f3e765a0839d5889f6fae7e80c7e036625,115.0,0.88,1770425159,Will Lady Gaga perform during the Super Bowl LX halftime show?,will-lady-gaga-perform-during-the-super-bowl-lx-halftime-show,who-will-perform-at-super-bowl-halftime-show,Yes,0,Poutinesteam,101.2
0x733d3dbeafe1b9017082223b41f8d72ac82d1ae7,BUY,0x70705ca527ecbcbdb5ebc5f648a5b0f3e765a0839d5889f6fae7e80c7e036625,120.0,0.8375,1770591611,Will Lady Gaga perform during the Super Bowl LX halftime show?,will-lady-gaga-perform-during-the-super-bowl-lx-halftime-show,who-will-perform-at-super-bowl-halftime-show,Yes,0,justgettingby,100.5
0xb39909c5bfe271f2165db8b9084412f61634b61f,BUY,0x70705ca527ecbcbdb5ebc5f648a5b0f3e765a0839d5889f6fae7e80c7e036625,627.875,0.16,1770592841,Will Lady Gaga perform during the Super Bowl LX halftime show?,will-lady-gaga-perform-during-the-super-bowl-lx-halftime-show,who-will-perform-at-super-bowl-halftime-show,No,1,Yuli-betzz,100.46000000000001
0x0b8d2f811ba1c5bc3f1157f5f77a492c4cf4c3a9,BUY,0x70705ca527ecbcbdb5ebc5f648a5b0f3e765a0839d5889f6fae7e80c7e036625,120.83,0.83,1770541293,Will Lady Gaga perform during the Super Bowl LX halftime show?,will-lady-gaga-perform-during-the-super-bowl-lx-halftime-show,who-will-perform-at-super-bowl-halftime-show,Yes,0,toxro23,100.2889
0xde0463ea7f611b065e8ab06bbfbddad75e6dfa37,BUY,0x70705ca527ecbcbdb5ebc5f648a5b0f3e765a0839d5889f6fae7e80c7e036625,482.53,0.20783350258015046,1770572813,Will Lady Gaga perform during the Super Bowl LX halftime show?,will-lady-gaga-perform-during-the-super-bowl-lx-halftime-show,who-will-perform-at-super-bowl-halftime-show,No,1,mwenya,100.2859
0x5bd33a93d382206d2a283180354dd4af2a51d9c4,BUY,0x70705ca527ecbcbdb5ebc5f648a5b0f3e765a0839d5889f6fae7e80c7e036625,625.0,0.16,1770588571,Will Lady Gaga perform during the Super Bowl LX halftime show?,will-lady-gaga-perform-during-the-super-bowl-lx-halftime-show,who-will-perform-at-super-bowl-halftime-show,No,1,0x5bd33a93d382206d2a283180354dd4af2a51d9c4,100.0
0xde0463ea7f611b065e8ab06bbfbddad75e6dfa37,BUY,0x70705ca527ecbcbdb5ebc5f648a5b0f3e765a0839d5889f6fae7e80c7e036625,500.0,0.2,1770493275,Will Lady Gaga perform during the Super Bowl LX halftime show?,will-lady-gaga-perform-during-the-super-bowl-lx-halftime-show,who-will-perform-at-super-bowl-halftime-show,No,1,mwenya,100.0
0xbd3674089bb0c2e7d42b91f386dd971a5b09b914,BUY,0x70705ca527ecbcbdb5ebc5f648a5b0f3e765a0839d5889f6fae7e80c7e036625,400.0,0.25,1770560779,Will Lady Gaga perform during the Super Bowl LX halftime show?,will-lady-gaga-perform-during-the-super-bowl-lx-halftime-show,who-will-perform-at-super-bowl-halftime-show,No,1,,100.0
0x0807177a66d41bb6a0a16e6caed906bbfb96443a,BUY,0x70705ca527ecbcbdb5ebc5f648a5b0f3e765a0839d5889f6fae7e80c7e036625,400.0,0.25,1770524179,Will Lady Gaga perform during the Super Bowl LX halftime show?,will-lady-gaga-perform-during-the-super-bowl-lx-halftime-show,who-will-perform-at-super-bowl-halftime-show,No,1,0x0807177A66D41Bb6a0a16e6cAED906bbFb96443A-1770522207160,100.0
0x49994aa10298b00baeb1e46256f73d65743bcc96,BUY,0x70705ca527ecbcbdb5ebc5f648a5b0f3e765a0839d5889f6fae7e80c7e036625,400.0,0.25,1770496065,Will Lady Gaga perform during the Super Bowl LX halftime show?,will-lady-gaga-perform-during-the-super-bowl-lx-halftime-show,who-will-perform-at-super-bowl-halftime-show,No,1,Profymarket,100.0
0x96b5a03d69b3b825de6a5a52a37e970d22afcbc1,BUY,0x70705ca527ecbcbdb5ebc5f648a5b0f3e765a0839d5889f6fae7e80c7e036625,504.9525,0.19803842935721677,1770489183,Will Lady Gaga perform during the Super Bowl LX halftime show?,will-lady-gaga-perform-during-the-super-bowl-lx-halftime-show,who-will-perform-at-super-bowl-halftime-show,No,1,RadekZpl,100.0
0x7affd50e43a5af22db0ac21432c581c520f65f17,BUY,0x70705ca527ecbcbdb5ebc5f648a5b0f3e765a0839d5889f6fae7e80c7e036625,590.0,0.1694915254237288,1770480155,Will Lady Gaga perform during the Super Bowl LX halftime show?,will-lady-gaga-perform-during-the-super-bowl-lx-halftime-show,who-will-perform-at-super-bowl-halftime-show,No,1,ephyr,100.0
0x1dc0db14e3ca9591ca7196305f75eeb750f5099d,BUY,0x70705ca527ecbcbdb5ebc5f648a5b0f3e765a0839d5889f6fae7e80c7e036625,643.04125,0.1555110189276349,1770592105,Will Lady Gaga perform during the Super Bowl LX halftime show?,will-lady-gaga-perform-during-the-super-bowl-lx-halftime-show,who-will-perform-at-super-bowl-halftime-show,No,1,BrokeByChoice,100.0
0xce1041674adcc9e71d82a5aa527bb1eb2484ef76,BUY,0x70705ca527ecbcbdb5ebc5f648a5b0f3e765a0839d5889f6fae7e80c7e036625,118.0,0.847457627118644,1770583819,Will Lady Gaga perform during the Super Bowl LX halftime show?,will-lady-gaga-perform-during-the-super-bowl-lx-halftime-show,who-will-perform-at-super-bowl-halftime-show,Yes,0,BigHC,100.0
0x47bb4e8f288c416c8b35a2072beb4e6fb8cb81bc,BUY,0x70705ca527ecbcbdb5ebc5f648a5b0f3e765a0839d5889f6fae7e80c7e036625,125.0,0.8,1770570709,Will Lady Gaga perform during the Super Bowl LX halftime show?,will-lady-gaga-perform-during-the-super-bowl-lx-halftime-show,who-will-perform-at-super-bowl-halftime-show,Yes,0,Sillywilly,100.0
0xbe216a3f27d7e5d9cd7d7234144b8cf895a365e5,BUY,0x70705ca527ecbcbdb5ebc5f648a5b0f3e765a0839d5889f6fae7e80c7e036625,556.11111,0.1798201783812591,1770453551,Will Lady Gaga perform during the Super Bowl LX halftime show?,will-lady-gaga-perform-during-the-super-bowl-lx-halftime-show,who-will-perform-at-super-bowl-halftime-show,No,1,salomonherro3,99.99999900000002
0x91b71f1e4c0bd54a211f73c4df0cf37433c1ad02,BUY,0x70705ca527ecbcbdb5ebc5f648a5b0f3e765a0839d5889f6fae7e80c7e036625,555.555554,0.179999998704,1770584367,Will Lady Gaga perform during the Super Bowl LX halftime show?,will-lady-gaga-perform-during-the-super-bowl-lx-halftime-show,who-will-perform-at-super-bowl-halftime-show,No,1,33omega,99.999999
0x8d341345a41d237a8fd198fbdfa3ea9b4b458467,BUY,0x70705ca527ecbcbdb5ebc5f648a5b0f3e765a0839d5889f6fae7e80c7e036625,833.333332,0.11999999899199999,1770597911,Will Lady Gaga perform during the Super Bowl LX halftime show?,will-lady-gaga-perform-during-the-super-bowl-lx-halftime-show,who-will-perform-at-super-bowl-halftime-show,No,1,0x8D341345a41D237A8Fd198fbDfa3eA9b4B458467-1770597269841,99.999999
0xb39909c5bfe271f2165db8b9084412f61634b61f,BUY,0x70705ca527ecbcbdb5ebc5f648a5b0f3e765a0839d5889f6fae7e80c7e036625,370.370369,0.269999998299,1770410927,Will Lady Gaga perform during the Super Bowl LX halftime show?,will-lady-gaga-perform-during-the-super-bowl-lx-halftime-show,who-will-perform-at-super-bowl-halftime-show,No,1,Yuli-betzz,99.999999
0x2c4a5cee0751089af64f9b09c0c31baf2288a18b,BUY,0x70705ca527ecbcbdb5ebc5f648a5b0f3e765a0839d5889f6fae7e80c7e036625,502.646922,0.1989468046518745,1770511503,Will Lady Gaga perform during the Super Bowl LX halftime show?,will-lady-gaga-perform-during-the-super-bowl-lx-halftime-show,who-will-perform-at-super-bowl-halftime-show,No,1,muddbuttz69,99.999999
0xf4b3e8bf8bfd25e101251cff25fd15537040af09,BUY,0x70705ca527ecbcbdb5ebc5f648a5b0f3e765a0839d5889f6fae7e80c7e036625,388.461537,0.2574257409685325,1770599961,Will Lady Gaga perform during the Super Bowl LX halftime show?,will-lady-gaga-perform-during-the-super-bowl-lx-halftime-show,who-will-perform-at-super-bowl-halftime-show,No,1,0xf4b3E8Bf8BFD25e101251cFf25fD15537040aF09-1763958682309,99.999999
0x504fb74e4855005efe7881e8f97feedd89383ddc,BUY,0x70705ca527ecbcbdb5ebc5f648a5b0f3e765a0839d5889f6fae7e80c7e036625,333.333332,0.2999999982,1770408437,Will Lady Gaga perform during the Super Bowl LX halftime show?,will-lady-gaga-perform-during-the-super-bowl-lx-halftime-show,who-will-perform-at-super-bowl-halftime-show,No,1,jelvis,99.999999
0xf38674c7fb3e13afb6afc890808a4714c33dd19d,BUY,0x70705ca527ecbcbdb5ebc5f648a5b0f3e765a0839d5889f6fae7e80c7e036625,588.823528,0.16983016853905336,1770586997,Will Lady Gaga perform during the Super Bowl LX halftime show?,will-lady-gaga-perform-during-the-super-bowl-lx-halftime-show,who-will-perform-at-super-bowl-halftime-show,No,1,,99.999999
0xa3a9bdfed2fa7d926076d59869471da1b0c71c99,BUY,0x70705ca527ecbcbdb5ebc5f648a5b0f3e765a0839d5889f6fae7e80c7e036625,555.863887,0.17990015422606506,1770590075,Will Lady Gaga perform during the Super Bowl LX halftime show?,will-lady-gaga-perform-during-the-super-bowl-lx-halftime-show,who-will-perform-at-super-bowl-halftime-show,No,1,,99.999999
0xe31ac0326b7b96aefa75af4da023e9079d49e3f4,BUY,0x70705ca527ecbcbdb5ebc5f648a5b0f3e765a0839d5889f6fae7e80c7e036625,601.184704,0.16633822905780385,1770587851,Will Lady Gaga perform during the Super Bowl LX halftime show?,will-lady-gaga-perform-during-the-super-bowl-lx-halftime-show,who-will-perform-at-super-bowl-halftime-show,No,1,0xE31AC0326B7b96AEfA75AF4DA023e9079d49e3F4-1769747422544,99.999999
0xf0e9f194203b7aa67f92faf252a206946391e33e,BUY,0x70705ca527ecbcbdb5ebc5f648a5b0f3e765a0839d5889f6fae7e80c7e036625,833.333332,0.11999999899199999,1770597975,Will Lady Gaga perform during the Super Bowl LX halftime show?,will-lady-gaga-perform-during-the-super-bowl-lx-halftime-show,who-will-perform-at-super-bowl-halftime-show,No,1,unocrypto,99.999999
0xd2c3952ea7bd5e8e943567aa844d4b1671576ec8,BUY,0x70705ca527ecbcbdb5ebc5f648a5b0f3e765a0839d5889f6fae7e80c7e036625,416.666665,0.23999999855999998,1770496219,Will Lady Gaga perform during the Super Bowl LX halftime show?,will-lady-gaga-perform-during-the-super-bowl-lx-halftime-show,who-will-perform-at-super-bowl-halftime-show,No,1,Mmmmmmmmy,99.999999
0x4be1fa92e6ceaf886aac0bbec3be6c527133aa70,BUY,0x70705ca527ecbcbdb5ebc5f648a5b0f3e765a0839d5889f6fae7e80c7e036625,111.11111,0.9,1770472351,Will Lady Gaga perform during the Super Bowl LX halftime show?,will-lady-gaga-perform-during-the-super-bowl-lx-halftime-show,who-will-perform-at-super-bowl-halftime-show,Yes,0,0x4BE1fA92e6cEAF886aAc0bBEc3BE6C527133AA70-1768165898647,99.999999
0x450c9c6606964980f087d7f3103273f8323bcbfe,BUY,0x70705ca527ecbcbdb5ebc5f648a5b0f3e765a0839d5889f6fae7e80c7e036625,344.827585,0.289999998115,1770567929,Will Lady Gaga perform during the Super Bowl LX halftime show?,will-lady-gaga-perform-during-the-super-bowl-lx-halftime-show,who-will-perform-at-super-bowl-halftime-show,No,1,Wongnada,99.999999
0x9ad030880c304c2e9356c1fc19d6c4bafbeda9d8,BUY,0x70705ca527ecbcbdb5ebc5f648a5b0f3e765a0839d5889f6fae7e80c7e036625,384.615383,0.259999998492,1770564271,Will Lady Gaga perform during the Super Bowl LX halftime show?,will-lady-gaga-perform-during-the-super-bowl-lx-halftime-show,who-will-perform-at-super-bowl-halftime-show,No,1,outrun1600,99.999999
0x807d6a5a57c7c7bafdcf17623b241a3cf0f61e89,BUY,0x70705ca527ecbcbdb5ebc5f648a5b0f3e765a0839d5889f6fae7e80c7e036625,527.05842,0.18973228622360308,1770592497,Will Lady Gaga perform during the Super Bowl LX halftime show?,will-lady-gaga-perform-during-the-super-bowl-lx-halftime-show,who-will-perform-at-super-bowl-halftime-show,No,1,Monkas,99.999999
0xf0e9f194203b7aa67f92faf252a206946391e33e,BUY,0x70705ca527ecbcbdb5ebc5f648a5b0f3e765a0839d5889f6fae7e80c7e036625,715.384284,0.13978500959073348,1770592403,Will Lady Gaga perform during the Super Bowl LX halftime show?,will-lady-gaga-perform-during-the-super-bowl-lx-halftime-show,who-will-perform-at-super-bowl-halftime-show,No,1,unocrypto,99.999999
0x0094ba7ba4de4a052103a06d79990f09ba1186ea,BUY,0x70705ca527ecbcbdb5ebc5f648a5b0f3e765a0839d5889f6fae7e80c7e036625,464.937271,0.21508277618810215,1770578025,Will Lady Gaga perform during the Super Bowl LX halftime show?,will-lady-gaga-perform-during-the-super-bowl-lx-halftime-show,who-will-perform-at-super-bowl-halftime-show,No,1,refundpls,99.999999
0x5dfbe339725a5de2bd9dfda46265120f149786bc,BUY,0x70705ca527ecbcbdb5ebc5f648a5b0f3e765a0839d5889f6fae7e80c7e036625,555.555554,0.179999998704,1770575825,Will Lady Gaga perform during the Super Bowl LX halftime show?,will-lady-gaga-perform-during-the-super-bowl-lx-halftime-show,who-will-perform-at-super-bowl-halftime-show,No,1,santiagoo,99.999999
0xe89116311d977a0763b776550d50677fe6dab130,BUY,0x70705ca527ecbcbdb5ebc5f648a5b0f3e765a0839d5889f6fae7e80c7e036625,591.977776,0.1689252587752551,1770593899,Will Lady Gaga perform during the Super Bowl LX halftime show?,will-lady-gaga-perform-during-the-super-bowl-lx-halftime-show,who-will-perform-at-super-bowl-halftime-show,No,1,etiekyed1,99.99999899999999
0xdae199000e53b3cccfb81b13eee12fedcc287a4d,BUY,0x70705ca527ecbcbdb5ebc5f648a5b0f3e765a0839d5889f6fae7e80c7e036625,434.782607,0.229999998597,1770440033,Will Lady Gaga perform during the Super Bowl LX halftime show?,will-lady-gaga-perform-during-the-super-bowl-lx-halftime-show,who-will-perform-at-super-bowl-halftime-show,No,1,BUGGY,99.99999899999999
0x4bb34e0a829ab058976062464fd0341ecffc727b,BUY,0x70705ca527ecbcbdb5ebc5f648a5b0f3e765a0839d5889f6fae7e80c7e036625,588.235293,0.169999998623,1770586929,Will Lady Gaga perform during the Super Bowl LX halftime show?,will-lady-gaga-perform-during-the-super-bowl-lx-halftime-show,who-will-perform-at-super-bowl-halftime-show,No,1,0x4BB34e0a829AB058976062464fD0341ECFfC727B-1769384821572,99.99999899999999
0x5bd33a93d382206d2a283180354dd4af2a51d9c4,BUY,0x70705ca527ecbcbdb5ebc5f648a5b0f3e765a0839d5889f6fae7e80c7e036625,526.315788,0.18999999863199998,1770590591,Will Lady Gaga perform during the Super Bowl LX halftime show?,will-lady-gaga-perform-during-the-super-bowl-lx-halftime-show,who-will-perform-at-super-bowl-halftime-show,No,1,0x5bd33a93d382206d2a283180354dd4af2a51d9c4,99.99999899999999
0x2b1d93318daa8ce47f75db692239f31a60abfe6d,BUY,0x70705ca527ecbcbdb5ebc5f648a5b0f3e765a0839d5889f6fae7e80c7e036625,119.047618,0.839999998992,1770582793,Will Lady Gaga perform during the Super Bowl LX halftime show?,will-lady-gaga-perform-during-the-super-bowl-lx-halftime-show,who-will-perform-at-super-bowl-halftime-show,Yes,0,ninjagolover,99.99999899999999
0xef84271f78e82361a43635de0497ccdc1ad591df,BUY,0x70705ca527ecbcbdb5ebc5f648a5b0f3e765a0839d5889f6fae7e80c7e036625,564.952856,0.17700591817169253,1770574291,Will Lady Gaga perform during the Super Bowl LX halftime show?,will-lady-gaga-perform-during-the-super-bowl-lx-halftime-show,who-will-perform-at-super-bowl-halftime-show,No,1,0xeF84271f78e82361A43635dE0497CCDc1ad591df-1770573371657,99.99999899999999
0xe71740d83398d8d1719908a3a1306d2e13eda339,BUY,0x70705ca527ecbcbdb5ebc5f648a5b0f3e765a0839d5889f6fae7e80c7e036625,526.315788,0.18999999863199998,1770584487,Will Lady Gaga perform during the Super Bowl LX halftime show?,will-lady-gaga-perform-during-the-super-bowl-lx-halftime-show,who-will-perform-at-super-bowl-halftime-show,No,1,0xE71740D83398D8D1719908A3A1306D2e13edA339-1722385389209,99.99999899999999
0x4be1fa92e6ceaf886aac0bbec3be6c527133aa70,BUY,0x70705ca527ecbcbdb5ebc5f648a5b0f3e765a0839d5889f6fae7e80c7e036625,119.047618,0.839999998992,1770476237,Will Lady Gaga perform during the Super Bowl LX halftime show?,will-lady-gaga-perform-during-the-super-bowl-lx-halftime-show,who-will-perform-at-super-bowl-halftime-show,Yes,0,0x4BE1fA92e6cEAF886aAc0bBEc3BE6C527133AA70-1768165898647,99.99999899999999
0xc0677ece68bcb67873195c7553be8ba4ea47c575,BUY,0x70705ca527ecbcbdb5ebc5f648a5b0f3e765a0839d5889f6fae7e80c7e036625,526.315788,0.18999999863199998,1770584933,Will Lady Gaga perform during the Super Bowl LX halftime show?,will-lady-gaga-perform-during-the-super-bowl-lx-halftime-show,who-will-perform-at-super-bowl-halftime-show,No,1,pudgeth,99.99999899999999
0x2c4a5cee0751089af64f9b09c0c31baf2288a18b,BUY,0x70705ca527ecbcbdb5ebc5f648a5b0f3e765a0839d5889f6fae7e80c7e036625,526.315788,0.18999999863199998,1770582141,Will Lady Gaga perform during the Super Bowl LX halftime show?,will-lady-gaga-perform-during-the-super-bowl-lx-halftime-show,who-will-perform-at-super-bowl-halftime-show,No,1,muddbuttz69,99.99999899999999
0xdae199000e53b3cccfb81b13eee12fedcc287a4d,BUY,0x70705ca527ecbcbdb5ebc5f648a5b0f3e765a0839d5889f6fae7e80c7e036625,434.782607,0.229999998597,1770440293,Will Lady Gaga perform during the Super Bowl LX halftime show?,will-lady-gaga-perform-during-the-super-bowl-lx-halftime-show,who-will-perform-at-super-bowl-halftime-show,No,1,BUGGY,99.99999899999999
0xee4fe0dd2e309be92c734de2c0004a96b67cc0f0,BUY,0x70705ca527ecbcbdb5ebc5f648a5b0f3e765a0839d5889f6fae7e80c7e036625,638.797646,0.15654409440325331,1770594337,Will Lady Gaga perform during the Super Bowl LX halftime show?,will-lady-gaga-perform-during-the-super-bowl-lx-halftime-show,who-will-perform-at-super-bowl-halftime-show,No,1,richardmillyunnnn,99.99999899999999
0x5bd33a93d382206d2a283180354dd4af2a51d9c4,BUY,0x70705ca527ecbcbdb5ebc5f648a5b0f3e765a0839d5889f6fae7e80c7e036625,566.07111,0.17665624907089852,1770588687,Will Lady Gaga perform during the Super Bowl LX halftime show?,will-lady-gaga-perform-during-the-super-bowl-lx-halftime-show,who-will-perform-at-super-bowl-halftime-show,No,1,0x5bd33a93d382206d2a283180354dd4af2a51d9c4,99.99999899999999
0xf38674c7fb3e13afb6afc890808a4714c33dd19d,BUY,0x70705ca527ecbcbdb5ebc5f648a5b0f3e765a0839d5889f6fae7e80c7e036625,434.782607,0.229999998597,1770529017,Will Lady Gaga perform during the Super Bowl LX halftime show?,will-lady-gaga-perform-during-the-super-bowl-lx-halftime-show,who-will-perform-at-super-bowl-halftime-show,No,1,,99.99999899999999
0x9b2b6d27fbc5dd978486011e9de0da06435d5752,BUY,0x70705ca527ecbcbdb5ebc5f648a5b0f3e765a0839d5889f6fae7e80c7e036625,119.047618,0.839999998992,1770583917,Will Lady Gaga perform during the Super Bowl LX halftime show?,will-lady-gaga-perform-during-the-super-bowl-lx-halftime-show,who-will-perform-at-super-bowl-halftime-show,Yes,0,0x9B2B6d27fBC5dd978486011E9DE0DA06435d5752-1752803536689,99.99999899999999
0x2835c2947f98bb304d1636c973de65b9564f2b42,BUY,0x70705ca527ecbcbdb5ebc5f648a5b0f3e765a0839d5889f6fae7e80c7e036625,588.235293,0.169999998623,1770454385,Will Lady Gaga perform during the Super Bowl LX halftime show?,will-lady-gaga-perform-during-the-super-bowl-lx-halftime-show,who-will-perform-at-super-bowl-halftime-show,No,1,DrearyCritic18364592,99.99999899999999
0x32cd72dbb46f80a025d7d1b74acaf83368f8316a,BUY,0x70705ca527ecbcbdb5ebc5f648a5b0f3e765a0839d5889f6fae7e80c7e036625,126.582276,0.789999999684,1770571797,Will Lady Gaga perform during the Super Bowl LX halftime show?,will-lady-gaga-perform-during-the-super-bowl-lx-halftime-show,who-will-perform-at-super-bowl-halftime-show,Yes,0,0x32Cd72dBB46F80A025d7D1B74Acaf83368F8316A-1767766303684,99.999998
0x09ad5862d92d829116ecc6d55c2bf28ab20e819e,BUY,0x70705ca527ecbcbdb5ebc5f648a5b0f3e765a0839d5889f6fae7e80c7e036625,113.351009,0.882215331669434,1770463975,Will Lady Gaga perform during the Super Bowl LX halftime show?,will-lady-gaga-perform-during-the-super-bowl-lx-halftime-show,who-will-perform-at-super-bowl-halftime-show,Yes,0,0x09AD5862d92d829116eCc6d55c2BF28aB20E819e-1766240659613,99.999998
0x0747366f84f7262c863607c8d53c900b5ccd7e76,BUY,0x70705ca527ecbcbdb5ebc5f648a5b0f3e765a0839d5889f6fae7e80c7e036625,120.481926,0.829999995186,1770584767,Will Lady Gaga perform during the Super Bowl LX halftime show?,will-lady-gaga-perform-during-the-super-bowl-lx-halftime-show,who-will-perform-at-super-bowl-halftime-show,Yes,0,0x0747366F84F7262C863607c8d53c900b5CCd7e76-1770546212352,99.999998
0x4f496a61dc3433d2a5edc3fd739bc298043440f2,BUY,0x70705ca527ecbcbdb5ebc5f648a5b0f3e765a0839d5889f6fae7e80c7e036625,140.845069,0.7099999929709999,1770507013,Will Lady Gaga perform during the Super Bowl LX halftime show?,will-lady-gaga-perform-during-the-super-bowl-lx-halftime-show,who-will-perform-at-super-bowl-halftime-show,Yes,0,TheRealRonstradamus,99.99999799999999
0x3fbbb0e81839dac3a85ce70952ae35195f323f66,BUY,0x70705ca527ecbcbdb5ebc5f648a5b0f3e765a0839d5889f6fae7e80c7e036625,121.951218,0.8199999937679999,1770577673,Will Lady Gaga perform during the Super Bowl LX halftime show?,will-lady-gaga-perform-during-the-super-bowl-lx-halftime-show,who-will-perform-at-super-bowl-halftime-show,Yes,0,OoopsBankrupt,99.99999799999999
0x842ac934cfff1467f27c167c42c318001e407422,BUY,0x70705ca527ecbcbdb5ebc5f648a5b0f3e765a0839d5889f6fae7e80c7e036625,117.080113,0.8541160017500153,1770591167,Will Lady Gaga perform during the Super Bowl LX halftime show?,will-lady-gaga-perform-during-the-super-bowl-lx-halftime-show,who-will-perform-at-super-bowl-halftime-show,Yes,0,ChompChomp888,99.99999799999999
0x09ad5862d92d829116ecc6d55c2bf28ab20e819e,BUY,0x70705ca527ecbcbdb5ebc5f648a5b0f3e765a0839d5889f6fae7e80c7e036625,110.930975,0.901461444830896,1770444175,Will Lady Gaga perform during the Super Bowl LX halftime show?,will-lady-gaga-perform-during-the-super-bowl-lx-halftime-show,who-will-perform-at-super-bowl-halftime-show,Yes,0,0x09AD5862d92d829116eCc6d55c2BF28aB20E819e-1766240659613,99.99999700000001
0x4be1fa92e6ceaf886aac0bbec3be6c527133aa70,BUY,0x70705ca527ecbcbdb5ebc5f648a5b0f3e765a0839d5889f6fae7e80c7e036625,115.287353,0.8673978055511431,1770472189,Will Lady Gaga perform during the Super Bowl LX halftime show?,will-lady-gaga-perform-during-the-super-bowl-lx-halftime-show,who-will-perform-at-super-bowl-halftime-show,Yes,0,0x4BE1fA92e6cEAF886aAc0bBEc3BE6C527133AA70-1768165898647,99.999997
0xb51b3beffd13cde071ed799e70a7b0b598e8b4d9,BUY,0x70705ca527ecbcbdb5ebc5f648a5b0f3e765a0839d5889f6fae7e80c7e036625,121.951216,0.819999999016,1770576671,Will Lady Gaga perform during the Super Bowl LX halftime show?,will-lady-gaga-perform-during-the-super-bowl-lx-halftime-show,who-will-perform-at-super-bowl-halftime-show,Yes,0,cambridgeisaac,99.999997
0x1732bb82fde2db1729bcf51e6153c517a373e713,BUY,0x70705ca527ecbcbdb5ebc5f648a5b0f3e765a0839d5889f6fae7e80c7e036625,122.782647,0.8144473135523784,1770495275,Will Lady Gaga perform during the Super Bowl LX halftime show?,will-lady-gaga-perform-during-the-super-bowl-lx-halftime-show,who-will-perform-at-super-bowl-halftime-show,Yes,0,StompingBarrel,99.999997
0x0218080e74dc4233a4c7143075ffeecd1c20f9ba,BUY,0x70705ca527ecbcbdb5ebc5f648a5b0f3e765a0839d5889f6fae7e80c7e036625,120.867105,0.8273549449207044,1770575533,Will Lady Gaga perform during the Super Bowl LX halftime show?,will-lady-gaga-perform-during-the-super-bowl-lx-halftime-show,who-will-perform-at-super-bowl-halftime-show,Yes,0,EGB11,99.999997
0xe08e25295ce4a45b259cb8b20132782e55241d61,BUY,0x70705ca527ecbcbdb5ebc5f648a5b0f3e765a0839d5889f6fae7e80c7e036625,116.608135,0.8575730672649897,1770580153,Will Lady Gaga perform during the Super Bowl LX halftime show?,will-lady-gaga-perform-during-the-super-bowl-lx-halftime-show,who-will-perform-at-super-bowl-halftime-show,Yes,0,GigaBrainConsulting,99.99999600000001
0x09ad5862d92d829116ecc6d55c2bf28ab20e819e,BUY,0x70705ca527ecbcbdb5ebc5f648a5b0f3e765a0839d5889f6fae7e80c7e036625,117.640445,0.8500477535595857,1770595047,Will Lady Gaga perform during the Super Bowl LX halftime show?,will-lady-gaga-perform-during-the-super-bowl-lx-halftime-show,who-will-perform-at-super-bowl-halftime-show,Yes,0,0x09AD5862d92d829116eCc6d55c2BF28aB20E819e-1766240659613,99.999996
0xc932d38f38394feee092031b2a28509f505e7277,BUY,0x70705ca527ecbcbdb5ebc5f648a5b0f3e765a0839d5889f6fae7e80c7e036625,119.747375,0.8350913328997818,1770584995,Will Lady Gaga perform during the Super Bowl LX halftime show?,will-lady-gaga-perform-during-the-super-bowl-lx-halftime-show,who-will-perform-at-super-bowl-halftime-show,Yes,0,Schampagne,99.99999500000001
0xf656604400828155adcc6516b002f6d165c7942b,BUY,0x70705ca527ecbcbdb5ebc5f648a5b0f3e765a0839d5889f6fae7e80c7e036625,110.439555,0.9054726361401945,1770598259,Will Lady Gaga perform during the Super Bowl LX halftime show?,will-lady-gaga-perform-during-the-super-bowl-lx-halftime-show,who-will-perform-at-super-bowl-halftime-show,Yes,0,0xF656604400828155aDcC6516B002f6d165C7942b-1727737347174,99.999995
0x2bcb92412cef7dd3d1d81bcf395b5454071d0d27,BUY,0x70705ca527ecbcbdb5ebc5f648a5b0f3e765a0839d5889f6fae7e80c7e036625,117.647053,0.8499999995749999,1770578105,Will Lady Gaga perform during the Super Bowl LX halftime show?,will-lady-gaga-perform-during-the-super-bowl-lx-halftime-show,who-will-perform-at-super-bowl-halftime-show,Yes,0,0x2BCB92412CeF7Dd3D1D81bCf395b5454071D0D27-1766604042682,99.999995
0x8593cbc30949df205a90cb65099d720a48e9c931,BUY,0x70705ca527ecbcbdb5ebc5f648a5b0f3e765a0839d5889f6fae7e80c7e036625,114.476583,0.8735410367725599,1770600111,Will Lady Gaga perform during the Super Bowl LX halftime show?,will-lady-gaga-perform-during-the-super-bowl-lx-halftime-show,who-will-perform-at-super-bowl-halftime-show,Yes,0,betsilog,99.999993
0x09ad5862d92d829116ecc6d55c2bf28ab20e819e,BUY,0x70705ca527ecbcbdb5ebc5f648a5b0f3e765a0839d5889f6fae7e80c7e036625,106.78936,0.9364228046689296,1770444191,Will Lady Gaga perform during the Super Bowl LX halftime show?,will-lady-gaga-perform-during-the-super-bowl-lx-halftime-show,who-will-perform-at-super-bowl-halftime-show,Yes,0,0x09AD5862d92d829116eCc6d55c2BF28aB20E819e-1766240659613,99.999992
0x9668b678e71feef797a49574aa8dd95a05ad8747,BUY,0x70705ca527ecbcbdb5ebc5f648a5b0f3e765a0839d5889f6fae7e80c7e036625,112.974718,0.88471120591777,1770600205,Will Lady Gaga perform during the Super Bowl LX halftime show?,will-lady-gaga-perform-during-the-super-bowl-lx-halftime-show,who-will-perform-at-super-bowl-halftime-show,Yes,0,jph11,99.94999899999999
0x56471a1042a97a710bc1889814487b6705047cbe,BUY,0x70705ca527ecbcbdb5ebc5f648a5b0f3e765a0839d5889f6fae7e80c7e036625,416.458332,0.23999999836718358,1770416497,Will Lady Gaga perform during the Super Bowl LX halftime show?,will-lady-gaga-perform-during-the-super-bowl-lx-halftime-show,who-will-perform-at-super-bowl-halftime-show,No,1,unibetz,99.94999899999999
0x56471a1042a97a710bc1889814487b6705047cbe,BUY,0x70705ca527ecbcbdb5ebc5f648a5b0f3e765a0839d5889f6fae7e80c7e036625,399.76,0.25,1770417081,Will Lady Gaga perform during the Super Bowl LX halftime show?,will-lady-gaga-perform-during-the-super-bowl-lx-halftime-show,who-will-perform-at-super-bowl-halftime-show,No,1,unibetz,99.94
0xf1925614951d8bb1554f4e6c20dee0152748c6b0,SELL,0x70705ca527ecbcbdb5ebc5f648a5b0f3e765a0839d5889f6fae7e80c7e036625,100.0,0.999,1770602631,Will Lady Gaga perform during the Super Bowl LX halftime show?,will-lady-gaga-perform-during-the-super-bowl-lx-halftime-show,who-will-perform-at-super-bowl-halftime-show,Yes,0,eeeeeem,99.9
0x6a70050e907b6be5457d9681a14e4d2f4a3a18f0,SELL,0x70705ca527ecbcbdb5ebc5f648a5b0f3e765a0839d5889f6fae7e80c7e036625,100.0,0.999,1770602427,Will Lady Gaga perform during the Super Bowl LX halftime show?,will-lady-gaga-perform-during-the-super-bowl-lx-halftime-show,who-will-perform-at-super-bowl-halftime-show,Yes,0,ToastGato,99.9
0x8f4065a3e3cf3336b38f79416e3b1a66f510361a,SELL,0x70705ca527ecbcbdb5ebc5f648a5b0f3e765a0839d5889f6fae7e80c7e036625,100.0,0.999,1770600431,Will Lady Gaga perform during the Super Bowl LX halftime show?,will-lady-gaga-perform-during-the-super-bowl-lx-halftime-show,who-will-perform-at-super-bowl-halftime-show,Yes,0,brauny,99.9
0xb8580501a9faaf7504d9a02f65fbbd363a5e7dc3,SELL,0x70705ca527ecbcbdb5ebc5f648a5b0f3e765a0839d5889f6fae7e80c7e036625,100.0,0.999,1770601809,Will Lady Gaga perform during the Super Bowl LX halftime show?,will-lady-gaga-perform-during-the-super-bowl-lx-halftime-show,who-will-perform-at-super-bowl-halftime-show,Yes,0,nasrali,99.9
0xb1c01acac7c59381850de2400317ccef889e427b,BUY,0x70705ca527ecbcbdb5ebc5f648a5b0f3e765a0839d5889f6fae7e80c7e036625,117.41,0.85,1770583827,Will Lady Gaga perform during the Super Bowl LX halftime show?,will-lady-gaga-perform-during-the-super-bowl-lx-halftime-show,who-will-perform-at-super-bowl-halftime-show,Yes,0,89898988888,99.79849999999999
0xd8a1e56047731ece90d9813b5ea9384d0b9baa21,SELL,0x70705ca527ecbcbdb5ebc5f648a5b0f3e765a0839d5889f6fae7e80c7e036625,117.25,0.85,1770592713,Will Lady Gaga perform during the Super Bowl LX halftime show?,will-lady-gaga-perform-during-the-super-bowl-lx-halftime-show,who-will-perform-at-super-bowl-halftime-show,Yes,0,yamutha,99.6625
0xe89116311d977a0763b776550d50677fe6dab130,BUY,0x70705ca527ecbcbdb5ebc5f648a5b0f3e765a0839d5889f6fae7e80c7e036625,277.676589,0.3576462796436901,1770600247,Will Lady Gaga perform during the Super Bowl LX halftime show?,will-lady-gaga-perform-during-the-super-bowl-lx-halftime-show,who-will-perform-at-super-bowl-halftime-show,No,1,etiekyed1,99.309999
0x22e4248bdb066f65c9f11cd66cdd3719a28eef1c,BUY,0x70705ca527ecbcbdb5ebc5f648a5b0f3e765a0839d5889f6fae7e80c7e036625,117.96,0.84,1770578283,Will Lady Gaga perform during the Super Bowl LX halftime show?,will-lady-gaga-perform-during-the-super-bowl-lx-halftime-show,who-will-perform-at-super-bowl-halftime-show,Yes,0,ProfessionalPunter,99.0864
0x2db1cc9db5389ec6d262783282348a17949ec9ae,BUY,0x70705ca527ecbcbdb5ebc5f648a5b0f3e765a0839d5889f6fae7e80c7e036625,616.542351,0.1605729092890814,1770589353,Will Lady Gaga perform during the Super Bowl LX halftime show?,will-lady-gaga-perform-during-the-super-bowl-lx-halftime-show,who-will-perform-at-super-bowl-halftime-show,No,1,0x2dB1CC9DB5389EC6D262783282348a17949Ec9AE-1730757241345,98.999999
0x5dfbe339725a5de2bd9dfda46265120f149786bc,BUY,0x70705ca527ecbcbdb5ebc5f648a5b0f3e765a0839d5889f6fae7e80c7e036625,550.622221,0.17979659233549167,1770578731,Will Lady Gaga perform during the Super Bowl LX halftime show?,will-lady-gaga-perform-during-the-super-bowl-lx-halftime-show,who-will-perform-at-super-bowl-halftime-show,No,1,santiagoo,98.99999899999999
0x59ae4b24d8f2791d8b1b8a70aec943fbf0a790d3,BUY,0x70705ca527ecbcbdb5ebc5f648a5b0f3e765a0839d5889f6fae7e80c7e036625,107.60862,0.9192571096999478,1770454981,Will Lady Gaga perform during the Super Bowl LX halftime show?,will-lady-gaga-perform-during-the-super-bowl-lx-halftime-show,who-will-perform-at-super-bowl-halftime-show,Yes,0,Aktaios,98.919989
0xff0fbaca4b13484e46aafcbe59301d1fddba7efc,BUY,0x70705ca527ecbcbdb5ebc5f648a5b0f3e765a0839d5889f6fae7e80c7e036625,581.235293,0.16999999860641635,1770585303,Will Lady Gaga perform during the Super Bowl LX halftime show?,will-lady-gaga-perform-during-the-super-bowl-lx-halftime-show,who-will-perform-at-super-bowl-halftime-show,No,1,aleeecolo,98.80999899999999
0xe3f2ae4491b3c8febcaffa26538306986b80d8b1,BUY,0x70705ca527ecbcbdb5ebc5f648a5b0f3e765a0839d5889f6fae7e80c7e036625,123.83075,0.7961673493861581,1770570639,Will Lady Gaga perform during the Super Bowl LX halftime show?,will-lady-gaga-perform-during-the-super-bowl-lx-halftime-show,who-will-perform-at-super-bowl-halftime-show,Yes,0,,98.58999999999999
0x4bb34e0a829ab058976062464fd0341ecffc727b,BUY,0x70705ca527ecbcbdb5ebc5f648a5b0f3e765a0839d5889f6fae7e80c7e036625,901.443075,0.1092137725945701,1770598693,Will Lady Gaga perform during the Super Bowl LX halftime show?,will-lady-gaga-perform-during-the-super-bowl-lx-halftime-show,who-will-perform-at-super-bowl-halftime-show,No,1,0x4BB34e0a829AB058976062464fD0341ECFfC727B-1769384821572,98.449999
0x100f70e9642933cb743a41edfec73c8a9a77e184,BUY,0x70705ca527ecbcbdb5ebc5f648a5b0f3e765a0839d5889f6fae7e80c7e036625,515.789472,0.18999999868163264,1770575719,Will Lady Gaga perform during the Super Bowl LX halftime show?,will-lady-gaga-perform-during-the-super-bowl-lx-halftime-show,who-will-perform-at-super-bowl-halftime-show,No,1,Fernando010203C,97.999999
0xb39909c5bfe271f2165db8b9084412f61634b61f,BUY,0x70705ca527ecbcbdb5ebc5f648a5b0f3e765a0839d5889f6fae7e80c7e036625,603.941175,0.16172104675591956,1770585899,Will Lady Gaga perform during the Super Bowl LX halftime show?,will-lady-gaga-perform-during-the-super-bowl-lx-halftime-show,who-will-perform-at-super-bowl-halftime-show,No,1,Yuli-betzz,97.669999
0xf9a2004db310ad8c180b884f99ff8415ce615e1e,BUY,0x70705ca527ecbcbdb5ebc5f648a5b0f3e765a0839d5889f6fae7e80c7e036625,510.526314,0.18999999870721648,1770590091,Will Lady Gaga perform during the Super Bowl LX halftime show?,will-lady-gaga-perform-during-the-super-bowl-lx-halftime-show,who-will-perform-at-super-bowl-halftime-show,No,1,0xF9a2004DB310ad8c180B884F99Ff8415cE615E1E-1770588382351,96.999999
0x100f70e9642933cb743a41edfec73c8a9a77e184,BUY,0x70705ca527ecbcbdb5ebc5f648a5b0f3e765a0839d5889f6fae7e80c7e036625,461.90476,0.20999999870103092,1770530351,Will Lady Gaga perform during the Super Bowl LX halftime show?,will-lady-gaga-perform-during-the-super-bowl-lx-halftime-show,who-will-perform-at-super-bowl-halftime-show,No,1,Fernando010203C,96.999999
0xb1564cf80e6c89df9ac51218ba9745aaa1cf4a8b,BUY,0x70705ca527ecbcbdb5ebc5f648a5b0f3e765a0839d5889f6fae7e80c7e036625,512.304209,0.18934062476148814,1770590775,Will Lady Gaga perform during the Super Bowl LX halftime show?,will-lady-gaga-perform-during-the-super-bowl-lx-halftime-show,who-will-perform-at-super-bowl-halftime-show,No,1,0xB1564CF80e6c89df9ac51218bA9745AaA1CF4a8B-1770588976604,96.999999
0x28a89b79927fc377d7d6ad6aee0b5fa76d5cd94f,BUY,0x70705ca527ecbcbdb5ebc5f648a5b0f3e765a0839d5889f6fae7e80c7e036625,653.160665,0.14731444215184022,1770592329,Will Lady Gaga perform during the Super Bowl LX halftime show?,will-lady-gaga-perform-during-the-super-bowl-lx-halftime-show,who-will-perform-at-super-bowl-halftime-show,No,1,LordTouchMe,96.21999899999999
0x056f6a317c8b7d78d5b93acc3e6068c3c212e487,BUY,0x70705ca527ecbcbdb5ebc5f648a5b0f3e765a0839d5889f6fae7e80c7e036625,384.0,0.25,1770421383,Will Lady Gaga perform during the Super Bowl LX halftime show?,will-lady-gaga-perform-during-the-super-bowl-lx-halftime-show,who-will-perform-at-super-bowl-halftime-show,No,1,0x056F6A317C8B7D78d5b93aCc3E6068c3c212E487-1768924698620,96.0
0xf87bfd6edd5826aa45299f33e355e1a8f8d9180a,BUY,0x70705ca527ecbcbdb5ebc5f648a5b0f3e765a0839d5889f6fae7e80c7e036625,300.0,0.32,1770566349,Will Lady Gaga perform during the Super Bowl LX halftime show?,will-lady-gaga-perform-during-the-super-bowl-lx-halftime-show,who-will-perform-at-super-bowl-halftime-show,No,1,thesandman,96.0
0xde0463ea7f611b065e8ab06bbfbddad75e6dfa37,BUY,0x70705ca527ecbcbdb5ebc5f648a5b0f3e765a0839d5889f6fae7e80c7e036625,137.0,0.7,1770506933,Will Lady Gaga perform during the Super Bowl LX halftime show?,will-lady-gaga-perform-during-the-super-bowl-lx-halftime-show,who-will-perform-at-super-bowl-halftime-show,Yes,0,mwenya,95.89999999999999
0xde0463ea7f611b065e8ab06bbfbddad75e6dfa37,BUY,0x70705ca527ecbcbdb5ebc5f648a5b0f3e765a0839d5889f6fae7e80c7e036625,134.0,0.71,1770507027,Will Lady Gaga perform during the Super Bowl LX halftime show?,will-lady-gaga-perform-during-the-super-bowl-lx-halftime-show,who-will-perform-at-super-bowl-halftime-show,Yes,0,mwenya,95.14
0x2d9435b1fb923961e4fc3a0212172512b385042c,BUY,0x70705ca527ecbcbdb5ebc5f648a5b0f3e765a0839d5889f6fae7e80c7e036625,528.444443,0.1799999985996636,1770588815,Will Lady Gaga perform during the Super Bowl LX halftime show?,will-lady-gaga-perform-during-the-super-bowl-lx-halftime-show,who-will-perform-at-super-bowl-halftime-show,No,1,OnchainQuant,95.119999
0x4cf2fbad007fc70ea1941ed4900d02319b80b360,BUY,0x70705ca527ecbcbdb5ebc5f648a5b0f3e765a0839d5889f6fae7e80c7e036625,595.186875,0.15961373476187626,1770593865,Will Lady Gaga perform during the Super Bowl LX halftime show?,will-lady-gaga-perform-during-the-super-bowl-lx-halftime-show,who-will-perform-at-super-bowl-halftime-show,No,1,0xe6d76b844e1aa1697bc3ea0fdefeff8946497c4f,95.0
0x733d3dbeafe1b9017082223b41f8d72ac82d1ae7,BUY,0x70705ca527ecbcbdb5ebc5f648a5b0f3e765a0839d5889f6fae7e80c7e036625,107.5,0.88,1770579607,Will Lady Gaga perform during the Super Bowl LX halftime show?,will-lady-gaga-perform-during-the-super-bowl-lx-halftime-show,who-will-perform-at-super-bowl-halftime-show,Yes,0,justgettingby,94.6
0x2cc789aa01ce725e495551dbe43421347f49af3c,BUY,0x70705ca527ecbcbdb5ebc5f648a5b0f3e765a0839d5889f6fae7e80c7e036625,500.0,0.1883136,1770485345,Will Lady Gaga perform during the Super Bowl LX halftime show?,will-lady-gaga-perform-during-the-super-bowl-lx-halftime-show,who-will-perform-at-super-bowl-halftime-show,No,1,whalefocker,94.1568
0x46e1a35c23dbf3ce204db3d7a063c667da3549e7,BUY,0x70705ca527ecbcbdb5ebc5f648a5b0f3e765a0839d5889f6fae7e80c7e036625,627.0,0.15,1770463009,Will Lady Gaga perform during the Super Bowl LX halftime show?,will-lady-gaga-perform-during-the-super-bowl-lx-halftime-show,who-will-perform-at-super-bowl-halftime-show,No,1,,94.05
0x5cc86cefa7a8a9ab757c2f4f3d8641894b151612,BUY,0x70705ca527ecbcbdb5ebc5f648a5b0f3e765a0839d5889f6fae7e80c7e036625,101.0,0.93,1770599153,Will Lady Gaga perform during the Super Bowl LX halftime show?,will-lady-gaga-perform-during-the-super-bowl-lx-halftime-show,who-will-perform-at-super-bowl-halftime-show,Yes,0,GiveMeThat,93.93
0x46d005a418986b82c86ba613c12a803ff3f3aeca,BUY,0x70705ca527ecbcbdb5ebc5f648a5b0f3e765a0839d5889f6fae7e80c7e036625,108.75,0.86,1770573733,Will Lady Gaga perform during the Super Bowl LX halftime show?,will-lady-gaga-perform-during-the-super-bowl-lx-halftime-show,who-will-perform-at-super-bowl-halftime-show,Yes,0,than0s,93.52499999999999
0x2cc789aa01ce725e495551dbe43421347f49af3c,BUY,0x70705ca527ecbcbdb5ebc5f648a5b0f3e765a0839d5889f6fae7e80c7e036625,519.39,0.18,1770485519,Will Lady Gaga perform during the Super Bowl LX halftime show?,will-lady-gaga-perform-during-the-super-bowl-lx-halftime-show,who-will-perform-at-super-bowl-halftime-show,No,1,whalefocker,93.49019999999999
0xde0463ea7f611b065e8ab06bbfbddad75e6dfa37,BUY,0x70705ca527ecbcbdb5ebc5f648a5b0f3e765a0839d5889f6fae7e80c7e036625,127.0,0.73,1770496707,Will Lady Gaga perform during the Super Bowl LX halftime show?,will-lady-gaga-perform-during-the-super-bowl-lx-halftime-show,who-will-perform-at-super-bowl-halftime-show,Yes,0,mwenya,92.71
0x7aac100fe4b8e97d3065c4a3d5920e4b48932ec3,BUY,0x70705ca527ecbcbdb5ebc5f648a5b0f3e765a0839d5889f6fae7e80c7e036625,543.823528,0.16999999860248782,1770586545,Will Lady Gaga perform during the Super Bowl LX halftime show?,will-lady-gaga-perform-during-the-super-bowl-lx-halftime-show,who-will-perform-at-super-bowl-halftime-show,No,1,Uliamd,92.449999
0xde0463ea7f611b065e8ab06bbfbddad75e6dfa37,BUY,0x70705ca527ecbcbdb5ebc5f648a5b0f3e765a0839d5889f6fae7e80c7e036625,431.0,0.21,1770530319,Will Lady Gaga perform during the Super Bowl LX halftime show?,will-lady-gaga-perform-during-the-super-bowl-lx-halftime-show,who-will-perform-at-super-bowl-halftime-show,No,1,mwenya,90.50999999999999
0x1d22b6e972868cf9ec206765dd525be336f49d84,BUY,0x70705ca527ecbcbdb5ebc5f648a5b0f3e765a0839d5889f6fae7e80c7e036625,760.276665,0.11837795784512208,1770598055,Will Lady Gaga perform during the Super Bowl LX halftime show?,will-lady-gaga-perform-during-the-super-bowl-lx-halftime-show,who-will-perform-at-super-bowl-halftime-show,No,1,mp4trading,89.999999
0xa64b54c94c5d0b545165d3a7699eb97d3af2763e,BUY,0x70705ca527ecbcbdb5ebc5f648a5b0f3e765a0839d5889f6fae7e80c7e036625,405.614781,0.22188540264266157,1770557365,Will Lady Gaga perform during the Super Bowl LX halftime show?,will-lady-gaga-perform-during-the-super-bowl-lx-halftime-show,who-will-perform-at-super-bowl-halftime-show,No,1,chedbundy,89.99999899999999
0xee158d6ad4b9989415050d8adc9e19e3c215a267,BUY,0x70705ca527ecbcbdb5ebc5f648a5b0f3e765a0839d5889f6fae7e80c7e036625,358.6,0.25,1770548439,Will Lady Gaga perform during the Super Bowl LX halftime show?,will-lady-gaga-perform-during-the-super-bowl-lx-halftime-show,who-will-perform-at-super-bowl-halftime-show,No,1,RichOffTrump2026,89.65
0xdd5b6674807edf2d0efe615532aaa81b5a2fefbe,BUY,0x70705ca527ecbcbdb5ebc5f648a5b0f3e765a0839d5889f6fae7e80c7e036625,102.264361,0.8660885682354188,1770592125,Will Lady Gaga perform during the Super Bowl LX halftime show?,will-lady-gaga-perform-during-the-super-bowl-lx-halftime-show,who-will-perform-at-super-bowl-halftime-show,Yes,0,FortunateSun,88.569994
0xde0463ea7f611b065e8ab06bbfbddad75e6dfa37,BUY,0x70705ca527ecbcbdb5ebc5f648a5b0f3e765a0839d5889f6fae7e80c7e036625,442.0,0.2,1770493725,Will Lady Gaga perform during the Super Bowl LX halftime show?,will-lady-gaga-perform-during-the-super-bowl-lx-halftime-show,who-will-perform-at-super-bowl-halftime-show,No,1,mwenya,88.4
0x92e53057ef2872722a53fe807245bd387e1defee,BUY,0x70705ca527ecbcbdb5ebc5f648a5b0f3e765a0839d5889f6fae7e80c7e036625,100.0,0.88,1770595715,Will Lady Gaga perform during the Super Bowl LX halftime show?,will-lady-gaga-perform-during-the-super-bowl-lx-halftime-show,who-will-perform-at-super-bowl-halftime-show,Yes,0,GrokEnjoyer,88.0
0xcc3e87226912d35893b678eaa8a39d57b6fe37ef,BUY,0x70705ca527ecbcbdb5ebc5f648a5b0f3e765a0839d5889f6fae7e80c7e036625,1756.0,0.05,1770404845,Will Lady Gaga perform during the Super Bowl LX halftime show?,will-lady-gaga-perform-during-the-super-bowl-lx-halftime-show,who-will-perform-at-super-bowl-halftime-show,No,1,LadyLuck2,87.80000000000001
0xf9f09bb876f2e1d20a3f4f15f6de7f343c51e8a0,BUY,0x70705ca527ecbcbdb5ebc5f648a5b0f3e765a0839d5889f6fae7e80c7e036625,487.909443,0.17948002494389106,1770588977,Will Lady Gaga perform during the Super Bowl LX halftime show?,will-lady-gaga-perform-during-the-super-bowl-lx-halftime-show,who-will-perform-at-super-bowl-halftime-show,No,1,0xf9f09Bb876F2E1d20A3F4F15F6de7F343c51E8A0-1770587251408,87.569999
0xacceb06d3e98abd8bbfa5427cb9797c3215fce8a,BUY,0x70705ca527ecbcbdb5ebc5f648a5b0f3e765a0839d5889f6fae7e80c7e036625,457.894735,0.18999999858045977,1770590133,Will Lady Gaga perform during the Super Bowl LX halftime show?,will-lady-gaga-perform-during-the-super-bowl-lx-halftime-show,who-will-perform-at-super-bowl-halftime-show,No,1,0xACceB06d3e98abd8BbfA5427Cb9797C3215fcE8A-1768863007501,86.999999
0xde0463ea7f611b065e8ab06bbfbddad75e6dfa37,BUY,0x70705ca527ecbcbdb5ebc5f648a5b0f3e765a0839d5889f6fae7e80c7e036625,109.0,0.79,1770508469,Will Lady Gaga perform during the Super Bowl LX halftime show?,will-lady-gaga-perform-during-the-super-bowl-lx-halftime-show,who-will-perform-at-super-bowl-halftime-show,Yes,0,mwenya,86.11
0x7fe2f418987c0377b790fa954477830b4317b65d,BUY,0x70705ca527ecbcbdb5ebc5f648a5b0f3e765a0839d5889f6fae7e80c7e036625,340.0,0.25,1770569383,Will Lady Gaga perform during the Super Bowl LX halftime show?,will-lady-gaga-perform-during-the-super-bowl-lx-halftime-show,who-will-perform-at-super-bowl-halftime-show,No,1,TheeArchetype,85.0
0xa7179a600758ef35b925af9085ab957d87abfaea,BUY,0x70705ca527ecbcbdb5ebc5f648a5b0f3e765a0839d5889f6fae7e80c7e036625,100.0,0.85,1770581863,Will Lady Gaga perform during the Super Bowl LX halftime show?,will-lady-gaga-perform-during-the-super-bowl-lx-halftime-show,who-will-perform-at-super-bowl-halftime-show,Yes,0,kroonike,85.0
0xde0463ea7f611b065e8ab06bbfbddad75e6dfa37,BUY,0x70705ca527ecbcbdb5ebc5f648a5b0f3e765a0839d5889f6fae7e80c7e036625,100.0,0.842546,1770479243,Will Lady Gaga perform during the Super Bowl LX halftime show?,will-lady-gaga-perform-during-the-super-bowl-lx-halftime-show,who-will-perform-at-super-bowl-halftime-show,Yes,0,mwenya,84.2546
0x3d57651401f658649dd3aefece66531fb1ef2b4e,BUY,0x70705ca527ecbcbdb5ebc5f648a5b0f3e765a0839d5889f6fae7e80c7e036625,100.0,0.84,1770583917,Will Lady Gaga perform during the Super Bowl LX halftime show?,will-lady-gaga-perform-during-the-super-bowl-lx-halftime-show,who-will-perform-at-super-bowl-halftime-show,Yes,0,RN4,84.0
0xde0463ea7f611b065e8ab06bbfbddad75e6dfa37,BUY,0x70705ca527ecbcbdb5ebc5f648a5b0f3e765a0839d5889f6fae7e80c7e036625,100.0,0.84,1770490323,Will Lady Gaga perform during the Super Bowl LX halftime show?,will-lady-gaga-perform-during-the-super-bowl-lx-halftime-show,who-will-perform-at-super-bowl-halftime-show,Yes,0,mwenya,84.0
0x5cc86cefa7a8a9ab757c2f4f3d8641894b151612,BUY,0x70705ca527ecbcbdb5ebc5f648a5b0f3e765a0839d5889f6fae7e80c7e036625,89.0,0.94,1770599077,Will Lady Gaga perform during the Super Bowl LX halftime show?,will-lady-gaga-perform-during-the-super-bowl-lx-halftime-show,who-will-perform-at-super-bowl-halftime-show,Yes,0,GiveMeThat,83.66
0xba68b89cb1ba9741cc1efcc8e2aae9fa6ce439d7,SELL,0x70705ca527ecbcbdb5ebc5f648a5b0f3e765a0839d5889f6fae7e80c7e036625,101.93,0.82,1770583725,Will Lady Gaga perform during the Super Bowl LX halftime show?,will-lady-gaga-perform-during-the-super-bowl-lx-halftime-show,who-will-perform-at-super-bowl-halftime-show,Yes,0,,83.5826
0xde0463ea7f611b065e8ab06bbfbddad75e6dfa37,BUY,0x70705ca527ecbcbdb5ebc5f648a5b0f3e765a0839d5889f6fae7e80c7e036625,100.61,0.83,1770489157,Will Lady Gaga perform during the Super Bowl LX halftime show?,will-lady-gaga-perform-during-the-super-bowl-lx-halftime-show,who-will-perform-at-super-bowl-halftime-show,Yes,0,mwenya,83.5063
0xde0463ea7f611b065e8ab06bbfbddad75e6dfa37,BUY,0x70705ca527ecbcbdb5ebc5f648a5b0f3e765a0839d5889f6fae7e80c7e036625,100.0,0.83,1770489293,Will Lady Gaga perform during the Super Bowl LX halftime show?,will-lady-gaga-perform-during-the-super-bowl-lx-halftime-show,who-will-perform-at-super-bowl-halftime-show,Yes,0,mwenya,83.0
0x90bfc858ddb497e6208a92dce15cfe9a480d3348,SELL,0x70705ca527ecbcbdb5ebc5f648a5b0f3e765a0839d5889f6fae7e80c7e036625,99.99,0.83,1770475419,Will Lady Gaga perform during the Super Bowl LX halftime show?,will-lady-gaga-perform-during-the-super-bowl-lx-halftime-show,who-will-perform-at-super-bowl-halftime-show,Yes,0,pmwatcher,82.9917
0xde0463ea7f611b065e8ab06bbfbddad75e6dfa37,BUY,0x70705ca527ecbcbdb5ebc5f648a5b0f3e765a0839d5889f6fae7e80c7e036625,99.57,0.83,1770479159,Will Lady Gaga perform during the Super Bowl LX halftime show?,will-lady-gaga-perform-during-the-super-bowl-lx-halftime-show,who-will-perform-at-super-bowl-halftime-show,Yes,0,mwenya,82.64309999999999
0xde0463ea7f611b065e8ab06bbfbddad75e6dfa37,BUY,0x70705ca527ecbcbdb5ebc5f648a5b0f3e765a0839d5889f6fae7e80c7e036625,100.0,0.823939,1770508501,Will Lady Gaga perform during the Super Bowl LX halftime show?,will-lady-gaga-perform-during-the-super-bowl-lx-halftime-show,who-will-perform-at-super-bowl-halftime-show,Yes,0,mwenya,82.3939
0xcb427451fb2ca94aed32cb0f24fe25bf8da8ebeb,BUY,0x70705ca527ecbcbdb5ebc5f648a5b0f3e765a0839d5889f6fae7e80c7e036625,100.0,0.82,1770576841,Will Lady Gaga perform during the Super Bowl LX halftime show?,will-lady-gaga-perform-during-the-super-bowl-lx-halftime-show,who-will-perform-at-super-bowl-halftime-show,Yes,0,Laes,82.0
0x477f156a229f1a174fdf945c778b7362dd2b19aa,BUY,0x70705ca527ecbcbdb5ebc5f648a5b0f3e765a0839d5889f6fae7e80c7e036625,100.0,0.82,1770573335,Will Lady Gaga perform during the Super Bowl LX halftime show?,will-lady-gaga-perform-during-the-super-bowl-lx-halftime-show,who-will-perform-at-super-bowl-halftime-show,Yes,0,TradeDeficitArchitect,82.0
0x54278849b5020b5b6d7eb0beda3ed4f2ec87bb86,BUY,0x70705ca527ecbcbdb5ebc5f648a5b0f3e765a0839d5889f6fae7e80c7e036625,100.0,0.82,1770577367,Will Lady Gaga perform during the Super Bowl LX halftime show?,will-lady-gaga-perform-during-the-super-bowl-lx-halftime-show,who-will-perform-at-super-bowl-halftime-show,Yes,0,Charly210,82.0
0x2b3fd7189a7f14351f1b6f8d296862a7156a3445,BUY,0x70705ca527ecbcbdb5ebc5f648a5b0f3e765a0839d5889f6fae7e80c7e036625,452.423683,0.18115762299737964,1770579171,Will Lady Gaga perform during the Super Bowl LX halftime show?,will-lady-gaga-perform-during-the-super-bowl-lx-halftime-show,who-will-perform-at-super-bowl-halftime-show,No,1,0x2b3fD7189a7F14351F1b6f8D296862A7156A3445-1760846276301,81.959999
0xd381ae454789df97f384fd22072b7e980adbe10c,BUY,0x70705ca527ecbcbdb5ebc5f648a5b0f3e765a0839d5889f6fae7e80c7e036625,99.95,0.82,1770579159,Will Lady Gaga perform during the Super Bowl LX halftime show?,will-lady-gaga-perform-during-the-super-bowl-lx-halftime-show,who-will-perform-at-super-bowl-halftime-show,Yes,0,puertoricoparty,81.959
0xde0463ea7f611b065e8ab06bbfbddad75e6dfa37,BUY,0x70705ca527ecbcbdb5ebc5f648a5b0f3e765a0839d5889f6fae7e80c7e036625,100.0,0.816156,1770509183,Will Lady Gaga perform during the Super Bowl LX halftime show?,will-lady-gaga-perform-during-the-super-bowl-lx-halftime-show,who-will-perform-at-super-bowl-halftime-show,Yes,0,mwenya,81.6156
0x54278849b5020b5b6d7eb0beda3ed4f2ec87bb86,SELL,0x70705ca527ecbcbdb5ebc5f648a5b0f3e765a0839d5889f6fae7e80c7e036625,100.0,0.81,1770582695,Will Lady Gaga perform during the Super Bowl LX halftime show?,will-lady-gaga-perform-during-the-super-bowl-lx-halftime-show,who-will-perform-at-super-bowl-halftime-show,Yes,0,Charly210,81.0
0xde0463ea7f611b065e8ab06bbfbddad75e6dfa37,BUY,0x70705ca527ecbcbdb5ebc5f648a5b0f3e765a0839d5889f6fae7e80c7e036625,101.0,0.8,1770509529,Will Lady Gaga perform during the Super Bowl LX halftime show?,will-lady-gaga-perform-during-the-super-bowl-lx-halftime-show,who-will-perform-at-super-bowl-halftime-show,Yes,0,mwenya,80.80000000000001
0xde0463ea7f611b065e8ab06bbfbddad75e6dfa37,BUY,0x70705ca527ecbcbdb5ebc5f648a5b0f3e765a0839d5889f6fae7e80c7e036625,101.0,0.8,1770544835,Will Lady Gaga perform during the Super Bowl LX halftime show?,will-lady-gaga-perform-during-the-super-bowl-lx-halftime-show,who-will-perform-at-super-bowl-halftime-show,Yes,0,mwenya,80.80000000000001
0xde0463ea7f611b065e8ab06bbfbddad75e6dfa37,BUY,0x70705ca527ecbcbdb5ebc5f648a5b0f3e765a0839d5889f6fae7e80c7e036625,412.0,0.19514563106796118,1770493511,Will Lady Gaga perform during the Super Bowl LX halftime show?,will-lady-gaga-perform-during-the-super-bowl-lx-halftime-show,who-will-perform-at-super-bowl-halftime-show,No,1,mwenya,80.4
0xde0463ea7f611b065e8ab06bbfbddad75e6dfa37,BUY,0x70705ca527ecbcbdb5ebc5f648a5b0f3e765a0839d5889f6fae7e80c7e036625,401.0,0.2,1770493231,Will Lady Gaga perform during the Super Bowl LX halftime show?,will-lady-gaga-perform-during-the-super-bowl-lx-halftime-show,who-will-perform-at-super-bowl-halftime-show,No,1,mwenya,80.2
0x79d45aa6cd67d1bc578c296ffd326cab2bb0aba0,BUY,0x70705ca527ecbcbdb5ebc5f648a5b0f3e765a0839d5889f6fae7e80c7e036625,88.9,0.9,1770596375,Will Lady Gaga perform during the Super Bowl LX halftime show?,will-lady-gaga-perform-during-the-super-bowl-lx-halftime-show,who-will-perform-at-super-bowl-halftime-show,Yes,0,LiftedHilux,80.01
0xde0463ea7f611b065e8ab06bbfbddad75e6dfa37,BUY,0x70705ca527ecbcbdb5ebc5f648a5b0f3e765a0839d5889f6fae7e80c7e036625,100.0,0.8,1770529387,Will Lady Gaga perform during the Super Bowl LX halftime show?,will-lady-gaga-perform-during-the-super-bowl-lx-halftime-show,who-will-perform-at-super-bowl-halftime-show,Yes,0,mwenya,80.0
0xde0463ea7f611b065e8ab06bbfbddad75e6dfa37,BUY,0x70705ca527ecbcbdb5ebc5f648a5b0f3e765a0839d5889f6fae7e80c7e036625,100.0,0.8,1770529387,Will Lady Gaga perform during the Super Bowl LX halftime show?,will-lady-gaga-perform-during-the-super-bowl-lx-halftime-show,who-will-perform-at-super-bowl-halftime-show,Yes,0,mwenya,80.0
0xd34bf815245d5bcea098cb0ea17df360b5c50004,BUY,0x70705ca527ecbcbdb5ebc5f648a5b0f3e765a0839d5889f6fae7e80c7e036625,500.0,0.16,1770468733,Will Lady Gaga perform during the Super Bowl LX halftime show?,will-lady-gaga-perform-during-the-super-bowl-lx-halftime-show,who-will-perform-at-super-bowl-halftime-show,No,1,Jest55,80.0
0x95227cbcce5e54f9ae413eef3a524008b797904f,BUY,0x70705ca527ecbcbdb5ebc5f648a5b0f3e765a0839d5889f6fae7e80c7e036625,403.892,0.19807275212185435,1770492485,Will Lady Gaga perform during the Super Bowl LX halftime show?,will-lady-gaga-perform-during-the-super-bowl-lx-halftime-show,who-will-perform-at-super-bowl-halftime-show,No,1,CallmeG,80.0
0xde0463ea7f611b065e8ab06bbfbddad75e6dfa37,BUY,0x70705ca527ecbcbdb5ebc5f648a5b0f3e765a0839d5889f6fae7e80c7e036625,100.0,0.8,1770509013,Will Lady Gaga perform during the Super Bowl LX halftime show?,will-lady-gaga-perform-during-the-super-bowl-lx-halftime-show,who-will-perform-at-super-bowl-halftime-show,Yes,0,mwenya,80.0
0x71d1da8c5f26b71849c45771506c062f69ffc157,BUY,0x70705ca527ecbcbdb5ebc5f648a5b0f3e765a0839d5889f6fae7e80c7e036625,301.248887,0.2655611437993462,1770503947,Will Lady Gaga perform during the Super Bowl LX halftime show?,will-lady-gaga-perform-during-the-super-bowl-lx-halftime-show,who-will-perform-at-super-bowl-halftime-show,No,1,0x71d1da8c5f26b71849C45771506c062f69FfC157-1770498311126,79.999999
0xde0463ea7f611b065e8ab06bbfbddad75e6dfa37,BUY,0x70705ca527ecbcbdb5ebc5f648a5b0f3e765a0839d5889f6fae7e80c7e036625,100.0,0.799,1770509183,Will Lady Gaga perform during the Super Bowl LX halftime show?,will-lady-gaga-perform-during-the-super-bowl-lx-halftime-show,who-will-perform-at-super-bowl-halftime-show,Yes,0,mwenya,79.9
0xde0463ea7f611b065e8ab06bbfbddad75e6dfa37,BUY,0x70705ca527ecbcbdb5ebc5f648a5b0f3e765a0839d5889f6fae7e80c7e036625,100.0,0.798032,1770509169,Will Lady Gaga perform during the Super Bowl LX halftime show?,will-lady-gaga-perform-during-the-super-bowl-lx-halftime-show,who-will-perform-at-super-bowl-halftime-show,Yes,0,mwenya,79.80319999999999
0xde0463ea7f611b065e8ab06bbfbddad75e6dfa37,BUY,0x70705ca527ecbcbdb5ebc5f648a5b0f3e765a0839d5889f6fae7e80c7e036625,100.0,0.797612,1770573339,Will Lady Gaga perform during the Super Bowl LX halftime show?,will-lady-gaga-perform-during-the-super-bowl-lx-halftime-show,who-will-perform-at-super-bowl-halftime-show,Yes,0,mwenya,79.7612
0x094eee4d5249f84658b02f147c2610268785d40e,BUY,0x70705ca527ecbcbdb5ebc5f648a5b0f3e765a0839d5889f6fae7e80c7e036625,94.88,0.84,1770572993,Will Lady Gaga perform during the Super Bowl LX halftime show?,will-lady-gaga-perform-during-the-super-bowl-lx-halftime-show,who-will-perform-at-super-bowl-halftime-show,Yes,0,RichRyan,79.69919999999999
0x8f73711ac46f9e9c7d97196889603a52bc42bb9e,BUY,0x70705ca527ecbcbdb5ebc5f648a5b0f3e765a0839d5889f6fae7e80c7e036625,318.727306,0.24786078102765377,1770599769,Will Lady Gaga perform during the Super Bowl LX halftime show?,will-lady-gaga-perform-during-the-super-bowl-lx-halftime-show,who-will-perform-at-super-bowl-halftime-show,No,1,Cussy,78.999999
0x46d005a418986b82c86ba613c12a803ff3f3aeca,BUY,0x70705ca527ecbcbdb5ebc5f648a5b0f3e765a0839d5889f6fae7e80c7e036625,95.0,0.83,1770573561,Will Lady Gaga perform during the Super Bowl LX halftime show?,will-lady-gaga-perform-during-the-super-bowl-lx-halftime-show,who-will-perform-at-super-bowl-halftime-show,Yes,0,than0s,78.85
0xde0463ea7f611b065e8ab06bbfbddad75e6dfa37,BUY,0x70705ca527ecbcbdb5ebc5f648a5b0f3e765a0839d5889f6fae7e80c7e036625,95.0,0.8293557894736842,1770490323,Will Lady Gaga perform during the Super Bowl LX halftime show?,will-lady-gaga-perform-during-the-super-bowl-lx-halftime-show,who-will-perform-at-super-bowl-halftime-show,Yes,0,mwenya,78.7888
0xde0463ea7f611b065e8ab06bbfbddad75e6dfa37,BUY,0x70705ca527ecbcbdb5ebc5f648a5b0f3e765a0839d5889f6fae7e80c7e036625,100.0,0.786239,1770508409,Will Lady Gaga perform during the Super Bowl LX halftime show?,will-lady-gaga-perform-during-the-super-bowl-lx-halftime-show,who-will-perform-at-super-bowl-halftime-show,Yes,0,mwenya,78.6239
0xff1768108a73e93f661ac38f0d43ec1bbac35745,BUY,0x70705ca527ecbcbdb5ebc5f648a5b0f3e765a0839d5889f6fae7e80c7e036625,90.14,0.87,1770595627,Will Lady Gaga perform during the Super Bowl LX halftime show?,will-lady-gaga-perform-during-the-super-bowl-lx-halftime-show,who-will-perform-at-super-bowl-halftime-show,Yes,0,coleybetsmer,78.4218
0x0db6bb077734e9ed330588733709ab9e2736e1ba,SELL,0x70705ca527ecbcbdb5ebc5f648a5b0f3e765a0839d5889f6fae7e80c7e036625,110.19,0.71,1770506671,Will Lady Gaga perform during the Super Bowl LX halftime show?,will-lady-gaga-perform-during-the-super-bowl-lx-halftime-show,who-will-perform-at-super-bowl-halftime-show,Yes,0,mamdalnlsan,78.2349
0x79d45aa6cd67d1bc578c296ffd326cab2bb0aba0,SELL,0x70705ca527ecbcbdb5ebc5f648a5b0f3e765a0839d5889f6fae7e80c7e036625,88.9,0.88,1770596471,Will Lady Gaga perform during the Super Bowl LX halftime show?,will-lady-gaga-perform-during-the-super-bowl-lx-halftime-show,who-will-perform-at-super-bowl-halftime-show,Yes,0,LiftedHilux,78.232
0xde0463ea7f611b065e8ab06bbfbddad75e6dfa37,BUY,0x70705ca527ecbcbdb5ebc5f648a5b0f3e765a0839d5889f6fae7e80c7e036625,99.4,0.7868440643863179,1770507689,Will Lady Gaga perform during the Super Bowl LX halftime show?,will-lady-gaga-perform-during-the-super-bowl-lx-halftime-show,who-will-perform-at-super-bowl-halftime-show,Yes,0,mwenya,78.21230000000001
0xde0463ea7f611b065e8ab06bbfbddad75e6dfa37,BUY,0x70705ca527ecbcbdb5ebc5f648a5b0f3e765a0839d5889f6fae7e80c7e036625,100.0,0.78,1770496101,Will Lady Gaga perform during the Super Bowl LX halftime show?,will-lady-gaga-perform-during-the-super-bowl-lx-halftime-show,who-will-perform-at-super-bowl-halftime-show,Yes,0,mwenya,78.0
0xde0463ea7f611b065e8ab06bbfbddad75e6dfa37,BUY,0x70705ca527ecbcbdb5ebc5f648a5b0f3e765a0839d5889f6fae7e80c7e036625,99.88,0.78,1770512717,Will Lady Gaga perform during the Super Bowl LX halftime show?,will-lady-gaga-perform-during-the-super-bowl-lx-halftime-show,who-will-perform-at-super-bowl-halftime-show,Yes,0,mwenya,77.9064
0x79d45aa6cd67d1bc578c296ffd326cab2bb0aba0,SELL,0x70705ca527ecbcbdb5ebc5f648a5b0f3e765a0839d5889f6fae7e80c7e036625,90.0,0.86,1770595391,Will Lady Gaga perform during the Super Bowl LX halftime show?,will-lady-gaga-perform-during-the-super-bowl-lx-halftime-show,who-will-perform-at-super-bowl-halftime-show,Yes,0,LiftedHilux,77.4
0xde0463ea7f611b065e8ab06bbfbddad75e6dfa37,BUY,0x70705ca527ecbcbdb5ebc5f648a5b0f3e765a0839d5889f6fae7e80c7e036625,100.0,0.77,1770504017,Will Lady Gaga perform during the Super Bowl LX halftime show?,will-lady-gaga-perform-during-the-super-bowl-lx-halftime-show,who-will-perform-at-super-bowl-halftime-show,Yes,0,mwenya,77.0
0x81b4f84cec24f46e79b57e411e5474ff899288d9,BUY,0x70705ca527ecbcbdb5ebc5f648a5b0f3e765a0839d5889f6fae7e80c7e036625,697.126665,0.11045338367597803,1770598265,Will Lady Gaga perform during the Super Bowl LX halftime show?,will-lady-gaga-perform-during-the-super-bowl-lx-halftime-show,who-will-perform-at-super-bowl-halftime-show,No,1,0x81b4F84Cec24F46E79B57E411E5474Ff899288d9-1767712928785,76.999999
0xde0463ea7f611b065e8ab06bbfbddad75e6dfa37,BUY,0x70705ca527ecbcbdb5ebc5f648a5b0f3e765a0839d5889f6fae7e80c7e036625,99.65,0.7717661816357251,1770508409,Will Lady Gaga perform during the Super Bowl LX halftime show?,will-lady-gaga-perform-during-the-super-bowl-lx-halftime-show,who-will-perform-at-super-bowl-halftime-show,Yes,0,mwenya,76.90650000000001
0xde0463ea7f611b065e8ab06bbfbddad75e6dfa37,BUY,0x70705ca527ecbcbdb5ebc5f648a5b0f3e765a0839d5889f6fae7e80c7e036625,99.25,0.7746539042821159,1770494401,Will Lady Gaga perform during the Super Bowl LX halftime show?,will-lady-gaga-perform-during-the-super-bowl-lx-halftime-show,who-will-perform-at-super-bowl-halftime-show,Yes,0,mwenya,76.8844
0x0218080e74dc4233a4c7143075ffeecd1c20f9ba,BUY,0x70705ca527ecbcbdb5ebc5f648a5b0f3e765a0839d5889f6fae7e80c7e036625,91.3,0.8406900328587076,1770575181,Will Lady Gaga perform during the Super Bowl LX halftime show?,will-lady-gaga-perform-during-the-super-bowl-lx-halftime-show,who-will-perform-at-super-bowl-halftime-show,Yes,0,EGB11,76.755
0xde0463ea7f611b065e8ab06bbfbddad75e6dfa37,BUY,0x70705ca527ecbcbdb5ebc5f648a5b0f3e765a0839d5889f6fae7e80c7e036625,99.75,0.7662907268170426,1770518023,Will Lady Gaga perform during the Super Bowl LX halftime show?,will-lady-gaga-perform-during-the-super-bowl-lx-halftime-show,who-will-perform-at-super-bowl-halftime-show,Yes,0,mwenya,76.4375
0xde0463ea7f611b065e8ab06bbfbddad75e6dfa37,BUY,0x70705ca527ecbcbdb5ebc5f648a5b0f3e765a0839d5889f6fae7e80c7e036625,99.61,0.7669882541913462,1770497757,Will Lady Gaga perform during the Super Bowl LX halftime show?,will-lady-gaga-perform-during-the-super-bowl-lx-halftime-show,who-will-perform-at-super-bowl-halftime-show,Yes,0,mwenya,76.3997
0xde0463ea7f611b065e8ab06bbfbddad75e6dfa37,BUY,0x70705ca527ecbcbdb5ebc5f648a5b0f3e765a0839d5889f6fae7e80c7e036625,100.0,0.760946,1770504943,Will Lady Gaga perform during the Super Bowl LX halftime show?,will-lady-gaga-perform-during-the-super-bowl-lx-halftime-show,who-will-perform-at-super-bowl-halftime-show,Yes,0,mwenya,76.0946
0xde0463ea7f611b065e8ab06bbfbddad75e6dfa37,BUY,0x70705ca527ecbcbdb5ebc5f648a5b0f3e765a0839d5889f6fae7e80c7e036625,100.0,0.760053,1770497855,Will Lady Gaga perform during the Super Bowl LX halftime show?,will-lady-gaga-perform-during-the-super-bowl-lx-halftime-show,who-will-perform-at-super-bowl-halftime-show,Yes,0,mwenya,76.00529999999999
0xde0463ea7f611b065e8ab06bbfbddad75e6dfa37,BUY,0x70705ca527ecbcbdb5ebc5f648a5b0f3e765a0839d5889f6fae7e80c7e036625,100.0,0.76,1770552357,Will Lady Gaga perform during the Super Bowl LX halftime show?,will-lady-gaga-perform-during-the-super-bowl-lx-halftime-show,who-will-perform-at-super-bowl-halftime-show,Yes,0,mwenya,76.0
0xde0463ea7f611b065e8ab06bbfbddad75e6dfa37,BUY,0x70705ca527ecbcbdb5ebc5f648a5b0f3e765a0839d5889f6fae7e80c7e036625,100.0,0.76,1770498797,Will Lady Gaga perform during the Super Bowl LX halftime show?,will-lady-gaga-perform-during-the-super-bowl-lx-halftime-show,who-will-perform-at-super-bowl-halftime-show,Yes,0,mwenya,76.0
0xde0463ea7f611b065e8ab06bbfbddad75e6dfa37,BUY,0x70705ca527ecbcbdb5ebc5f648a5b0f3e765a0839d5889f6fae7e80c7e036625,99.58,0.7621480216911026,1770504719,Will Lady Gaga perform during the Super Bowl LX halftime show?,will-lady-gaga-perform-during-the-super-bowl-lx-halftime-show,who-will-perform-at-super-bowl-halftime-show,Yes,0,mwenya,75.8947
0x01e1e29473b8c88b833e1ae68c82aae80d287b0a,SELL,0x70705ca527ecbcbdb5ebc5f648a5b0f3e765a0839d5889f6fae7e80c7e036625,540.93,0.13994768269461852,1770590179,Will Lady Gaga perform during the Super Bowl LX halftime show?,will-lady-gaga-perform-during-the-super-bowl-lx-halftime-show,who-will-perform-at-super-bowl-halftime-show,No,1,FractureJF,75.7019
0x7e31a5e9c31638483614e9fd9f945bb34692454d,BUY,0x70705ca527ecbcbdb5ebc5f648a5b0f3e765a0839d5889f6fae7e80c7e036625,300.0,0.25,1770525941,Will Lady Gaga perform during the Super Bowl LX halftime show?,will-lady-gaga-perform-during-the-super-bowl-lx-halftime-show,who-will-perform-at-super-bowl-halftime-show,No,1,Odysseus7,75.0
0xde0463ea7f611b065e8ab06bbfbddad75e6dfa37,BUY,0x70705ca527ecbcbdb5ebc5f648a5b0f3e765a0839d5889f6fae7e80c7e036625,100.0,0.75,1770504871,Will Lady Gaga perform during the Super Bowl LX halftime show?,will-lady-gaga-perform-during-the-super-bowl-lx-halftime-show,who-will-perform-at-super-bowl-halftime-show,Yes,0,mwenya,75.0
0x4dcd0d1396928473e26a0070b4313aa0841abaeb,BUY,0x70705ca527ecbcbdb5ebc5f648a5b0f3e765a0839d5889f6fae7e80c7e036625,86.551723,0.8665338643807241,1770592065,Will Lady Gaga perform during the Super Bowl LX halftime show?,will-lady-gaga-perform-during-the-super-bowl-lx-halftime-show,who-will-perform-at-super-bowl-halftime-show,Yes,0,loyalmomobot,74.999999
0x816ebf04ff12a1e7278b607863892ae32eb8b6fa,BUY,0x70705ca527ecbcbdb5ebc5f648a5b0f3e765a0839d5889f6fae7e80c7e036625,394.736841,0.18999999799866665,1770578429,Will Lady Gaga perform during the Super Bowl LX halftime show?,will-lady-gaga-perform-during-the-super-bowl-lx-halftime-show,who-will-perform-at-super-bowl-halftime-show,No,1,trl0802,74.999999
0x8d341345a41d237a8fd198fbdfa3ea9b4b458467,SELL,0x70705ca527ecbcbdb5ebc5f648a5b0f3e765a0839d5889f6fae7e80c7e036625,833.33,0.09,1770598727,Will Lady Gaga perform during the Super Bowl LX halftime show?,will-lady-gaga-perform-during-the-super-bowl-lx-halftime-show,who-will-perform-at-super-bowl-halftime-show,No,1,0x8D341345a41D237A8Fd198fbDfa3eA9b4B458467-1770597269841,74.9997
0xb1c01acac7c59381850de2400317ccef889e427b,BUY,0x70705ca527ecbcbdb5ebc5f648a5b0f3e765a0839d5889f6fae7e80c7e036625,86.2,0.8650812064965198,1770583439,Will Lady Gaga perform during the Super Bowl LX halftime show?,will-lady-gaga-perform-during-the-super-bowl-lx-halftime-show,who-will-perform-at-super-bowl-halftime-show,Yes,0,89898988888,74.57000000000001
0xde0463ea7f611b065e8ab06bbfbddad75e6dfa37,BUY,0x70705ca527ecbcbdb5ebc5f648a5b0f3e765a0839d5889f6fae7e80c7e036625,100.0,0.74,1770507211,Will Lady Gaga perform during the Super Bowl LX halftime show?,will-lady-gaga-perform-during-the-super-bowl-lx-halftime-show,who-will-perform-at-super-bowl-halftime-show,Yes,0,mwenya,74.0
0xde0463ea7f611b065e8ab06bbfbddad75e6dfa37,BUY,0x70705ca527ecbcbdb5ebc5f648a5b0f3e765a0839d5889f6fae7e80c7e036625,100.0,0.74,1770517315,Will Lady Gaga perform during the Super Bowl LX halftime show?,will-lady-gaga-perform-during-the-super-bowl-lx-halftime-show,who-will-perform-at-super-bowl-halftime-show,Yes,0,mwenya,74.0
0xde0463ea7f611b065e8ab06bbfbddad75e6dfa37,BUY,0x70705ca527ecbcbdb5ebc5f648a5b0f3e765a0839d5889f6fae7e80c7e036625,100.0,0.74,1770507163,Will Lady Gaga perform during the Super Bowl LX halftime show?,will-lady-gaga-perform-during-the-super-bowl-lx-halftime-show,who-will-perform-at-super-bowl-halftime-show,Yes,0,mwenya,74.0
0xf331ab1636ea64f0497b70917db515f9266eca0b,BUY,0x70705ca527ecbcbdb5ebc5f648a5b0f3e765a0839d5889f6fae7e80c7e036625,442.941175,0.16613944052503135,1770585789,Will Lady Gaga perform during the Super Bowl LX halftime show?,will-lady-gaga-perform-during-the-super-bowl-lx-halftime-show,who-will-perform-at-super-bowl-halftime-show,No,1,,73.589999
0xde0463ea7f611b065e8ab06bbfbddad75e6dfa37,BUY,0x70705ca527ecbcbdb5ebc5f648a5b0f3e765a0839d5889f6fae7e80c7e036625,99.51,0.7372746457642448,1770506583,Will Lady Gaga perform during the Super Bowl LX halftime show?,will-lady-gaga-perform-during-the-super-bowl-lx-halftime-show,who-will-perform-at-super-bowl-halftime-show,Yes,0,mwenya,73.3662
0xde0463ea7f611b065e8ab06bbfbddad75e6dfa37,BUY,0x70705ca527ecbcbdb5ebc5f648a5b0f3e765a0839d5889f6fae7e80c7e036625,99.0,0.74,1770517257,Will Lady Gaga perform during the Super Bowl LX halftime show?,will-lady-gaga-perform-during-the-super-bowl-lx-halftime-show,who-will-perform-at-super-bowl-halftime-show,Yes,0,mwenya,73.26
0xde0463ea7f611b065e8ab06bbfbddad75e6dfa37,BUY,0x70705ca527ecbcbdb5ebc5f648a5b0f3e765a0839d5889f6fae7e80c7e036625,100.0,0.7325,1770507187,Will Lady Gaga perform during the Super Bowl LX halftime show?,will-lady-gaga-perform-during-the-super-bowl-lx-halftime-show,who-will-perform-at-super-bowl-halftime-show,Yes,0,mwenya,73.25
0xba68b89cb1ba9741cc1efcc8e2aae9fa6ce439d7,SELL,0x70705ca527ecbcbdb5ebc5f648a5b0f3e765a0839d5889f6fae7e80c7e036625,85.95,0.85,1770583433,Will Lady Gaga perform during the Super Bowl LX halftime show?,will-lady-gaga-perform-during-the-super-bowl-lx-halftime-show,who-will-perform-at-super-bowl-halftime-show,Yes,0,,73.0575
0xde0463ea7f611b065e8ab06bbfbddad75e6dfa37,BUY,0x70705ca527ecbcbdb5ebc5f648a5b0f3e765a0839d5889f6fae7e80c7e036625,100.0,0.73,1770566141,Will Lady Gaga perform during the Super Bowl LX halftime show?,will-lady-gaga-perform-during-the-super-bowl-lx-halftime-show,who-will-perform-at-super-bowl-halftime-show,Yes,0,mwenya,73.0
0x16bc947196043156844ee2268b4651e67d8dc822,BUY,0x70705ca527ecbcbdb5ebc5f648a5b0f3e765a0839d5889f6fae7e80c7e036625,347.35,0.21,1770573337,Will Lady Gaga perform during the Super Bowl LX halftime show?,will-lady-gaga-perform-during-the-super-bowl-lx-halftime-show,who-will-perform-at-super-bowl-halftime-show,No,1,0x16bC947196043156844EE2268B4651E67d8dC822-1731579624017,72.9435
0x18871a9905d3774e5376b88d157ea0a0f395ebc9,BUY,0x70705ca527ecbcbdb5ebc5f648a5b0f3e765a0839d5889f6fae7e80c7e036625,251.103447,0.28999999749107386,1770407497,Will Lady Gaga perform during the Super Bowl LX halftime show?,will-lady-gaga-perform-during-the-super-bowl-lx-halftime-show,who-will-perform-at-super-bowl-halftime-show,No,1,0x18871A9905D3774E5376b88d157ea0a0F395Ebc9-1721731447409,72.819999
0xde0463ea7f611b065e8ab06bbfbddad75e6dfa37,BUY,0x70705ca527ecbcbdb5ebc5f648a5b0f3e765a0839d5889f6fae7e80c7e036625,99.11,0.7334164060135203,1770507113,Will Lady Gaga perform during the Super Bowl LX halftime show?,will-lady-gaga-perform-during-the-super-bowl-lx-halftime-show,who-will-perform-at-super-bowl-halftime-show,Yes,0,mwenya,72.6889
0xde0463ea7f611b065e8ab06bbfbddad75e6dfa37,BUY,0x70705ca527ecbcbdb5ebc5f648a5b0f3e765a0839d5889f6fae7e80c7e036625,100.0,0.725716,1770503703,Will Lady Gaga perform during the Super Bowl LX halftime show?,will-lady-gaga-perform-during-the-super-bowl-lx-halftime-show,who-will-perform-at-super-bowl-halftime-show,Yes,0,mwenya,72.5716
0xcac5c81efb60f471f53eb37af34fd010aaa7590e,SELL,0x70705ca527ecbcbdb5ebc5f648a5b0f3e765a0839d5889f6fae7e80c7e036625,83.32,0.87,1770585905,Will Lady Gaga perform during the Super Bowl LX halftime show?,will-lady-gaga-perform-during-the-super-bowl-lx-halftime-show,who-will-perform-at-super-bowl-halftime-show,Yes,0,S4AI,72.4884
0x2b4550b35e6827942995c26736b9e09a4b47d5f4,BUY,0x70705ca527ecbcbdb5ebc5f648a5b0f3e765a0839d5889f6fae7e80c7e036625,556.457856,0.13014462500462928,1770593181,Will Lady Gaga perform during the Super Bowl LX halftime show?,will-lady-gaga-perform-during-the-super-bowl-lx-halftime-show,who-will-perform-at-super-bowl-halftime-show,No,1,0x2B4550b35E6827942995c26736b9e09a4B47d5f4-1761328720984,72.419999
0xde0463ea7f611b065e8ab06bbfbddad75e6dfa37,BUY,0x70705ca527ecbcbdb5ebc5f648a5b0f3e765a0839d5889f6fae7e80c7e036625,99.45,0.7269834087481146,1770506707,Will Lady Gaga perform during the Super Bowl LX halftime show?,will-lady-gaga-perform-during-the-super-bowl-lx-halftime-show,who-will-perform-at-super-bowl-halftime-show,Yes,0,mwenya,72.2985
0x40d9ac81a425f14d2c490c41ac8969c0cbcfd472,BUY,0x70705ca527ecbcbdb5ebc5f648a5b0f3e765a0839d5889f6fae7e80c7e036625,84.0,0.86,1770428625,Will Lady Gaga perform during the Super Bowl LX halftime show?,will-lady-gaga-perform-during-the-super-bowl-lx-halftime-show,who-will-perform-at-super-bowl-halftime-show,Yes,0,,72.24
0xde0463ea7f611b065e8ab06bbfbddad75e6dfa37,BUY,0x70705ca527ecbcbdb5ebc5f648a5b0f3e765a0839d5889f6fae7e80c7e036625,100.0,0.72,1770565693,Will Lady Gaga perform during the Super Bowl LX halftime show?,will-lady-gaga-perform-during-the-super-bowl-lx-halftime-show,who-will-perform-at-super-bowl-halftime-show,Yes,0,mwenya,72.0
0xd34bf815245d5bcea098cb0ea17df360b5c50004,BUY,0x70705ca527ecbcbdb5ebc5f648a5b0f3e765a0839d5889f6fae7e80c7e036625,476.0,0.15,1770583323,Will Lady Gaga perform during the Super Bowl LX halftime show?,will-lady-gaga-perform-during-the-super-bowl-lx-halftime-show,who-will-perform-at-super-bowl-halftime-show,No,1,Jest55,71.39999999999999
0xde0463ea7f611b065e8ab06bbfbddad75e6dfa37,BUY,0x70705ca527ecbcbdb5ebc5f648a5b0f3e765a0839d5889f6fae7e80c7e036625,100.0,0.711039,1770506651,Will Lady Gaga perform during the Super Bowl LX halftime show?,will-lady-gaga-perform-during-the-super-bowl-lx-halftime-show,who-will-perform-at-super-bowl-halftime-show,Yes,0,mwenya,71.1039
0x5cc86cefa7a8a9ab757c2f4f3d8641894b151612,BUY,0x70705ca527ecbcbdb5ebc5f648a5b0f3e765a0839d5889f6fae7e80c7e036625,74.87,0.94,1770599099,Will Lady Gaga perform during the Super Bowl LX halftime show?,will-lady-gaga-perform-during-the-super-bowl-lx-halftime-show,who-will-perform-at-super-bowl-halftime-show,Yes,0,GiveMeThat,70.3778
0x3e404c6a250584b14f3c0595d411fb734987224e,SELL,0x70705ca527ecbcbdb5ebc5f648a5b0f3e765a0839d5889f6fae7e80c7e036625,98.83,0.71,1770565223,Will Lady Gaga perform during the Super Bowl LX halftime show?,will-lady-gaga-perform-during-the-super-bowl-lx-halftime-show,who-will-perform-at-super-bowl-halftime-show,Yes,0,Liquidpapercut,70.16929999999999
0x6ad6ee6cb904a6cea67c19a9b2dcbdb4b789f99c,BUY,0x70705ca527ecbcbdb5ebc5f648a5b0f3e765a0839d5889f6fae7e80c7e036625,88.25,0.7932011331444759,1770531683,Will Lady Gaga perform during the Super Bowl LX halftime show?,will-lady-gaga-perform-during-the-super-bowl-lx-halftime-show,who-will-perform-at-super-bowl-halftime-show,Yes,0,Idekbro,70.0
0x8d4ca917d7d56b2bee637b847ae33d50426d34a1,BUY,0x70705ca527ecbcbdb5ebc5f648a5b0f3e765a0839d5889f6fae7e80c7e036625,83.333331,0.83999999952,1770587991,Will Lady Gaga perform during the Super Bowl LX halftime show?,will-lady-gaga-perform-during-the-super-bowl-lx-halftime-show,who-will-perform-at-super-bowl-halftime-show,Yes,0,TheNoticer101,69.999998
0x77d12dd9bfa9f8dd805cc0a1c8a7907092a678e6,BUY,0x70705ca527ecbcbdb5ebc5f648a5b0f3e765a0839d5889f6fae7e80c7e036625,80.0,0.86,1770591957,Will Lady Gaga perform during the Super Bowl LX halftime show?,will-lady-gaga-perform-during-the-super-bowl-lx-halftime-show,who-will-perform-at-super-bowl-halftime-show,Yes,0,WizardOfAll,68.8
0xde0463ea7f611b065e8ab06bbfbddad75e6dfa37,BUY,0x70705ca527ecbcbdb5ebc5f648a5b0f3e765a0839d5889f6fae7e80c7e036625,400.0,0.17190225,1770579899,Will Lady Gaga perform during the Super Bowl LX halftime show?,will-lady-gaga-perform-during-the-super-bowl-lx-halftime-show,who-will-perform-at-super-bowl-halftime-show,No,1,mwenya,68.7609
0x69ea0d77ef34f1acb03aaed901df7620fc4215cd,SELL,0x70705ca527ecbcbdb5ebc5f648a5b0f3e765a0839d5889f6fae7e80c7e036625,684.5,0.1,1770598641,Will Lady Gaga perform during the Super Bowl LX halftime show?,will-lady-gaga-perform-during-the-super-bowl-lx-halftime-show,who-will-perform-at-super-bowl-halftime-show,No,1,TylerTurden,68.45
0x92e53057ef2872722a53fe807245bd387e1defee,BUY,0x70705ca527ecbcbdb5ebc5f648a5b0f3e765a0839d5889f6fae7e80c7e036625,76.88,0.89,1770595835,Will Lady Gaga perform during the Super Bowl LX halftime show?,will-lady-gaga-perform-during-the-super-bowl-lx-halftime-show,who-will-perform-at-super-bowl-halftime-show,Yes,0,GrokEnjoyer,68.4232
0x2f0dcd135bf8e9b20c49f2b64ba5eecb85c80d85,SELL,0x70705ca527ecbcbdb5ebc5f648a5b0f3e765a0839d5889f6fae7e80c7e036625,507.98,0.13326705775817946,1770600087,Will Lady Gaga perform during the Super Bowl LX halftime show?,will-lady-gaga-perform-during-the-super-bowl-lx-halftime-show,who-will-perform-at-super-bowl-halftime-show,No,1,etern9l,67.697
0x22e4248bdb066f65c9f11cd66cdd3719a28eef1c,BUY,0x70705ca527ecbcbdb5ebc5f648a5b0f3e765a0839d5889f6fae7e80c7e036625,78.29,0.85,1770580113,Will Lady Gaga perform during the Super Bowl LX halftime show?,will-lady-gaga-perform-during-the-super-bowl-lx-halftime-show,who-will-perform-at-super-bowl-halftime-show,Yes,0,ProfessionalPunter,66.54650000000001
0x5fa2f3a06ed468a6971c1373136c0aa2f7d35a89,BUY,0x70705ca527ecbcbdb5ebc5f648a5b0f3e765a0839d5889f6fae7e80c7e036625,364.666665,0.17999999808043876,1770584323,Will Lady Gaga perform during the Super Bowl LX halftime show?,will-lady-gaga-perform-during-the-super-bowl-lx-halftime-show,who-will-perform-at-super-bowl-halftime-show,No,1,alsek,65.639999
0x46d005a418986b82c86ba613c12a803ff3f3aeca,BUY,0x70705ca527ecbcbdb5ebc5f648a5b0f3e765a0839d5889f6fae7e80c7e036625,78.0,0.83,1770573535,Will Lady Gaga perform during the Super Bowl LX halftime show?,will-lady-gaga-perform-during-the-super-bowl-lx-halftime-show,who-will-perform-at-super-bowl-halftime-show,Yes,0,than0s,64.74
0xf1925614951d8bb1554f4e6c20dee0152748c6b0,BUY,0x70705ca527ecbcbdb5ebc5f648a5b0f3e765a0839d5889f6fae7e80c7e036625,70.0,0.92,1770597637,Will Lady Gaga perform during the Super Bowl LX halftime show?,will-lady-gaga-perform-during-the-super-bowl-lx-halftime-show,who-will-perform-at-super-bowl-halftime-show,Yes,0,eeeeeem,64.4
0x754968abde40b31f341e755eecaeaf853cdc34be,BUY,0x70705ca527ecbcbdb5ebc5f648a5b0f3e765a0839d5889f6fae7e80c7e036625,338.421051,0.18911352828344002,1770582167,Will Lady Gaga perform during the Super Bowl LX halftime show?,will-lady-gaga-perform-during-the-super-bowl-lx-halftime-show,who-will-perform-at-super-bowl-halftime-show,No,1,0x754968Abde40b31f341E755EeCaeAF853cdc34be-1770086522082,63.999998999999995
0xff9dbc7eb16fb4b3cc2e06a811d01e64544da4a6,BUY,0x70705ca527ecbcbdb5ebc5f648a5b0f3e765a0839d5889f6fae7e80c7e036625,355.555554,0.179999997975,1770488417,Will Lady Gaga perform during the Super Bowl LX halftime show?,will-lady-gaga-perform-during-the-super-bowl-lx-halftime-show,who-will-perform-at-super-bowl-halftime-show,No,1,0xjuliannn,63.999998999999995
0x2f6405e90f1a8b7ee9ba2951041c979fdd119138,SELL,0x70705ca527ecbcbdb5ebc5f648a5b0f3e765a0839d5889f6fae7e80c7e036625,106.07,0.6,1770567077,Will Lady Gaga perform during the Super Bowl LX halftime show?,will-lady-gaga-perform-during-the-super-bowl-lx-halftime-show,who-will-perform-at-super-bowl-halftime-show,Yes,0,0x2F6405e90f1A8B7EE9ba2951041c979Fdd119138-1761826529649,63.641999999999996
0x5488d7c161ca1601180a81a2b350adb832b02119,SELL,0x70705ca527ecbcbdb5ebc5f648a5b0f3e765a0839d5889f6fae7e80c7e036625,263.15,0.2400490214706441,1770599809,Will Lady Gaga perform during the Super Bowl LX halftime show?,will-lady-gaga-perform-during-the-super-bowl-lx-halftime-show,who-will-perform-at-super-bowl-halftime-show,No,1,0x5488D7c161ca1601180a81A2B350ADb832B02119-1770280144524,63.168899999999994
0x7fe2f418987c0377b790fa954477830b4317b65d,BUY,0x70705ca527ecbcbdb5ebc5f648a5b0f3e765a0839d5889f6fae7e80c7e036625,252.0,0.25,1770568771,Will Lady Gaga perform during the Super Bowl LX halftime show?,will-lady-gaga-perform-during-the-super-bowl-lx-halftime-show,who-will-perform-at-super-bowl-halftime-show,No,1,TheeArchetype,63.0
0xe3be11b3785de4b6d2071c0d4976a50ce5456bd7,BUY,0x70705ca527ecbcbdb5ebc5f648a5b0f3e765a0839d5889f6fae7e80c7e036625,269.883477,0.2297287692050892,1770443843,Will Lady Gaga perform during the Super Bowl LX halftime show?,will-lady-gaga-perform-during-the-super-bowl-lx-halftime-show,who-will-perform-at-super-bowl-halftime-show,No,1,michael8711,61.999999
0xde0463ea7f611b065e8ab06bbfbddad75e6dfa37,BUY,0x70705ca527ecbcbdb5ebc5f648a5b0f3e765a0839d5889f6fae7e80c7e036625,88.0,0.7,1770506997,Will Lady Gaga perform during the Super Bowl LX halftime show?,will-lady-gaga-perform-during-the-super-bowl-lx-halftime-show,who-will-perform-at-super-bowl-halftime-show,Yes,0,mwenya,61.599999999999994
0x17aab2e6f87926a385121854d22fa32f8dc612ee,SELL,0x70705ca527ecbcbdb5ebc5f648a5b0f3e765a0839d5889f6fae7e80c7e036625,414.66,0.14826508464766314,1770599971,Will Lady Gaga perform during the Super Bowl LX halftime show?,will-lady-gaga-perform-during-the-super-bowl-lx-halftime-show,who-will-perform-at-super-bowl-halftime-show,No,1,deviontop,61.4796
0x800b0d7d42224cc2795c0f4e89b683915b4a152a,BUY,0x70705ca527ecbcbdb5ebc5f648a5b0f3e765a0839d5889f6fae7e80c7e036625,77.12,0.79,1770512557,Will Lady Gaga perform during the Super Bowl LX halftime show?,will-lady-gaga-perform-during-the-super-bowl-lx-halftime-show,who-will-perform-at-super-bowl-halftime-show,Yes,0,Poutinesteam,60.924800000000005
0x7c21c02d2c5eebeb1f58c36f09415537aed8d6bf,BUY,0x70705ca527ecbcbdb5ebc5f648a5b0f3e765a0839d5889f6fae7e80c7e036625,73.0,0.83,1770486057,Will Lady Gaga perform during the Super Bowl LX halftime show?,will-lady-gaga-perform-during-the-super-bowl-lx-halftime-show,who-will-perform-at-super-bowl-halftime-show,Yes,0,DC6666,60.589999999999996
0x9ad030880c304c2e9356c1fc19d6c4bafbeda9d8,BUY,0x70705ca527ecbcbdb5ebc5f648a5b0f3e765a0839d5889f6fae7e80c7e036625,250.0,0.24,1770572083,Will Lady Gaga perform during the Super Bowl LX halftime show?,will-lady-gaga-perform-during-the-super-bowl-lx-halftime-show,who-will-perform-at-super-bowl-halftime-show,No,1,outrun1600,60.0
0x0d88644421bc26eab9ad8d70f33f144547cd005f,BUY,0x70705ca527ecbcbdb5ebc5f648a5b0f3e765a0839d5889f6fae7e80c7e036625,428.571427,0.13999999818,1770599405,Will Lady Gaga perform during the Super Bowl LX halftime show?,will-lady-gaga-perform-during-the-super-bowl-lx-halftime-show,who-will-perform-at-super-bowl-halftime-show,No,1,,59.99999900000001
0x85b751ee03b0f576e4c81523ac1a8d041c93b725,BUY,0x70705ca527ecbcbdb5ebc5f648a5b0f3e765a0839d5889f6fae7e80c7e036625,352.941175,0.169999997875,1770586783,Will Lady Gaga perform during the Super Bowl LX halftime show?,will-lady-gaga-perform-during-the-super-bowl-lx-halftime-show,who-will-perform-at-super-bowl-halftime-show,No,1,Dampf,59.999999
0xcf29722af564119a50ae0d5b6afc2e08010577d1,BUY,0x70705ca527ecbcbdb5ebc5f648a5b0f3e765a0839d5889f6fae7e80c7e036625,352.941175,0.169999997875,1770469323,Will Lady Gaga perform during the Super Bowl LX halftime show?,will-lady-gaga-perform-during-the-super-bowl-lx-halftime-show,who-will-perform-at-super-bowl-halftime-show,No,1,gambler.eth,59.999999
0xbfa216d423dd4617e4b628ba9f45a5a625a72d07,BUY,0x70705ca527ecbcbdb5ebc5f648a5b0f3e765a0839d5889f6fae7e80c7e036625,66.7189,0.8992953870642352,1770599407,Will Lady Gaga perform during the Super Bowl LX halftime show?,will-lady-gaga-perform-during-the-super-bowl-lx-halftime-show,who-will-perform-at-super-bowl-halftime-show,Yes,0,0xbFa216D423DD4617E4B628bA9f45A5a625a72D07-1768566591036,59.999999
0x4252416a62b04f9533b70fa142d673f6e7184a6e,BUY,0x70705ca527ecbcbdb5ebc5f648a5b0f3e765a0839d5889f6fae7e80c7e036625,316.42842,0.1896163404033051,1770591685,Will Lady Gaga perform during the Super Bowl LX halftime show?,will-lady-gaga-perform-during-the-super-bowl-lx-halftime-show,who-will-perform-at-super-bowl-halftime-show,No,1,Safetyscissors22,59.999999
0x8905d11a9ab80134d67ba08eeff764443c522c03,BUY,0x70705ca527ecbcbdb5ebc5f648a5b0f3e765a0839d5889f6fae7e80c7e036625,224.504443,0.26725528545553107,1770497561,Will Lady Gaga perform during the Super Bowl LX halftime show?,will-lady-gaga-perform-during-the-super-bowl-lx-halftime-show,who-will-perform-at-super-bowl-halftime-show,No,1,desly,59.999999
0x3e404c6a250584b14f3c0595d411fb734987224e,BUY,0x70705ca527ecbcbdb5ebc5f648a5b0f3e765a0839d5889f6fae7e80c7e036625,74.144633,0.809229158906215,1770545731,Will Lady Gaga perform during the Super Bowl LX halftime show?,will-lady-gaga-perform-during-the-super-bowl-lx-halftime-show,who-will-perform-at-super-bowl-halftime-show,Yes,0,Liquidpapercut,59.999998999999995
0xc2c4757783a72d95cbf1ff2ead3de39793fce35d,BUY,0x70705ca527ecbcbdb5ebc5f648a5b0f3e765a0839d5889f6fae7e80c7e036625,315.789472,0.18999999784666666,1770578915,Will Lady Gaga perform during the Super Bowl LX halftime show?,will-lady-gaga-perform-during-the-super-bowl-lx-halftime-show,who-will-perform-at-super-bowl-halftime-show,No,1,paplasc,59.999998999999995
0x5e0236a4dcca7089eb95d2cd7c7a9a2b6b6e590d,BUY,0x70705ca527ecbcbdb5ebc5f648a5b0f3e765a0839d5889f6fae7e80c7e036625,272.727271,0.21999999772666665,1770571577,Will Lady Gaga perform during the Super Bowl LX halftime show?,will-lady-gaga-perform-during-the-super-bowl-lx-halftime-show,who-will-perform-at-super-bowl-halftime-show,No,1,0x5E0236A4dcCA7089eB95d2Cd7C7A9a2b6B6E590D-1769887740647,59.999998999999995
0x78967a4863b5fde36f20b98c10bd6d4305b06653,BUY,0x70705ca527ecbcbdb5ebc5f648a5b0f3e765a0839d5889f6fae7e80c7e036625,315.789472,0.18999999784666666,1770590137,Will Lady Gaga perform during the Super Bowl LX halftime show?,will-lady-gaga-perform-during-the-super-bowl-lx-halftime-show,who-will-perform-at-super-bowl-halftime-show,No,1,Elontrader,59.999998999999995
0x2bcb92412cef7dd3d1d81bcf395b5454071d0d27,BUY,0x70705ca527ecbcbdb5ebc5f648a5b0f3e765a0839d5889f6fae7e80c7e036625,70.588233,0.8499999992916667,1770579375,Will Lady Gaga perform during the Super Bowl LX halftime show?,will-lady-gaga-perform-during-the-super-bowl-lx-halftime-show,who-will-perform-at-super-bowl-halftime-show,Yes,0,0x2BCB92412CeF7Dd3D1D81bCf395b5454071D0D27-1766604042682,59.999998000000005
0x800b0d7d42224cc2795c0f4e89b683915b4a152a,BUY,0x70705ca527ecbcbdb5ebc5f648a5b0f3e765a0839d5889f6fae7e80c7e036625,79.0,0.75,1770568403,Will Lady Gaga perform during the Super Bowl LX halftime show?,will-lady-gaga-perform-during-the-super-bowl-lx-halftime-show,who-will-perform-at-super-bowl-halftime-show,Yes,0,Poutinesteam,59.25
0x800b0d7d42224cc2795c0f4e89b683915b4a152a,BUY,0x70705ca527ecbcbdb5ebc5f648a5b0f3e765a0839d5889f6fae7e80c7e036625,66.45,0.89,1770412503,Will Lady Gaga perform during the Super Bowl LX halftime show?,will-lady-gaga-perform-during-the-super-bowl-lx-halftime-show,who-will-perform-at-super-bowl-halftime-show,Yes,0,Poutinesteam,59.1405
0x95227cbcce5e54f9ae413eef3a524008b797904f,BUY,0x70705ca527ecbcbdb5ebc5f648a5b0f3e765a0839d5889f6fae7e80c7e036625,294.9,0.2,1770493125,Will Lady Gaga perform during the Super Bowl LX halftime show?,will-lady-gaga-perform-during-the-super-bowl-lx-halftime-show,who-will-perform-at-super-bowl-halftime-show,No,1,CallmeG,58.98
0x984726e1eb605862f7b46c220f8ca44fed383b4d,BUY,0x70705ca527ecbcbdb5ebc5f648a5b0f3e765a0839d5889f6fae7e80c7e036625,442.923075,0.1299999983067037,1770597171,Will Lady Gaga perform during the Super Bowl LX halftime show?,will-lady-gaga-perform-during-the-super-bowl-lx-halftime-show,who-will-perform-at-super-bowl-halftime-show,No,1,olliiiii111,57.579998999999994
0xde0463ea7f611b065e8ab06bbfbddad75e6dfa37,BUY,0x70705ca527ecbcbdb5ebc5f648a5b0f3e765a0839d5889f6fae7e80c7e036625,81.0,0.71,1770506771,Will Lady Gaga perform during the Super Bowl LX halftime show?,will-lady-gaga-perform-during-the-super-bowl-lx-halftime-show,who-will-perform-at-super-bowl-halftime-show,Yes,0,mwenya,57.51
0x03c59f6e19d034901f9852bf05ede2fd307bc1c1,BUY,0x70705ca527ecbcbdb5ebc5f648a5b0f3e765a0839d5889f6fae7e80c7e036625,320.635788,0.17802129748535744,1770478963,Will Lady Gaga perform during the Super Bowl LX halftime show?,will-lady-gaga-perform-during-the-super-bowl-lx-halftime-show,who-will-perform-at-super-bowl-halftime-show,No,1,matinantiapuestawinneraura67,57.079999
0x1e3a86ef98030e7e0519e127d8178e9b45389e14,SELL,0x70705ca527ecbcbdb5ebc5f648a5b0f3e765a0839d5889f6fae7e80c7e036625,66.66,0.85,1770594185,Will Lady Gaga perform during the Super Bowl LX halftime show?,will-lady-gaga-perform-during-the-super-bowl-lx-halftime-show,who-will-perform-at-super-bowl-halftime-show,Yes,0,Gl4d,56.660999999999994
0xe7f7e2d3d4d0e164239f3cc30a7928f4209de73b,BUY,0x70705ca527ecbcbdb5ebc5f648a5b0f3e765a0839d5889f6fae7e80c7e036625,330.76,0.17,1770511905,Will Lady Gaga perform during the Super Bowl LX halftime show?,will-lady-gaga-perform-during-the-super-bowl-lx-halftime-show,who-will-perform-at-super-bowl-halftime-show,No,1,elchinitofrank,56.229200000000006
0xde0463ea7f611b065e8ab06bbfbddad75e6dfa37,BUY,0x70705ca527ecbcbdb5ebc5f648a5b0f3e765a0839d5889f6fae7e80c7e036625,75.0,0.7496266666666667,1770517589,Will Lady Gaga perform during the Super Bowl LX halftime show?,will-lady-gaga-perform-during-the-super-bowl-lx-halftime-show,who-will-perform-at-super-bowl-halftime-show,Yes,0,mwenya,56.222
0xdcdb9ba82b77c7ec0820e0843647fb9d02102ca5,BUY,0x70705ca527ecbcbdb5ebc5f648a5b0f3e765a0839d5889f6fae7e80c7e036625,185.598,0.29962607355682713,1770517619,Will Lady Gaga perform during the Super Bowl LX halftime show?,will-lady-gaga-perform-during-the-super-bowl-lx-halftime-show,who-will-perform-at-super-bowl-halftime-show,No,1,0xdCDb9Ba82B77c7eC0820e0843647Fb9D02102cA5-1770410287719,55.61000000000001
0x620d1a79363c1ce2fea7f8dc028f47962889a2f2,BUY,0x70705ca527ecbcbdb5ebc5f648a5b0f3e765a0839d5889f6fae7e80c7e036625,220.72,0.25,1770503111,Will Lady Gaga perform during the Super Bowl LX halftime show?,will-lady-gaga-perform-during-the-super-bowl-lx-halftime-show,who-will-perform-at-super-bowl-halftime-show,No,1,0x620D1a79363c1CE2feA7F8dC028F47962889A2f2-1770181763261,55.18
0x800b0d7d42224cc2795c0f4e89b683915b4a152a,BUY,0x70705ca527ecbcbdb5ebc5f648a5b0f3e765a0839d5889f6fae7e80c7e036625,64.0,0.86,1770425089,Will Lady Gaga perform during the Super Bowl LX halftime show?,will-lady-gaga-perform-during-the-super-bowl-lx-halftime-show,who-will-perform-at-super-bowl-halftime-show,Yes,0,Poutinesteam,55.04
0x56471a1042a97a710bc1889814487b6705047cbe,BUY,0x70705ca527ecbcbdb5ebc5f648a5b0f3e765a0839d5889f6fae7e80c7e036625,222.0,0.24774774774774774,1770418669,Will Lady Gaga perform during the Super Bowl LX halftime show?,will-lady-gaga-perform-during-the-super-bowl-lx-halftime-show,who-will-perform-at-super-bowl-halftime-show,No,1,unibetz,55.0
0x7a43c16a8c1dc7ac9c95824bcd8b826adc143aeb,SELL,0x70705ca527ecbcbdb5ebc5f648a5b0f3e765a0839d5889f6fae7e80c7e036625,54.93,0.999,1770603587,Will Lady Gaga perform during the Super Bowl LX halftime show?,will-lady-gaga-perform-during-the-super-bowl-lx-halftime-show,who-will-perform-at-super-bowl-halftime-show,Yes,0,Espina,54.87507
0xcc8e2356509dbdd15b614ebd6bed51f27eabbf8e,BUY,0x70705ca527ecbcbdb5ebc5f648a5b0f3e765a0839d5889f6fae7e80c7e036625,285.58,0.19118495692975698,1770447047,Will Lady Gaga perform during the Super Bowl LX halftime show?,will-lady-gaga-perform-during-the-super-bowl-lx-halftime-show,who-will-perform-at-super-bowl-halftime-show,No,1,,54.5986
0xde0463ea7f611b065e8ab06bbfbddad75e6dfa37,BUY,0x70705ca527ecbcbdb5ebc5f648a5b0f3e765a0839d5889f6fae7e80c7e036625,73.0,0.74,1770517303,Will Lady Gaga perform during the Super Bowl LX halftime show?,will-lady-gaga-perform-during-the-super-bowl-lx-halftime-show,who-will-perform-at-super-bowl-halftime-show,Yes,0,mwenya,54.019999999999996
0xba68b89cb1ba9741cc1efcc8e2aae9fa6ce439d7,SELL,0x70705ca527ecbcbdb5ebc5f648a5b0f3e765a0839d5889f6fae7e80c7e036625,53.62,0.999,1770603267,Will Lady Gaga perform during the Super Bowl LX halftime show?,will-lady-gaga-perform-during-the-super-bowl-lx-halftime-show,who-will-perform-at-super-bowl-halftime-show,Yes,0,,53.566379999999995
0x7701921859377976a38effeb9fec82ffcf7924e6,BUY,0x70705ca527ecbcbdb5ebc5f648a5b0f3e765a0839d5889f6fae7e80c7e036625,61.563217,0.8699999871676621,1770589315,Will Lady Gaga perform during the Super Bowl LX halftime show?,will-lady-gaga-perform-during-the-super-bowl-lx-halftime-show,who-will-perform-at-super-bowl-halftime-show,Yes,0,Werandos,53.559998
0x0807177a66d41bb6a0a16e6caed906bbfb96443a,BUY,0x70705ca527ecbcbdb5ebc5f648a5b0f3e765a0839d5889f6fae7e80c7e036625,231.0,0.23,1770572383,Will Lady Gaga perform during the Super Bowl LX halftime show?,will-lady-gaga-perform-during-the-super-bowl-lx-halftime-show,who-will-perform-at-super-bowl-halftime-show,No,1,0x0807177A66D41Bb6a0a16e6cAED906bbFb96443A-1770522207160,53.13
0x5460bb93290ba4b5f931b6f5e51b2261e0371556,BUY,0x70705ca527ecbcbdb5ebc5f648a5b0f3e765a0839d5889f6fae7e80c7e036625,236.304346,0.22428702602024933,1770515209,Will Lady Gaga perform during the Super Bowl LX halftime show?,will-lady-gaga-perform-during-the-super-bowl-lx-halftime-show,who-will-perform-at-super-bowl-halftime-show,No,1,0x5460bB93290ba4b5f931B6F5e51b2261E0371556-1770501613583,52.999999
0xe31ac0326b7b96aefa75af4da023e9079d49e3f4,BUY,0x70705ca527ecbcbdb5ebc5f648a5b0f3e765a0839d5889f6fae7e80c7e036625,479.895832,0.11029476705269656,1770597859,Will Lady Gaga perform during the Super Bowl LX halftime show?,will-lady-gaga-perform-during-the-super-bowl-lx-halftime-show,who-will-perform-at-super-bowl-halftime-show,No,1,0xE31AC0326B7b96AEfA75AF4DA023e9079d49e3F4-1769747422544,52.929999
0x20081f9a16068587ac9e978f1c24739a51007c40,BUY,0x70705ca527ecbcbdb5ebc5f648a5b0f3e765a0839d5889f6fae7e80c7e036625,264.25,0.2,1770554211,Will Lady Gaga perform during the Super Bowl LX halftime show?,will-lady-gaga-perform-during-the-super-bowl-lx-halftime-show,who-will-perform-at-super-bowl-halftime-show,No,1,ItsOver,52.85
0x800b0d7d42224cc2795c0f4e89b683915b4a152a,BUY,0x70705ca527ecbcbdb5ebc5f648a5b0f3e765a0839d5889f6fae7e80c7e036625,60.0,0.87,1770425099,Will Lady Gaga perform during the Super Bowl LX halftime show?,will-lady-gaga-perform-during-the-super-bowl-lx-halftime-show,who-will-perform-at-super-bowl-halftime-show,Yes,0,Poutinesteam,52.2
0x6ac35acec685c0c912f21f7e88b24f8c974d2a80,BUY,0x70705ca527ecbcbdb5ebc5f648a5b0f3e765a0839d5889f6fae7e80c7e036625,472.727271,0.10999999828653846,1770597855,Will Lady Gaga perform during the Super Bowl LX halftime show?,will-lady-gaga-perform-during-the-super-bowl-lx-halftime-show,who-will-perform-at-super-bowl-halftime-show,No,1,0x6AC35ACEc685C0c912F21f7E88B24F8c974d2a80-1765042081251,51.999999
0x90e500dace0dbf27f0dea83c35325275ba5e90cb,BUY,0x70705ca527ecbcbdb5ebc5f648a5b0f3e765a0839d5889f6fae7e80c7e036625,262.962856,0.19774655550592285,1770593973,Will Lady Gaga perform during the Super Bowl LX halftime show?,will-lady-gaga-perform-during-the-super-bowl-lx-halftime-show,who-will-perform-at-super-bowl-halftime-show,No,1,0x90E500DAce0dbf27F0dea83c35325275Ba5e90cB-1769985753719,51.999998999999995
0x2e69fe40fc27ee0ef07bd46849f1692d3d2f200e,SELL,0x70705ca527ecbcbdb5ebc5f648a5b0f3e765a0839d5889f6fae7e80c7e036625,63.39,0.82,1770583725,Will Lady Gaga perform during the Super Bowl LX halftime show?,will-lady-gaga-perform-during-the-super-bowl-lx-halftime-show,who-will-perform-at-super-bowl-halftime-show,Yes,0,,51.9798
0x69ea0d77ef34f1acb03aaed901df7620fc4215cd,BUY,0x70705ca527ecbcbdb5ebc5f648a5b0f3e765a0839d5889f6fae7e80c7e036625,371.25,0.14,1770473705,Will Lady Gaga perform during the Super Bowl LX halftime show?,will-lady-gaga-perform-during-the-super-bowl-lx-halftime-show,who-will-perform-at-super-bowl-halftime-show,No,1,TylerTurden,51.975
0x02ab4be202f33565bbb11da864c547f78e30cda4,SELL,0x70705ca527ecbcbdb5ebc5f648a5b0f3e765a0839d5889f6fae7e80c7e036625,60.0,0.86,1770593071,Will Lady Gaga perform during the Super Bowl LX halftime show?,will-lady-gaga-perform-during-the-super-bowl-lx-halftime-show,who-will-perform-at-super-bowl-halftime-show,Yes,0,cryptochoofa,51.6
0xd34bf815245d5bcea098cb0ea17df360b5c50004,BUY,0x70705ca527ecbcbdb5ebc5f648a5b0f3e765a0839d5889f6fae7e80c7e036625,322.0,0.16,1770468871,Will Lady Gaga perform during the Super Bowl LX halftime show?,will-lady-gaga-perform-during-the-super-bowl-lx-halftime-show,who-will-perform-at-super-bowl-halftime-show,No,1,Jest55,51.52
0xde0463ea7f611b065e8ab06bbfbddad75e6dfa37,BUY,0x70705ca527ecbcbdb5ebc5f648a5b0f3e765a0839d5889f6fae7e80c7e036625,66.0,0.78,1770496103,Will Lady Gaga perform during the Super Bowl LX halftime show?,will-lady-gaga-perform-during-the-super-bowl-lx-halftime-show,who-will-perform-at-super-bowl-halftime-show,Yes,0,mwenya,51.480000000000004
0xb1c01acac7c59381850de2400317ccef889e427b,BUY,0x70705ca527ecbcbdb5ebc5f648a5b0f3e765a0839d5889f6fae7e80c7e036625,61.84,0.83,1770553851,Will Lady Gaga perform during the Super Bowl LX halftime show?,will-lady-gaga-perform-during-the-super-bowl-lx-halftime-show,who-will-perform-at-super-bowl-halftime-show,Yes,0,89898988888,51.3272
0x051b59049fbda656f161bdda9939607b4a5a09d4,SELL,0x70705ca527ecbcbdb5ebc5f648a5b0f3e765a0839d5889f6fae7e80c7e036625,60.36,0.85,1770583433,Will Lady Gaga perform during the Super Bowl LX halftime show?,will-lady-gaga-perform-during-the-super-bowl-lx-halftime-show,who-will-perform-at-super-bowl-halftime-show,Yes,0,,51.306
0x7fe2f418987c0377b790fa954477830b4317b65d,BUY,0x70705ca527ecbcbdb5ebc5f648a5b0f3e765a0839d5889f6fae7e80c7e036625,190.0,0.27,1770568279,Will Lady Gaga perform during the Super Bowl LX halftime show?,will-lady-gaga-perform-during-the-super-bowl-lx-halftime-show,who-will-perform-at-super-bowl-halftime-show,No,1,TheeArchetype,51.300000000000004
0x9a3fa403a6666eef75f92f181fcf13f9c051914a,SELL,0x70705ca527ecbcbdb5ebc5f648a5b0f3e765a0839d5889f6fae7e80c7e036625,51.21,0.999,1770600367,Will Lady Gaga perform during the Super Bowl LX halftime show?,will-lady-gaga-perform-during-the-super-bowl-lx-halftime-show,who-will-perform-at-super-bowl-halftime-show,Yes,0,Rex416,51.15879
0xb6a12b6138bd62daa16771e1b0f713c02176b713,BUY,0x70705ca527ecbcbdb5ebc5f648a5b0f3e765a0839d5889f6fae7e80c7e036625,268.947367,0.18999999728571426,1770577685,Will Lady Gaga perform during the Super Bowl LX halftime show?,will-lady-gaga-perform-during-the-super-bowl-lx-halftime-show,who-will-perform-at-super-bowl-halftime-show,No,1,Jsand,51.099999
0xa33c0dd324b8a6243bfbb08a7b050a56ea751b33,SELL,0x70705ca527ecbcbdb5ebc5f648a5b0f3e765a0839d5889f6fae7e80c7e036625,50.94,0.999,1770600595,Will Lady Gaga perform during the Super Bowl LX halftime show?,will-lady-gaga-perform-during-the-super-bowl-lx-halftime-show,who-will-perform-at-super-bowl-halftime-show,Yes,0,Adolius,50.88906
0x7cbca6904291affd3c6bfa157d5edbc900dc5196,SELL,0x70705ca527ecbcbdb5ebc5f648a5b0f3e765a0839d5889f6fae7e80c7e036625,51.28,0.99,1770600291,Will Lady Gaga perform during the Super Bowl LX halftime show?,will-lady-gaga-perform-during-the-super-bowl-lx-halftime-show,who-will-perform-at-super-bowl-halftime-show,Yes,0,banan,50.7672
0x95227cbcce5e54f9ae413eef3a524008b797904f,BUY,0x70705ca527ecbcbdb5ebc5f648a5b0f3e765a0839d5889f6fae7e80c7e036625,252.95,0.2,1770492751,Will Lady Gaga perform during the Super Bowl LX halftime show?,will-lady-gaga-perform-during-the-super-bowl-lx-halftime-show,who-will-perform-at-super-bowl-halftime-show,No,1,CallmeG,50.59
0x0807177a66d41bb6a0a16e6caed906bbfb96443a,BUY,0x70705ca527ecbcbdb5ebc5f648a5b0f3e765a0839d5889f6fae7e80c7e036625,271.7,0.1861612072138388,1770572945,Will Lady Gaga perform during the Super Bowl LX halftime show?,will-lady-gaga-perform-during-the-super-bowl-lx-halftime-show,who-will-perform-at-super-bowl-halftime-show,No,1,0x0807177A66D41Bb6a0a16e6cAED906bbFb96443A-1770522207160,50.58
0x99e7d462c9d45b9509e6a4bd074339d75b6cc22d,SELL,0x70705ca527ecbcbdb5ebc5f648a5b0f3e765a0839d5889f6fae7e80c7e036625,195.2,0.25653790983606556,1770567937,Will Lady Gaga perform during the Super Bowl LX halftime show?,will-lady-gaga-perform-during-the-super-bowl-lx-halftime-show,who-will-perform-at-super-bowl-halftime-show,No,1,whack.it,50.07619999999999
0xdd5b6674807edf2d0efe615532aaa81b5a2fefbe,BUY,0x70705ca527ecbcbdb5ebc5f648a5b0f3e765a0839d5889f6fae7e80c7e036625,312.5,0.16,1770579445,Will Lady Gaga perform during the Super Bowl LX halftime show?,will-lady-gaga-perform-during-the-super-bowl-lx-halftime-show,who-will-perform-at-super-bowl-halftime-show,No,1,FortunateSun,50.0
0x754968abde40b31f341e755eecaeaf853cdc34be,BUY,0x70705ca527ecbcbdb5ebc5f648a5b0f3e765a0839d5889f6fae7e80c7e036625,215.375,0.2321532211259431,1770572383,Will Lady Gaga perform during the Super Bowl LX halftime show?,will-lady-gaga-perform-during-the-super-bowl-lx-halftime-show,who-will-perform-at-super-bowl-halftime-show,No,1,0x754968Abde40b31f341E755EeCaeAF853cdc34be-1770086522082,50.0
0xa496264d81a5f6ee13c3443fe9129513c6979ecc,BUY,0x70705ca527ecbcbdb5ebc5f648a5b0f3e765a0839d5889f6fae7e80c7e036625,250.0,0.2,1770490901,Will Lady Gaga perform during the Super Bowl LX halftime show?,will-lady-gaga-perform-during-the-super-bowl-lx-halftime-show,who-will-perform-at-super-bowl-halftime-show,No,1,BigMikey69,50.0
0x012229680422bd3040628852fe6f45c4c6dd1238,BUY,0x70705ca527ecbcbdb5ebc5f648a5b0f3e765a0839d5889f6fae7e80c7e036625,250.0,0.2,1770489747,Will Lady Gaga perform during the Super Bowl LX halftime show?,will-lady-gaga-perform-during-the-super-bowl-lx-halftime-show,who-will-perform-at-super-bowl-halftime-show,No,1,nanocimen,50.0
0xc2e44c3286dd157e1bc745615f14d5f0960822cb,BUY,0x70705ca527ecbcbdb5ebc5f648a5b0f3e765a0839d5889f6fae7e80c7e036625,250.0,0.2,1770491423,Will Lady Gaga perform during the Super Bowl LX halftime show?,will-lady-gaga-perform-during-the-super-bowl-lx-halftime-show,who-will-perform-at-super-bowl-halftime-show,No,1,sl33pless,50.0
0x6bcc22657cb3ffbcc3fe5bd018f037057f35f8b2,BUY,0x70705ca527ecbcbdb5ebc5f648a5b0f3e765a0839d5889f6fae7e80c7e036625,200.0,0.25,1770417801,Will Lady Gaga perform during the Super Bowl LX halftime show?,will-lady-gaga-perform-during-the-super-bowl-lx-halftime-show,who-will-perform-at-super-bowl-halftime-show,No,1,micohen,50.0
0x2f4100207b052fdc1fc0af5d747466e4f1d170da,BUY,0x70705ca527ecbcbdb5ebc5f648a5b0f3e765a0839d5889f6fae7e80c7e036625,200.0,0.25,1770420499,Will Lady Gaga perform during the Super Bowl LX halftime show?,will-lady-gaga-perform-during-the-super-bowl-lx-halftime-show,who-will-perform-at-super-bowl-halftime-show,No,1,0x2f4100207B052fDc1fc0aF5D747466e4f1d170dA-1721338094043,50.0
0x4932f0a5ac1bf442a376650dc72d2f0ba82169c6,BUY,0x70705ca527ecbcbdb5ebc5f648a5b0f3e765a0839d5889f6fae7e80c7e036625,213.75,0.23391812865497075,1770572417,Will Lady Gaga perform during the Super Bowl LX halftime show?,will-lady-gaga-perform-during-the-super-bowl-lx-halftime-show,who-will-perform-at-super-bowl-halftime-show,No,1,Boazgoat124,50.0
