proxyWallet,side,conditionId,size,price,timestamp,title,slug,eventSlug,outcome,outcomeIndex,name,total_trade_value
0xe90bec87d9ef430f27f9dcfe72c34b76967d5da2,BUY,0x3488f31e6449f9803f99a8b5dd232c7ad883637f1c86e6953305a2ef19c77f20,477716.08,0.999,1772266853,"US strikes Iran by February 28, 2026?",us-strikes-iran-by-february-28-2026-227-967-547-688-589-491-592-418-452-924-384-915-464-672-196-157-993-596-269-535-381-391-471-256-988-997-296-225-762-973-292-827-345-182-558-215-794-879-189-761,us-strikes-iran-by,Yes,0,gmanas,477238.36392000003
0xadc2efbf97ce7b25f7a638aabdba196c657cd1c9,BUY,0x3488f31e6449f9803f99a8b5dd232c7ad883637f1c86e6953305a2ef19c77f20,222255.98,0.999,1772269111,"US strikes Iran by February 28, 2026?",us-strikes-iran-by-february-28-2026-227-967-547-688-589-491-592-418-452-924-384-915-464-672-196-157-993-596-269-535-381-391-471-256-988-997-296-225-762-973-292-827-345-182-558-215-794-879-189-761,us-strikes-iran-by,Yes,0,BenzoateOstylezeneBicarbonate,222033.72402000002
0x1abe1368601330a310162064e04d3c2628cb6497,SELL,0x3488f31e6449f9803f99a8b5dd232c7ad883637f1c86e6953305a2ef19c77f20,204248.12,0.998,1772265291,"US strikes Iran by February 28, 2026?",us-strikes-iran-by-february-28-2026-227-967-547-688-589-491-592-418-452-924-384-915-464-672-196-157-993-596-269-535-381-391-471-256-988-997-296-225-762-973-292-827-345-182-558-215-794-879-189-761,us-strikes-iran-by,Yes,0,,203839.62376
0x8f42ae0a01c0383c7ca8bd060b86a645ee74b88f,SELL,0x3488f31e6449f9803f99a8b5dd232c7ad883637f1c86e6953305a2ef19c77f20,89382.08,0.998,1772266041,"US strikes Iran by February 28, 2026?",us-strikes-iran-by-february-28-2026-227-967-547-688-589-491-592-418-452-924-384-915-464-672-196-157-993-596-269-535-381-391-471-256-988-997-296-225-762-973-292-827-345-182-558-215-794-879-189-761,us-strikes-iran-by,Yes,0,cashy,89203.31584
0xf67f72df65797a85dc9fd44d57adfe5b7b4a31cf,BUY,0x3488f31e6449f9803f99a8b5dd232c7ad883637f1c86e6953305a2ef19c77f20,76154.42,0.998,1772264743,"US strikes Iran by February 28, 2026?",us-strikes-iran-by-february-28-2026-227-967-547-688-589-491-592-418-452-924-384-915-464-672-196-157-993-596-269-535-381-391-471-256-988-997-296-225-762-973-292-827-345-182-558-215-794-879-189-761,us-strikes-iran-by,Yes,0,SmallFishInWhaleStomach,76002.11116
0x7d0a771ddd2c63255013a1efb5f0e42659b38c6c,BUY,0x3488f31e6449f9803f99a8b5dd232c7ad883637f1c86e6953305a2ef19c77f20,60900.13,0.998,1772263989,"US strikes Iran by February 28, 2026?",us-strikes-iran-by-february-28-2026-227-967-547-688-589-491-592-418-452-924-384-915-464-672-196-157-993-596-269-535-381-391-471-256-988-997-296-225-762-973-292-827-345-182-558-215-794-879-189-761,us-strikes-iran-by,Yes,0,GroyperFinancialServices,60778.329739999994
0xbacd00c9080a82ded56f504ee8810af732b0ab35,BUY,0x3488f31e6449f9803f99a8b5dd232c7ad883637f1c86e6953305a2ef19c77f20,53602.54,0.998,1772264089,"US strikes Iran by February 28, 2026?",us-strikes-iran-by-february-28-2026-227-967-547-688-589-491-592-418-452-924-384-915-464-672-196-157-993-596-269-535-381-391-471-256-988-997-296-225-762-973-292-827-345-182-558-215-794-879-189-761,us-strikes-iran-by,Yes,0,ScottyNooo,53495.33492
0x69aa9fa621403e3a121b29ad77d32ba9eb5e8847,BUY,0x3488f31e6449f9803f99a8b5dd232c7ad883637f1c86e6953305a2ef19c77f20,53424.44,0.999,1772265357,"US strikes Iran by February 28, 2026?",us-strikes-iran-by-february-28-2026-227-967-547-688-589-491-592-418-452-924-384-915-464-672-196-157-993-596-269-535-381-391-471-256-988-997-296-225-762-973-292-827-345-182-558-215-794-879-189-761,us-strikes-iran-by,Yes,0,tsekinming01,53371.01556
0x55dbfaefb030207f98ee6cccf1663986a8fc2031,SELL,0x3488f31e6449f9803f99a8b5dd232c7ad883637f1c86e6953305a2ef19c77f20,52201.17,0.985634311644739,1772263527,"US strikes Iran by February 28, 2026?",us-strikes-iran-by-february-28-2026-227-967-547-688-589-491-592-418-452-924-384-915-464-672-196-157-993-596-269-535-381-391-471-256-988-997-296-225-762-973-292-827-345-182-558-215-794-879-189-761,us-strikes-iran-by,Yes,0,d33pCynic,51451.264259999996
0x2616d30081a1a1718b4568e92459370637798d3c,BUY,0x3488f31e6449f9803f99a8b5dd232c7ad883637f1c86e6953305a2ef19c77f20,49324.51,0.998,1772264081,"US strikes Iran by February 28, 2026?",us-strikes-iran-by-february-28-2026-227-967-547-688-589-491-592-418-452-924-384-915-464-672-196-157-993-596-269-535-381-391-471-256-988-997-296-225-762-973-292-827-345-182-558-215-794-879-189-761,us-strikes-iran-by,Yes,0,x0000,49225.860980000005
0x4bbe10ba5b7f6df147c0dae17b46c44a6e562cf3,SELL,0x3488f31e6449f9803f99a8b5dd232c7ad883637f1c86e6953305a2ef19c77f20,40000.0,0.998,1772266153,"US strikes Iran by February 28, 2026?",us-strikes-iran-by-february-28-2026-227-967-547-688-589-491-592-418-452-924-384-915-464-672-196-157-993-596-269-535-381-391-471-256-988-997-296-225-762-973-292-827-345-182-558-215-794-879-189-761,us-strikes-iran-by,Yes,0,How.Dare.You,39920.0
0x52b74441def3510e1839eadac7875423c0b54597,SELL,0x3488f31e6449f9803f99a8b5dd232c7ad883637f1c86e6953305a2ef19c77f20,39336.33,0.999,1772269803,"US strikes Iran by February 28, 2026?",us-strikes-iran-by-february-28-2026-227-967-547-688-589-491-592-418-452-924-384-915-464-672-196-157-993-596-269-535-381-391-471-256-988-997-296-225-762-973-292-827-345-182-558-215-794-879-189-761,us-strikes-iran-by,Yes,0,MajidJavadi,39296.99367
0x4bbe10ba5b7f6df147c0dae17b46c44a6e562cf3,SELL,0x3488f31e6449f9803f99a8b5dd232c7ad883637f1c86e6953305a2ef19c77f20,36243.62,0.998,1772266345,"US strikes Iran by February 28, 2026?",us-strikes-iran-by-february-28-2026-227-967-547-688-589-491-592-418-452-924-384-915-464-672-196-157-993-596-269-535-381-391-471-256-988-997-296-225-762-973-292-827-345-182-558-215-794-879-189-761,us-strikes-iran-by,Yes,0,How.Dare.You,36171.13276
0x7d2299a379eb0b1c6077c7c419a383da6fb7f0cf,BUY,0x3488f31e6449f9803f99a8b5dd232c7ad883637f1c86e6953305a2ef19c77f20,35029.42,0.998,1772264293,"US strikes Iran by February 28, 2026?",us-strikes-iran-by-february-28-2026-227-967-547-688-589-491-592-418-452-924-384-915-464-672-196-157-993-596-269-535-381-391-471-256-988-997-296-225-762-973-292-827-345-182-558-215-794-879-189-761,us-strikes-iran-by,Yes,0,Qtyu,34959.36116
0x9d84ce0306f8551e02efef1680475fc0f1dc1344,BUY,0x3488f31e6449f9803f99a8b5dd232c7ad883637f1c86e6953305a2ef19c77f20,34291.61,0.9848719333971195,1772263283,"US strikes Iran by February 28, 2026?",us-strikes-iran-by-february-28-2026-227-967-547-688-589-491-592-418-452-924-384-915-464-672-196-157-993-596-269-535-381-391-471-256-988-997-296-225-762-973-292-827-345-182-558-215-794-879-189-761,us-strikes-iran-by,Yes,0,ImJustKen,33772.84424
0xc6587b11a2209e46dfe3928b31c5514a8e33b784,SELL,0x3488f31e6449f9803f99a8b5dd232c7ad883637f1c86e6953305a2ef19c77f20,32483.28,0.997,1772264179,"US strikes Iran by February 28, 2026?",us-strikes-iran-by-february-28-2026-227-967-547-688-589-491-592-418-452-924-384-915-464-672-196-157-993-596-269-535-381-391-471-256-988-997-296-225-762-973-292-827-345-182-558-215-794-879-189-761,us-strikes-iran-by,Yes,0,Erasmus.,32385.830159999998
0xed107a85a4585a381e48c7f7ca4144909e7dd2e5,BUY,0x3488f31e6449f9803f99a8b5dd232c7ad883637f1c86e6953305a2ef19c77f20,32218.32,0.998,1772264015,"US strikes Iran by February 28, 2026?",us-strikes-iran-by-february-28-2026-227-967-547-688-589-491-592-418-452-924-384-915-464-672-196-157-993-596-269-535-381-391-471-256-988-997-296-225-762-973-292-827-345-182-558-215-794-879-189-761,us-strikes-iran-by,Yes,0,bobe2,32153.88336
0xc6587b11a2209e46dfe3928b31c5514a8e33b784,BUY,0x3488f31e6449f9803f99a8b5dd232c7ad883637f1c86e6953305a2ef19c77f20,32161.4,0.989,1772263735,"US strikes Iran by February 28, 2026?",us-strikes-iran-by-february-28-2026-227-967-547-688-589-491-592-418-452-924-384-915-464-672-196-157-993-596-269-535-381-391-471-256-988-997-296-225-762-973-292-827-345-182-558-215-794-879-189-761,us-strikes-iran-by,Yes,0,Erasmus.,31807.624600000003
0xcf6c5492124794394dd9eac46498a8babbe47e66,BUY,0x3488f31e6449f9803f99a8b5dd232c7ad883637f1c86e6953305a2ef19c77f20,30000.0,0.998,1772264109,"US strikes Iran by February 28, 2026?",us-strikes-iran-by-february-28-2026-227-967-547-688-589-491-592-418-452-924-384-915-464-672-196-157-993-596-269-535-381-391-471-256-988-997-296-225-762-973-292-827-345-182-558-215-794-879-189-761,us-strikes-iran-by,Yes,0,one8tyfive,29940.0
0xecefc7da07fa0b130b6ebfbbf669861248f0558a,SELL,0x3488f31e6449f9803f99a8b5dd232c7ad883637f1c86e6953305a2ef19c77f20,25328.92,0.999,1772267885,"US strikes Iran by February 28, 2026?",us-strikes-iran-by-february-28-2026-227-967-547-688-589-491-592-418-452-924-384-915-464-672-196-157-993-596-269-535-381-391-471-256-988-997-296-225-762-973-292-827-345-182-558-215-794-879-189-761,us-strikes-iran-by,Yes,0,YoloNation,25303.59108
0x7addce8a2853d5b9b067b7465a8dbfc4a87ff9f4,SELL,0x3488f31e6449f9803f99a8b5dd232c7ad883637f1c86e6953305a2ef19c77f20,22921.32,0.998,1772269011,"US strikes Iran by February 28, 2026?",us-strikes-iran-by-february-28-2026-227-967-547-688-589-491-592-418-452-924-384-915-464-672-196-157-993-596-269-535-381-391-471-256-988-997-296-225-762-973-292-827-345-182-558-215-794-879-189-761,us-strikes-iran-by,Yes,0,Stamap,22875.47736
0x6b61570c8576e74eb170d5fd6db0cacd63c2532e,SELL,0x3488f31e6449f9803f99a8b5dd232c7ad883637f1c86e6953305a2ef19c77f20,20944.54,0.999,1772267147,"US strikes Iran by February 28, 2026?",us-strikes-iran-by-february-28-2026-227-967-547-688-589-491-592-418-452-924-384-915-464-672-196-157-993-596-269-535-381-391-471-256-988-997-296-225-762-973-292-827-345-182-558-215-794-879-189-761,us-strikes-iran-by,Yes,0,0x6b61570c8576e74Eb170d5Fd6dB0Cacd63c2532E-1772234346561,20923.59546
0x2d4e90768c7ae9661acca6b16e605eba3e70edb0,SELL,0x3488f31e6449f9803f99a8b5dd232c7ad883637f1c86e6953305a2ef19c77f20,20819.87,0.9859609512451326,1772263603,"US strikes Iran by February 28, 2026?",us-strikes-iran-by-february-28-2026-227-967-547-688-589-491-592-418-452-924-384-915-464-672-196-157-993-596-269-535-381-391-471-256-988-997-296-225-762-973-292-827-345-182-558-215-794-879-189-761,us-strikes-iran-by,Yes,0,Kavim,20527.57883
0xecfce3118f6f085a96c7d1a8bee42af34cb9cd05,BUY,0x3488f31e6449f9803f99a8b5dd232c7ad883637f1c86e6953305a2ef19c77f20,20000.0,0.999,1772268631,"US strikes Iran by February 28, 2026?",us-strikes-iran-by-february-28-2026-227-967-547-688-589-491-592-418-452-924-384-915-464-672-196-157-993-596-269-535-381-391-471-256-988-997-296-225-762-973-292-827-345-182-558-215-794-879-189-761,us-strikes-iran-by,Yes,0,lionss,19980.0
0x7d2299a379eb0b1c6077c7c419a383da6fb7f0cf,BUY,0x3488f31e6449f9803f99a8b5dd232c7ad883637f1c86e6953305a2ef19c77f20,20000.0,0.998,1772264373,"US strikes Iran by February 28, 2026?",us-strikes-iran-by-february-28-2026-227-967-547-688-589-491-592-418-452-924-384-915-464-672-196-157-993-596-269-535-381-391-471-256-988-997-296-225-762-973-292-827-345-182-558-215-794-879-189-761,us-strikes-iran-by,Yes,0,Qtyu,19960.0
0x28b340ecf1a193607e177312849bfc2f79a730c8,BUY,0x3488f31e6449f9803f99a8b5dd232c7ad883637f1c86e6953305a2ef19c77f20,20000.0,0.998,1772264705,"US strikes Iran by February 28, 2026?",us-strikes-iran-by-february-28-2026-227-967-547-688-589-491-592-418-452-924-384-915-464-672-196-157-993-596-269-535-381-391-471-256-988-997-296-225-762-973-292-827-345-182-558-215-794-879-189-761,us-strikes-iran-by,Yes,0,Numberone11,19960.0
0x0f37cb80dee49d55b5f6d9e595d52591d6371410,BUY,0x3488f31e6449f9803f99a8b5dd232c7ad883637f1c86e6953305a2ef19c77f20,19000.0,0.999,1772269015,"US strikes Iran by February 28, 2026?",us-strikes-iran-by-february-28-2026-227-967-547-688-589-491-592-418-452-924-384-915-464-672-196-157-993-596-269-535-381-391-471-256-988-997-296-225-762-973-292-827-345-182-558-215-794-879-189-761,us-strikes-iran-by,Yes,0,Hans323,18981.0
0x4bbe10ba5b7f6df147c0dae17b46c44a6e562cf3,SELL,0x3488f31e6449f9803f99a8b5dd232c7ad883637f1c86e6953305a2ef19c77f20,18121.81,0.999,1772267865,"US strikes Iran by February 28, 2026?",us-strikes-iran-by-february-28-2026-227-967-547-688-589-491-592-418-452-924-384-915-464-672-196-157-993-596-269-535-381-391-471-256-988-997-296-225-762-973-292-827-345-182-558-215-794-879-189-761,us-strikes-iran-by,Yes,0,How.Dare.You,18103.68819
0x88ae6c980204d0031ff0fb000b2f0656e7fb809a,SELL,0x3488f31e6449f9803f99a8b5dd232c7ad883637f1c86e6953305a2ef19c77f20,18363.91,0.985,1772263369,"US strikes Iran by February 28, 2026?",us-strikes-iran-by-february-28-2026-227-967-547-688-589-491-592-418-452-924-384-915-464-672-196-157-993-596-269-535-381-391-471-256-988-997-296-225-762-973-292-827-345-182-558-215-794-879-189-761,us-strikes-iran-by,Yes,0,0x88AE6C980204d0031Ff0fB000B2f0656e7fB809a-1766224710409,18088.45135
0x28b7c2fab23c263ed512fe7e3316e54a0c418b2a,SELL,0x3488f31e6449f9803f99a8b5dd232c7ad883637f1c86e6953305a2ef19c77f20,15492.43,0.998,1772265453,"US strikes Iran by February 28, 2026?",us-strikes-iran-by-february-28-2026-227-967-547-688-589-491-592-418-452-924-384-915-464-672-196-157-993-596-269-535-381-391-471-256-988-997-296-225-762-973-292-827-345-182-558-215-794-879-189-761,us-strikes-iran-by,Yes,0,,15461.44514
0xbc43a2f0deb85ba4ad316300762972089c911540,SELL,0x3488f31e6449f9803f99a8b5dd232c7ad883637f1c86e6953305a2ef19c77f20,15324.68,0.998,1772265727,"US strikes Iran by February 28, 2026?",us-strikes-iran-by-february-28-2026-227-967-547-688-589-491-592-418-452-924-384-915-464-672-196-157-993-596-269-535-381-391-471-256-988-997-296-225-762-973-292-827-345-182-558-215-794-879-189-761,us-strikes-iran-by,Yes,0,westminster,15294.03064
0xa6d9b55a6a3a54a9d50ca94c64f00af69c50fd2f,BUY,0x3488f31e6449f9803f99a8b5dd232c7ad883637f1c86e6953305a2ef19c77f20,15000.0,0.999,1772265225,"US strikes Iran by February 28, 2026?",us-strikes-iran-by-february-28-2026-227-967-547-688-589-491-592-418-452-924-384-915-464-672-196-157-993-596-269-535-381-391-471-256-988-997-296-225-762-973-292-827-345-182-558-215-794-879-189-761,us-strikes-iran-by,Yes,0,kinderSman,14985.0
0x45b39e1f71e47fd4afe4b988ffad690b644735bc,BUY,0x3488f31e6449f9803f99a8b5dd232c7ad883637f1c86e6953305a2ef19c77f20,15028.8,0.986,1772263339,"US strikes Iran by February 28, 2026?",us-strikes-iran-by-february-28-2026-227-967-547-688-589-491-592-418-452-924-384-915-464-672-196-157-993-596-269-535-381-391-471-256-988-997-296-225-762-973-292-827-345-182-558-215-794-879-189-761,us-strikes-iran-by,Yes,0,onekey09,14818.396799999999
0x5000582df804532b6355a3c09e144b4f2ac566e1,SELL,0x3488f31e6449f9803f99a8b5dd232c7ad883637f1c86e6953305a2ef19c77f20,14344.69,0.9856688949011795,1772263417,"US strikes Iran by February 28, 2026?",us-strikes-iran-by-february-28-2026-227-967-547-688-589-491-592-418-452-924-384-915-464-672-196-157-993-596-269-535-381-391-471-256-988-997-296-225-762-973-292-827-345-182-558-215-794-879-189-761,us-strikes-iran-by,Yes,0,pm9999,14139.11474
0x39a9d43f7a3ca311c570a2b45411444677b3bafa,SELL,0x3488f31e6449f9803f99a8b5dd232c7ad883637f1c86e6953305a2ef19c77f20,13866.09,0.999,1772270651,"US strikes Iran by February 28, 2026?",us-strikes-iran-by-february-28-2026-227-967-547-688-589-491-592-418-452-924-384-915-464-672-196-157-993-596-269-535-381-391-471-256-988-997-296-225-762-973-292-827-345-182-558-215-794-879-189-761,us-strikes-iran-by,Yes,0,digitest,13852.22391
0x842ac934cfff1467f27c167c42c318001e407422,SELL,0x3488f31e6449f9803f99a8b5dd232c7ad883637f1c86e6953305a2ef19c77f20,13155.54,0.9921214013259813,1772263887,"US strikes Iran by February 28, 2026?",us-strikes-iran-by-february-28-2026-227-967-547-688-589-491-592-418-452-924-384-915-464-672-196-157-993-596-269-535-381-391-471-256-988-997-296-225-762-973-292-827-345-182-558-215-794-879-189-761,us-strikes-iran-by,Yes,0,ChompChomp888,13051.89278
0xe0097b7ed95ff1b4cb4c34fbbc5558f9217fecf8,BUY,0x3488f31e6449f9803f99a8b5dd232c7ad883637f1c86e6953305a2ef19c77f20,13050.23,0.998,1772263979,"US strikes Iran by February 28, 2026?",us-strikes-iran-by-february-28-2026-227-967-547-688-589-491-592-418-452-924-384-915-464-672-196-157-993-596-269-535-381-391-471-256-988-997-296-225-762-973-292-827-345-182-558-215-794-879-189-761,us-strikes-iran-by,Yes,0,Gowermore,13024.12954
0x8b4bca1d794779e66e023d44391b2a86c5ab541b,BUY,0x3488f31e6449f9803f99a8b5dd232c7ad883637f1c86e6953305a2ef19c77f20,12382.07,0.9869713852368788,1772263359,"US strikes Iran by February 28, 2026?",us-strikes-iran-by-february-28-2026-227-967-547-688-589-491-592-418-452-924-384-915-464-672-196-157-993-596-269-535-381-391-471-256-988-997-296-225-762-973-292-827-345-182-558-215-794-879-189-761,us-strikes-iran-by,Yes,0,0x8B4bcA1D794779E66e023D44391B2A86C5ab541B-1769764313952,12220.74878
0x0b9168da5620dfab028b53c753a3be88d585ae77,BUY,0x3488f31e6449f9803f99a8b5dd232c7ad883637f1c86e6953305a2ef19c77f20,12053.32,0.988,1772263585,"US strikes Iran by February 28, 2026?",us-strikes-iran-by-february-28-2026-227-967-547-688-589-491-592-418-452-924-384-915-464-672-196-157-993-596-269-535-381-391-471-256-988-997-296-225-762-973-292-827-345-182-558-215-794-879-189-761,us-strikes-iran-by,Yes,0,choppah,11908.68016
0x28b340ecf1a193607e177312849bfc2f79a730c8,SELL,0x3488f31e6449f9803f99a8b5dd232c7ad883637f1c86e6953305a2ef19c77f20,11347.83,0.998,1772264415,"US strikes Iran by February 28, 2026?",us-strikes-iran-by-february-28-2026-227-967-547-688-589-491-592-418-452-924-384-915-464-672-196-157-993-596-269-535-381-391-471-256-988-997-296-225-762-973-292-827-345-182-558-215-794-879-189-761,us-strikes-iran-by,Yes,0,Numberone11,11325.13434
0x2d5aab24848feda5bfde3f44faecb2a895293507,SELL,0x3488f31e6449f9803f99a8b5dd232c7ad883637f1c86e6953305a2ef19c77f20,11160.32,0.998,1772265023,"US strikes Iran by February 28, 2026?",us-strikes-iran-by-february-28-2026-227-967-547-688-589-491-592-418-452-924-384-915-464-672-196-157-993-596-269-535-381-391-471-256-988-997-296-225-762-973-292-827-345-182-558-215-794-879-189-761,us-strikes-iran-by,Yes,0,nram17,11137.99936
0x2eeb776eda584e32f7850a8681a8f461f223bd84,SELL,0x3488f31e6449f9803f99a8b5dd232c7ad883637f1c86e6953305a2ef19c77f20,10946.73,0.998,1772266659,"US strikes Iran by February 28, 2026?",us-strikes-iran-by-february-28-2026-227-967-547-688-589-491-592-418-452-924-384-915-464-672-196-157-993-596-269-535-381-391-471-256-988-997-296-225-762-973-292-827-345-182-558-215-794-879-189-761,us-strikes-iran-by,Yes,0,Doom.kai,10924.83654
0xe598435df0cdf5d22bdd5082d557f75f9180a0a8,BUY,0x3488f31e6449f9803f99a8b5dd232c7ad883637f1c86e6953305a2ef19c77f20,10982.78,0.9832997146441975,1772263275,"US strikes Iran by February 28, 2026?",us-strikes-iran-by-february-28-2026-227-967-547-688-589-491-592-418-452-924-384-915-464-672-196-157-993-596-269-535-381-391-471-256-988-997-296-225-762-973-292-827-345-182-558-215-794-879-189-761,us-strikes-iran-by,Yes,0,bamesjond,10799.36444
0x539d01b1c4d860570a3ea35aaf87168a1f351e69,SELL,0x3488f31e6449f9803f99a8b5dd232c7ad883637f1c86e6953305a2ef19c77f20,10518.27,0.998,1772265717,"US strikes Iran by February 28, 2026?",us-strikes-iran-by-february-28-2026-227-967-547-688-589-491-592-418-452-924-384-915-464-672-196-157-993-596-269-535-381-391-471-256-988-997-296-225-762-973-292-827-345-182-558-215-794-879-189-761,us-strikes-iran-by,Yes,0,fitmk,10497.233460000001
0xc8ab97a9089a9ff7e6ef0688e6e591a066946418,BUY,0x3488f31e6449f9803f99a8b5dd232c7ad883637f1c86e6953305a2ef19c77f20,10517.59,0.9915046945165195,1772263811,"US strikes Iran by February 28, 2026?",us-strikes-iran-by-february-28-2026-227-967-547-688-589-491-592-418-452-924-384-915-464-672-196-157-993-596-269-535-381-391-471-256-988-997-296-225-762-973-292-827-345-182-558-215-794-879-189-761,us-strikes-iran-by,Yes,0,ArmageddonRewardsBilly,10428.23986
0xf8fcd4d827a3c88d99b35416903888bc62eeae82,BUY,0x3488f31e6449f9803f99a8b5dd232c7ad883637f1c86e6953305a2ef19c77f20,10111.223454,0.9889999999994066,1772263731,"US strikes Iran by February 28, 2026?",us-strikes-iran-by-february-28-2026-227-967-547-688-589-491-592-418-452-924-384-915-464-672-196-157-993-596-269-535-381-391-471-256-988-997-296-225-762-973-292-827-345-182-558-215-794-879-189-761,us-strikes-iran-by,Yes,0,Shinobuu.eth,9999.999996
0x99dd407b80e45874638d783f54b0d8c097544303,BUY,0x3488f31e6449f9803f99a8b5dd232c7ad883637f1c86e6953305a2ef19c77f20,10000.0,0.999,1772268781,"US strikes Iran by February 28, 2026?",us-strikes-iran-by-february-28-2026-227-967-547-688-589-491-592-418-452-924-384-915-464-672-196-157-993-596-269-535-381-391-471-256-988-997-296-225-762-973-292-827-345-182-558-215-794-879-189-761,us-strikes-iran-by,Yes,0,weaklei,9990.0
0x99dd407b80e45874638d783f54b0d8c097544303,BUY,0x3488f31e6449f9803f99a8b5dd232c7ad883637f1c86e6953305a2ef19c77f20,10000.0,0.999,1772268551,"US strikes Iran by February 28, 2026?",us-strikes-iran-by-february-28-2026-227-967-547-688-589-491-592-418-452-924-384-915-464-672-196-157-993-596-269-535-381-391-471-256-988-997-296-225-762-973-292-827-345-182-558-215-794-879-189-761,us-strikes-iran-by,Yes,0,weaklei,9990.0
0xa0c37cb0587b0dd1542f794bcfa345762bba5b9a,BUY,0x3488f31e6449f9803f99a8b5dd232c7ad883637f1c86e6953305a2ef19c77f20,10000.0,0.999,1772265349,"US strikes Iran by February 28, 2026?",us-strikes-iran-by-february-28-2026-227-967-547-688-589-491-592-418-452-924-384-915-464-672-196-157-993-596-269-535-381-391-471-256-988-997-296-225-762-973-292-827-345-182-558-215-794-879-189-761,us-strikes-iran-by,Yes,0,kukubaja,9990.0
0x28b340ecf1a193607e177312849bfc2f79a730c8,BUY,0x3488f31e6449f9803f99a8b5dd232c7ad883637f1c86e6953305a2ef19c77f20,10000.0,0.998,1772264599,"US strikes Iran by February 28, 2026?",us-strikes-iran-by-february-28-2026-227-967-547-688-589-491-592-418-452-924-384-915-464-672-196-157-993-596-269-535-381-391-471-256-988-997-296-225-762-973-292-827-345-182-558-215-794-879-189-761,us-strikes-iran-by,Yes,0,Numberone11,9980.0
0x28b340ecf1a193607e177312849bfc2f79a730c8,BUY,0x3488f31e6449f9803f99a8b5dd232c7ad883637f1c86e6953305a2ef19c77f20,10000.0,0.998,1772264407,"US strikes Iran by February 28, 2026?",us-strikes-iran-by-february-28-2026-227-967-547-688-589-491-592-418-452-924-384-915-464-672-196-157-993-596-269-535-381-391-471-256-988-997-296-225-762-973-292-827-345-182-558-215-794-879-189-761,us-strikes-iran-by,Yes,0,Numberone11,9980.0
0xa6d9b55a6a3a54a9d50ca94c64f00af69c50fd2f,BUY,0x3488f31e6449f9803f99a8b5dd232c7ad883637f1c86e6953305a2ef19c77f20,10000.0,0.998,1772264065,"US strikes Iran by February 28, 2026?",us-strikes-iran-by-february-28-2026-227-967-547-688-589-491-592-418-452-924-384-915-464-672-196-157-993-596-269-535-381-391-471-256-988-997-296-225-762-973-292-827-345-182-558-215-794-879-189-761,us-strikes-iran-by,Yes,0,kinderSman,9980.0
0x25590b0ab51d4c27e1d7eec3a383aeb4296f2032,SELL,0x3488f31e6449f9803f99a8b5dd232c7ad883637f1c86e6953305a2ef19c77f20,10000.0,0.998,1772265593,"US strikes Iran by February 28, 2026?",us-strikes-iran-by-february-28-2026-227-967-547-688-589-491-592-418-452-924-384-915-464-672-196-157-993-596-269-535-381-391-471-256-988-997-296-225-762-973-292-827-345-182-558-215-794-879-189-761,us-strikes-iran-by,Yes,0,0x25590b0Ab51d4C27e1D7eeC3a383Aeb4296f2032-1761754731394,9980.0
0x2a019dc0089ea8c6edbbafc8a7cc9ba77b4b6397,BUY,0x3488f31e6449f9803f99a8b5dd232c7ad883637f1c86e6953305a2ef19c77f20,10000.0,0.986,1772263339,"US strikes Iran by February 28, 2026?",us-strikes-iran-by-february-28-2026-227-967-547-688-589-491-592-418-452-924-384-915-464-672-196-157-993-596-269-535-381-391-471-256-988-997-296-225-762-973-292-827-345-182-558-215-794-879-189-761,us-strikes-iran-by,Yes,0,aviato,9860.0
0xca4195e88f38da25f69dbdc8d56d25777aaa0616,SELL,0x3488f31e6449f9803f99a8b5dd232c7ad883637f1c86e6953305a2ef19c77f20,9479.2,0.998,1772266659,"US strikes Iran by February 28, 2026?",us-strikes-iran-by-february-28-2026-227-967-547-688-589-491-592-418-452-924-384-915-464-672-196-157-993-596-269-535-381-391-471-256-988-997-296-225-762-973-292-827-345-182-558-215-794-879-189-761,us-strikes-iran-by,Yes,0,FirstAfterGod,9460.241600000001
0x07e129963fa72466d47a0a561cd27bf398109010,BUY,0x3488f31e6449f9803f99a8b5dd232c7ad883637f1c86e6953305a2ef19c77f20,9300.0,0.999,1772264359,"US strikes Iran by February 28, 2026?",us-strikes-iran-by-february-28-2026-227-967-547-688-589-491-592-418-452-924-384-915-464-672-196-157-993-596-269-535-381-391-471-256-988-997-296-225-762-973-292-827-345-182-558-215-794-879-189-761,us-strikes-iran-by,Yes,0,SuckMyBigPenis,9290.7
0xa6d9b55a6a3a54a9d50ca94c64f00af69c50fd2f,BUY,0x3488f31e6449f9803f99a8b5dd232c7ad883637f1c86e6953305a2ef19c77f20,9286.96,0.998,1772264089,"US strikes Iran by February 28, 2026?",us-strikes-iran-by-february-28-2026-227-967-547-688-589-491-592-418-452-924-384-915-464-672-196-157-993-596-269-535-381-391-471-256-988-997-296-225-762-973-292-827-345-182-558-215-794-879-189-761,us-strikes-iran-by,Yes,0,kinderSman,9268.386079999998
0x4478d7bd8a295691ac84f60a5ec2b47e122102a4,SELL,0x3488f31e6449f9803f99a8b5dd232c7ad883637f1c86e6953305a2ef19c77f20,8950.0,0.998,1772265741,"US strikes Iran by February 28, 2026?",us-strikes-iran-by-february-28-2026-227-967-547-688-589-491-592-418-452-924-384-915-464-672-196-157-993-596-269-535-381-391-471-256-988-997-296-225-762-973-292-827-345-182-558-215-794-879-189-761,us-strikes-iran-by,Yes,0,Warren-Buffett,8932.1
0x8f42ae0a01c0383c7ca8bd060b86a645ee74b88f,BUY,0x3488f31e6449f9803f99a8b5dd232c7ad883637f1c86e6953305a2ef19c77f20,8638.37,0.995,1772263899,"US strikes Iran by February 28, 2026?",us-strikes-iran-by-february-28-2026-227-967-547-688-589-491-592-418-452-924-384-915-464-672-196-157-993-596-269-535-381-391-471-256-988-997-296-225-762-973-292-827-345-182-558-215-794-879-189-761,us-strikes-iran-by,Yes,0,cashy,8595.178150000002
0x29d337076f24d135b7b2b08796edfff4e32cb2ed,SELL,0x3488f31e6449f9803f99a8b5dd232c7ad883637f1c86e6953305a2ef19c77f20,8212.0,0.999,1772269285,"US strikes Iran by February 28, 2026?",us-strikes-iran-by-february-28-2026-227-967-547-688-589-491-592-418-452-924-384-915-464-672-196-157-993-596-269-535-381-391-471-256-988-997-296-225-762-973-292-827-345-182-558-215-794-879-189-761,us-strikes-iran-by,Yes,0,RealPancrace,8203.788
0x4478d7bd8a295691ac84f60a5ec2b47e122102a4,SELL,0x3488f31e6449f9803f99a8b5dd232c7ad883637f1c86e6953305a2ef19c77f20,7983.77,0.998,1772264915,"US strikes Iran by February 28, 2026?",us-strikes-iran-by-february-28-2026-227-967-547-688-589-491-592-418-452-924-384-915-464-672-196-157-993-596-269-535-381-391-471-256-988-997-296-225-762-973-292-827-345-182-558-215-794-879-189-761,us-strikes-iran-by,Yes,0,Warren-Buffett,7967.802460000001
0xd01c019cb0f4f54f89089e1a45238f35b1bf28a6,SELL,0x3488f31e6449f9803f99a8b5dd232c7ad883637f1c86e6953305a2ef19c77f20,7472.42,0.998,1772268065,"US strikes Iran by February 28, 2026?",us-strikes-iran-by-february-28-2026-227-967-547-688-589-491-592-418-452-924-384-915-464-672-196-157-993-596-269-535-381-391-471-256-988-997-296-225-762-973-292-827-345-182-558-215-794-879-189-761,us-strikes-iran-by,Yes,0,Sthsth,7457.47516
0xc757850237e266d3b08d16b8455777a88590ccfc,BUY,0x3488f31e6449f9803f99a8b5dd232c7ad883637f1c86e6953305a2ef19c77f20,7446.13,0.998,1772264021,"US strikes Iran by February 28, 2026?",us-strikes-iran-by-february-28-2026-227-967-547-688-589-491-592-418-452-924-384-915-464-672-196-157-993-596-269-535-381-391-471-256-988-997-296-225-762-973-292-827-345-182-558-215-794-879-189-761,us-strikes-iran-by,Yes,0,tianjiyuyunzhilu,7431.2377400000005
0x66e837e44a34efa292c392d88b6fb6bc4c5d0838,SELL,0x3488f31e6449f9803f99a8b5dd232c7ad883637f1c86e6953305a2ef19c77f20,7325.42,0.995,1772263947,"US strikes Iran by February 28, 2026?",us-strikes-iran-by-february-28-2026-227-967-547-688-589-491-592-418-452-924-384-915-464-672-196-157-993-596-269-535-381-391-471-256-988-997-296-225-762-973-292-827-345-182-558-215-794-879-189-761,us-strikes-iran-by,Yes,0,0x66E837e44a34efa292c392d88b6fB6Bc4C5D0838-1768023715227,7288.7929
0x95aa15d893414b9afc20f499151596b846637139,BUY,0x3488f31e6449f9803f99a8b5dd232c7ad883637f1c86e6953305a2ef19c77f20,7284.94,0.998,1772264641,"US strikes Iran by February 28, 2026?",us-strikes-iran-by-february-28-2026-227-967-547-688-589-491-592-418-452-924-384-915-464-672-196-157-993-596-269-535-381-391-471-256-988-997-296-225-762-973-292-827-345-182-558-215-794-879-189-761,us-strikes-iran-by,Yes,0,tornadoo,7270.37012
0xa010e49a3cb443ed7c7272af6d78088e7ca5a439,SELL,0x3488f31e6449f9803f99a8b5dd232c7ad883637f1c86e6953305a2ef19c77f20,7139.25,0.987,1772263651,"US strikes Iran by February 28, 2026?",us-strikes-iran-by-february-28-2026-227-967-547-688-589-491-592-418-452-924-384-915-464-672-196-157-993-596-269-535-381-391-471-256-988-997-296-225-762-973-292-827-345-182-558-215-794-879-189-761,us-strikes-iran-by,Yes,0,SandraD888,7046.43975
0xc2db1bdac4f0b65ffd31fa5499700c604b300cf3,SELL,0x3488f31e6449f9803f99a8b5dd232c7ad883637f1c86e6953305a2ef19c77f20,6862.13,0.998,1772266583,"US strikes Iran by February 28, 2026?",us-strikes-iran-by-february-28-2026-227-967-547-688-589-491-592-418-452-924-384-915-464-672-196-157-993-596-269-535-381-391-471-256-988-997-296-225-762-973-292-827-345-182-558-215-794-879-189-761,us-strikes-iran-by,Yes,0,PastorTupirani,6848.40574
0xa7e96eacf8bc94118519bf8ad38e98ac61d94f6c,SELL,0x3488f31e6449f9803f99a8b5dd232c7ad883637f1c86e6953305a2ef19c77f20,6787.16,0.999,1772269453,"US strikes Iran by February 28, 2026?",us-strikes-iran-by-february-28-2026-227-967-547-688-589-491-592-418-452-924-384-915-464-672-196-157-993-596-269-535-381-391-471-256-988-997-296-225-762-973-292-827-345-182-558-215-794-879-189-761,us-strikes-iran-by,Yes,0,0xA7E96EAcf8BC94118519bF8Ad38E98aC61D94f6c-1764835690707,6780.37284
0xc2db1bdac4f0b65ffd31fa5499700c604b300cf3,BUY,0x3488f31e6449f9803f99a8b5dd232c7ad883637f1c86e6953305a2ef19c77f20,6818.568685,0.9894099934552467,1772263511,"US strikes Iran by February 28, 2026?",us-strikes-iran-by-february-28-2026-227-967-547-688-589-491-592-418-452-924-384-915-464-672-196-157-993-596-269-535-381-391-471-256-988-997-296-225-762-973-292-827-345-182-558-215-794-879-189-761,us-strikes-iran-by,Yes,0,PastorTupirani,6746.359998000001
0xdae6349433286ec4034e61c79698447d4f7ce440,SELL,0x3488f31e6449f9803f99a8b5dd232c7ad883637f1c86e6953305a2ef19c77f20,6692.65,0.998,1772266053,"US strikes Iran by February 28, 2026?",us-strikes-iran-by-february-28-2026-227-967-547-688-589-491-592-418-452-924-384-915-464-672-196-157-993-596-269-535-381-391-471-256-988-997-296-225-762-973-292-827-345-182-558-215-794-879-189-761,us-strikes-iran-by,Yes,0,IceWindL,6679.2647
0xfe240aa6f08533c1aa8cfb39839cf6cce19fff73,SELL,0x3488f31e6449f9803f99a8b5dd232c7ad883637f1c86e6953305a2ef19c77f20,6666.66,0.998,1772268931,"US strikes Iran by February 28, 2026?",us-strikes-iran-by-february-28-2026-227-967-547-688-589-491-592-418-452-924-384-915-464-672-196-157-993-596-269-535-381-391-471-256-988-997-296-225-762-973-292-827-345-182-558-215-794-879-189-761,us-strikes-iran-by,Yes,0,axiscapital28,6653.32668
0x0b330eabba786bb467644675262bf40510bc9a34,SELL,0x3488f31e6449f9803f99a8b5dd232c7ad883637f1c86e6953305a2ef19c77f20,6588.17,0.998,1772266141,"US strikes Iran by February 28, 2026?",us-strikes-iran-by-february-28-2026-227-967-547-688-589-491-592-418-452-924-384-915-464-672-196-157-993-596-269-535-381-391-471-256-988-997-296-225-762-973-292-827-345-182-558-215-794-879-189-761,us-strikes-iran-by,Yes,0,0x0B330EAbBA786bb467644675262Bf40510bc9a34-1771513428858,6574.99366
0x8d4743d9f27eedaa59c1eb1a2c99d420d20f3d5a,SELL,0x3488f31e6449f9803f99a8b5dd232c7ad883637f1c86e6953305a2ef19c77f20,6534.96,0.988,1772263737,"US strikes Iran by February 28, 2026?",us-strikes-iran-by-february-28-2026-227-967-547-688-589-491-592-418-452-924-384-915-464-672-196-157-993-596-269-535-381-391-471-256-988-997-296-225-762-973-292-827-345-182-558-215-794-879-189-761,us-strikes-iran-by,Yes,0,PTDV,6456.54048
0x92a6294cd55b9c6ccd57efaffc365ad943118b84,BUY,0x3488f31e6449f9803f99a8b5dd232c7ad883637f1c86e6953305a2ef19c77f20,6527.69,0.989,1772263723,"US strikes Iran by February 28, 2026?",us-strikes-iran-by-february-28-2026-227-967-547-688-589-491-592-418-452-924-384-915-464-672-196-157-993-596-269-535-381-391-471-256-988-997-296-225-762-973-292-827-345-182-558-215-794-879-189-761,us-strikes-iran-by,Yes,0,Trustinghorse,6455.88541
0x6614efd7a01ab3dc3b9b4697846f6b33878186a4,BUY,0x3488f31e6449f9803f99a8b5dd232c7ad883637f1c86e6953305a2ef19c77f20,6413.61,0.999,1772268177,"US strikes Iran by February 28, 2026?",us-strikes-iran-by-february-28-2026-227-967-547-688-589-491-592-418-452-924-384-915-464-672-196-157-993-596-269-535-381-391-471-256-988-997-296-225-762-973-292-827-345-182-558-215-794-879-189-761,us-strikes-iran-by,Yes,0,ekkalundin,6407.19639
0x43886f07460ab4fd9a54b569e8aedc0df47be9a1,SELL,0x3488f31e6449f9803f99a8b5dd232c7ad883637f1c86e6953305a2ef19c77f20,6125.0,0.9851116685714286,1772263449,"US strikes Iran by February 28, 2026?",us-strikes-iran-by-february-28-2026-227-967-547-688-589-491-592-418-452-924-384-915-464-672-196-157-993-596-269-535-381-391-471-256-988-997-296-225-762-973-292-827-345-182-558-215-794-879-189-761,us-strikes-iran-by,Yes,0,Harpouching,6033.80897
0xe7387473b067235436884d16799777cf279edf65,SELL,0x3488f31e6449f9803f99a8b5dd232c7ad883637f1c86e6953305a2ef19c77f20,6000.0,0.999,1772269283,"US strikes Iran by February 28, 2026?",us-strikes-iran-by-february-28-2026-227-967-547-688-589-491-592-418-452-924-384-915-464-672-196-157-993-596-269-535-381-391-471-256-988-997-296-225-762-973-292-827-345-182-558-215-794-879-189-761,us-strikes-iran-by,Yes,0,Huludubu,5994.0
0xc6ecd0ecd8e04338c3c98dd364b8155dc596f735,SELL,0x3488f31e6449f9803f99a8b5dd232c7ad883637f1c86e6953305a2ef19c77f20,5999.57,0.999,1772269899,"US strikes Iran by February 28, 2026?",us-strikes-iran-by-february-28-2026-227-967-547-688-589-491-592-418-452-924-384-915-464-672-196-157-993-596-269-535-381-391-471-256-988-997-296-225-762-973-292-827-345-182-558-215-794-879-189-761,us-strikes-iran-by,Yes,0,katarina-ever,5993.57043
0x122cdd9db64fd8dc3ebab813218e3effe21f821f,BUY,0x3488f31e6449f9803f99a8b5dd232c7ad883637f1c86e6953305a2ef19c77f20,6002.06,0.988,1772263655,"US strikes Iran by February 28, 2026?",us-strikes-iran-by-february-28-2026-227-967-547-688-589-491-592-418-452-924-384-915-464-672-196-157-993-596-269-535-381-391-471-256-988-997-296-225-762-973-292-827-345-182-558-215-794-879-189-761,us-strikes-iran-by,Yes,0,okcoolstorybro,5930.03528
0xfc2f4f50ce2f6045d35558a5e2d8d4b2ac6610c7,SELL,0x3488f31e6449f9803f99a8b5dd232c7ad883637f1c86e6953305a2ef19c77f20,6000.0,0.9858281483333333,1772263535,"US strikes Iran by February 28, 2026?",us-strikes-iran-by-february-28-2026-227-967-547-688-589-491-592-418-452-924-384-915-464-672-196-157-993-596-269-535-381-391-471-256-988-997-296-225-762-973-292-827-345-182-558-215-794-879-189-761,us-strikes-iran-by,Yes,0,0xFc2F4f50ce2F6045d35558A5E2D8d4b2aC6610c7-1769097007451,5914.96889
0x8250e5832a8c4659005114cc048c2c12d8f5743f,BUY,0x3488f31e6449f9803f99a8b5dd232c7ad883637f1c86e6953305a2ef19c77f20,5732.2745,0.998,1772264551,"US strikes Iran by February 28, 2026?",us-strikes-iran-by-february-28-2026-227-967-547-688-589-491-592-418-452-924-384-915-464-672-196-157-993-596-269-535-381-391-471-256-988-997-296-225-762-973-292-827-345-182-558-215-794-879-189-761,us-strikes-iran-by,Yes,0,TraderQuant,5720.809951
0x57cc544a71aefae2614746c7f60380289c07882c,SELL,0x3488f31e6449f9803f99a8b5dd232c7ad883637f1c86e6953305a2ef19c77f20,5644.0,0.999,1772267061,"US strikes Iran by February 28, 2026?",us-strikes-iran-by-february-28-2026-227-967-547-688-589-491-592-418-452-924-384-915-464-672-196-157-993-596-269-535-381-391-471-256-988-997-296-225-762-973-292-827-345-182-558-215-794-879-189-761,us-strikes-iran-by,Yes,0,SAS28,5638.356
0xeeb8c48abc6185c22db94d8706b2ab8748cfcab5,BUY,0x3488f31e6449f9803f99a8b5dd232c7ad883637f1c86e6953305a2ef19c77f20,5540.0,0.998,1772264869,"US strikes Iran by February 28, 2026?",us-strikes-iran-by-february-28-2026-227-967-547-688-589-491-592-418-452-924-384-915-464-672-196-157-993-596-269-535-381-391-471-256-988-997-296-225-762-973-292-827-345-182-558-215-794-879-189-761,us-strikes-iran-by,Yes,0,hey0man,5528.92
0x4bbe10ba5b7f6df147c0dae17b46c44a6e562cf3,BUY,0x3488f31e6449f9803f99a8b5dd232c7ad883637f1c86e6953305a2ef19c77f20,5555.0,0.986,1772263337,"US strikes Iran by February 28, 2026?",us-strikes-iran-by-february-28-2026-227-967-547-688-589-491-592-418-452-924-384-915-464-672-196-157-993-596-269-535-381-391-471-256-988-997-296-225-762-973-292-827-345-182-558-215-794-879-189-761,us-strikes-iran-by,Yes,0,How.Dare.You,5477.23
0x4bbe10ba5b7f6df147c0dae17b46c44a6e562cf3,BUY,0x3488f31e6449f9803f99a8b5dd232c7ad883637f1c86e6953305a2ef19c77f20,5555.0,0.985,1772263325,"US strikes Iran by February 28, 2026?",us-strikes-iran-by-february-28-2026-227-967-547-688-589-491-592-418-452-924-384-915-464-672-196-157-993-596-269-535-381-391-471-256-988-997-296-225-762-973-292-827-345-182-558-215-794-879-189-761,us-strikes-iran-by,Yes,0,How.Dare.You,5471.675
0x728ecb4fc3dff511f1d9831d7aa2eea5defe713b,SELL,0x3488f31e6449f9803f99a8b5dd232c7ad883637f1c86e6953305a2ef19c77f20,5329.45,0.998,1772264319,"US strikes Iran by February 28, 2026?",us-strikes-iran-by-february-28-2026-227-967-547-688-589-491-592-418-452-924-384-915-464-672-196-157-993-596-269-535-381-391-471-256-988-997-296-225-762-973-292-827-345-182-558-215-794-879-189-761,us-strikes-iran-by,Yes,0,0x728eCB4fC3dff511F1d9831d7aA2EEa5Defe713B-1768176358421,5318.7910999999995
0x469b05a6ba273ccdcbad3fa29dee8fc529c57e0e,SELL,0x3488f31e6449f9803f99a8b5dd232c7ad883637f1c86e6953305a2ef19c77f20,5263.15,0.998,1772265721,"US strikes Iran by February 28, 2026?",us-strikes-iran-by-february-28-2026-227-967-547-688-589-491-592-418-452-924-384-915-464-672-196-157-993-596-269-535-381-391-471-256-988-997-296-225-762-973-292-827-345-182-558-215-794-879-189-761,us-strikes-iran-by,Yes,0,jabbay25,5252.623699999999
0x3f18a8af814ceff3ce4434847161e7db6af02080,BUY,0x3488f31e6449f9803f99a8b5dd232c7ad883637f1c86e6953305a2ef19c77f20,5194.619237,0.9979999998987413,1772264711,"US strikes Iran by February 28, 2026?",us-strikes-iran-by-february-28-2026-227-967-547-688-589-491-592-418-452-924-384-915-464-672-196-157-993-596-269-535-381-391-471-256-988-997-296-225-762-973-292-827-345-182-558-215-794-879-189-761,us-strikes-iran-by,Yes,0,VGKAKAXI,5184.229998
0x49ef5a683cf716423e17fde674d99e356ab5fcf5,SELL,0x3488f31e6449f9803f99a8b5dd232c7ad883637f1c86e6953305a2ef19c77f20,5149.45,0.998,1772265485,"US strikes Iran by February 28, 2026?",us-strikes-iran-by-february-28-2026-227-967-547-688-589-491-592-418-452-924-384-915-464-672-196-157-993-596-269-535-381-391-471-256-988-997-296-225-762-973-292-827-345-182-558-215-794-879-189-761,us-strikes-iran-by,Yes,0,someguyok,5139.1511
0x9b077c7d8dd35ec81c5a455dbc8c5bf0292f782b,BUY,0x3488f31e6449f9803f99a8b5dd232c7ad883637f1c86e6953305a2ef19c77f20,5090.68,0.999,1772268731,"US strikes Iran by February 28, 2026?",us-strikes-iran-by-february-28-2026-227-967-547-688-589-491-592-418-452-924-384-915-464-672-196-157-993-596-269-535-381-391-471-256-988-997-296-225-762-973-292-827-345-182-558-215-794-879-189-761,us-strikes-iran-by,Yes,0,irbisSS,5085.58932
0x2a019dc0089ea8c6edbbafc8a7cc9ba77b4b6397,BUY,0x3488f31e6449f9803f99a8b5dd232c7ad883637f1c86e6953305a2ef19c77f20,5087.51,0.986,1772263359,"US strikes Iran by February 28, 2026?",us-strikes-iran-by-february-28-2026-227-967-547-688-589-491-592-418-452-924-384-915-464-672-196-157-993-596-269-535-381-391-471-256-988-997-296-225-762-973-292-827-345-182-558-215-794-879-189-761,us-strikes-iran-by,Yes,0,aviato,5016.28486
0x5fa03d397355aac67c263e7219cf435e129dc20f,BUY,0x3488f31e6449f9803f99a8b5dd232c7ad883637f1c86e6953305a2ef19c77f20,5010.02,0.998,1772264443,"US strikes Iran by February 28, 2026?",us-strikes-iran-by-february-28-2026-227-967-547-688-589-491-592-418-452-924-384-915-464-672-196-157-993-596-269-535-381-391-471-256-988-997-296-225-762-973-292-827-345-182-558-215-794-879-189-761,us-strikes-iran-by,Yes,0,moonthat,4999.99996
0x842ac934cfff1467f27c167c42c318001e407422,BUY,0x3488f31e6449f9803f99a8b5dd232c7ad883637f1c86e6953305a2ef19c77f20,5063.009,0.987555015604357,1772263611,"US strikes Iran by February 28, 2026?",us-strikes-iran-by-february-28-2026-227-967-547-688-589-491-592-418-452-924-384-915-464-672-196-157-993-596-269-535-381-391-471-256-988-997-296-225-762-973-292-827-345-182-558-215-794-879-189-761,us-strikes-iran-by,Yes,0,ChompChomp888,4999.999932
0x28b340ecf1a193607e177312849bfc2f79a730c8,SELL,0x3488f31e6449f9803f99a8b5dd232c7ad883637f1c86e6953305a2ef19c77f20,4999.0,0.998,1772264533,"US strikes Iran by February 28, 2026?",us-strikes-iran-by-february-28-2026-227-967-547-688-589-491-592-418-452-924-384-915-464-672-196-157-993-596-269-535-381-391-471-256-988-997-296-225-762-973-292-827-345-182-558-215-794-879-189-761,us-strikes-iran-by,Yes,0,Numberone11,4989.002
0xc6ecd0ecd8e04338c3c98dd364b8155dc596f735,BUY,0x3488f31e6449f9803f99a8b5dd232c7ad883637f1c86e6953305a2ef19c77f20,4987.377,0.999,1772268817,"US strikes Iran by February 28, 2026?",us-strikes-iran-by-february-28-2026-227-967-547-688-589-491-592-418-452-924-384-915-464-672-196-157-993-596-269-535-381-391-471-256-988-997-296-225-762-973-292-827-345-182-558-215-794-879-189-761,us-strikes-iran-by,Yes,0,katarina-ever,4982.389623
0xc757850237e266d3b08d16b8455777a88590ccfc,BUY,0x3488f31e6449f9803f99a8b5dd232c7ad883637f1c86e6953305a2ef19c77f20,5000.0,0.994,1772263879,"US strikes Iran by February 28, 2026?",us-strikes-iran-by-february-28-2026-227-967-547-688-589-491-592-418-452-924-384-915-464-672-196-157-993-596-269-535-381-391-471-256-988-997-296-225-762-973-292-827-345-182-558-215-794-879-189-761,us-strikes-iran-by,Yes,0,tianjiyuyunzhilu,4970.0
0x0b219cf3d297991b58361dbebdbaa91e56b8deb6,BUY,0x3488f31e6449f9803f99a8b5dd232c7ad883637f1c86e6953305a2ef19c77f20,5000.0,0.987,1772263393,"US strikes Iran by February 28, 2026?",us-strikes-iran-by-february-28-2026-227-967-547-688-589-491-592-418-452-924-384-915-464-672-196-157-993-596-269-535-381-391-471-256-988-997-296-225-762-973-292-827-345-182-558-215-794-879-189-761,us-strikes-iran-by,Yes,0,TerreMoto,4935.0
0xd3acfbf173452e1a73f976b2fd543d203e11c991,SELL,0x3488f31e6449f9803f99a8b5dd232c7ad883637f1c86e6953305a2ef19c77f20,5000.0,0.985,1772263345,"US strikes Iran by February 28, 2026?",us-strikes-iran-by-february-28-2026-227-967-547-688-589-491-592-418-452-924-384-915-464-672-196-157-993-596-269-535-381-391-471-256-988-997-296-225-762-973-292-827-345-182-558-215-794-879-189-761,us-strikes-iran-by,Yes,0,op40,4925.0
0xcaf6b10e5b06e01d32d050f4a88e7ae086140bb9,BUY,0x3488f31e6449f9803f99a8b5dd232c7ad883637f1c86e6953305a2ef19c77f20,4900.0,0.999,1772268625,"US strikes Iran by February 28, 2026?",us-strikes-iran-by-february-28-2026-227-967-547-688-589-491-592-418-452-924-384-915-464-672-196-157-993-596-269-535-381-391-471-256-988-997-296-225-762-973-292-827-345-182-558-215-794-879-189-761,us-strikes-iran-by,Yes,0,bkdigital,4895.1
0x2476cb27ed61c647822a01b9bd24dfee30abc49e,SELL,0x3488f31e6449f9803f99a8b5dd232c7ad883637f1c86e6953305a2ef19c77f20,4793.57,0.999,1772267411,"US strikes Iran by February 28, 2026?",us-strikes-iran-by-february-28-2026-227-967-547-688-589-491-592-418-452-924-384-915-464-672-196-157-993-596-269-535-381-391-471-256-988-997-296-225-762-973-292-827-345-182-558-215-794-879-189-761,us-strikes-iran-by,Yes,0,0x2476CB27Ed61c647822A01B9bd24dFEe30abC49E-1771162402856,4788.77643
0x701187150980c2421bc3c87a74dbdef31d75c6da,SELL,0x3488f31e6449f9803f99a8b5dd232c7ad883637f1c86e6953305a2ef19c77f20,4536.0,0.998,1772264691,"US strikes Iran by February 28, 2026?",us-strikes-iran-by-february-28-2026-227-967-547-688-589-491-592-418-452-924-384-915-464-672-196-157-993-596-269-535-381-391-471-256-988-997-296-225-762-973-292-827-345-182-558-215-794-879-189-761,us-strikes-iran-by,Yes,0,Electricy,4526.928
0xd9ad841f52d4b277e2ff291067338cd89e606e72,BUY,0x3488f31e6449f9803f99a8b5dd232c7ad883637f1c86e6953305a2ef19c77f20,4500.0,0.998,1772264735,"US strikes Iran by February 28, 2026?",us-strikes-iran-by-february-28-2026-227-967-547-688-589-491-592-418-452-924-384-915-464-672-196-157-993-596-269-535-381-391-471-256-988-997-296-225-762-973-292-827-345-182-558-215-794-879-189-761,us-strikes-iran-by,Yes,0,KeyneSOL,4491.0
0xd9ad841f52d4b277e2ff291067338cd89e606e72,SELL,0x3488f31e6449f9803f99a8b5dd232c7ad883637f1c86e6953305a2ef19c77f20,4500.0,0.998,1772264981,"US strikes Iran by February 28, 2026?",us-strikes-iran-by-february-28-2026-227-967-547-688-589-491-592-418-452-924-384-915-464-672-196-157-993-596-269-535-381-391-471-256-988-997-296-225-762-973-292-827-345-182-558-215-794-879-189-761,us-strikes-iran-by,Yes,0,KeyneSOL,4491.0
0x7d2299a379eb0b1c6077c7c419a383da6fb7f0cf,BUY,0x3488f31e6449f9803f99a8b5dd232c7ad883637f1c86e6953305a2ef19c77f20,4429.36,0.998,1772264485,"US strikes Iran by February 28, 2026?",us-strikes-iran-by-february-28-2026-227-967-547-688-589-491-592-418-452-924-384-915-464-672-196-157-993-596-269-535-381-391-471-256-988-997-296-225-762-973-292-827-345-182-558-215-794-879-189-761,us-strikes-iran-by,Yes,0,Qtyu,4420.5012799999995
0x28b340ecf1a193607e177312849bfc2f79a730c8,BUY,0x3488f31e6449f9803f99a8b5dd232c7ad883637f1c86e6953305a2ef19c77f20,4372.67,0.998,1772264509,"US strikes Iran by February 28, 2026?",us-strikes-iran-by-february-28-2026-227-967-547-688-589-491-592-418-452-924-384-915-464-672-196-157-993-596-269-535-381-391-471-256-988-997-296-225-762-973-292-827-345-182-558-215-794-879-189-761,us-strikes-iran-by,Yes,0,Numberone11,4363.92466
0xd624b366431e9f52d0b5dc44d0315c66dc76a0f8,SELL,0x3488f31e6449f9803f99a8b5dd232c7ad883637f1c86e6953305a2ef19c77f20,4313.61,0.999,1772268149,"US strikes Iran by February 28, 2026?",us-strikes-iran-by-february-28-2026-227-967-547-688-589-491-592-418-452-924-384-915-464-672-196-157-993-596-269-535-381-391-471-256-988-997-296-225-762-973-292-827-345-182-558-215-794-879-189-761,us-strikes-iran-by,Yes,0,stony169,4309.2963899999995
0x40cfb29411d29f4fa0908f2a121297042cccd21d,SELL,0x3488f31e6449f9803f99a8b5dd232c7ad883637f1c86e6953305a2ef19c77f20,4312.45,0.998,1772268359,"US strikes Iran by February 28, 2026?",us-strikes-iran-by-february-28-2026-227-967-547-688-589-491-592-418-452-924-384-915-464-672-196-157-993-596-269-535-381-391-471-256-988-997-296-225-762-973-292-827-345-182-558-215-794-879-189-761,us-strikes-iran-by,Yes,0,fsavhlc,4303.8251
0x3fb5fed73d3df76ad910f080b8ef0825b76b4f02,SELL,0x3488f31e6449f9803f99a8b5dd232c7ad883637f1c86e6953305a2ef19c77f20,4060.0,0.999,1772271129,"US strikes Iran by February 28, 2026?",us-strikes-iran-by-february-28-2026-227-967-547-688-589-491-592-418-452-924-384-915-464-672-196-157-993-596-269-535-381-391-471-256-988-997-296-225-762-973-292-827-345-182-558-215-794-879-189-761,us-strikes-iran-by,Yes,0,0x3fB5fED73D3DF76AD910F080B8EF0825b76b4F02-1772281221587,4055.94
0x71eccc269fe6d2969b404e862f9e4a119f2ce48c,SELL,0x3488f31e6449f9803f99a8b5dd232c7ad883637f1c86e6953305a2ef19c77f20,4060.61,0.998,1772266071,"US strikes Iran by February 28, 2026?",us-strikes-iran-by-february-28-2026-227-967-547-688-589-491-592-418-452-924-384-915-464-672-196-157-993-596-269-535-381-391-471-256-988-997-296-225-762-973-292-827-345-182-558-215-794-879-189-761,us-strikes-iran-by,Yes,0,EIN-,4052.48878
0xfc4afa115eb5aafc04afbe256a57949bc819126f,SELL,0x3488f31e6449f9803f99a8b5dd232c7ad883637f1c86e6953305a2ef19c77f20,4007.54,0.998,1772265075,"US strikes Iran by February 28, 2026?",us-strikes-iran-by-february-28-2026-227-967-547-688-589-491-592-418-452-924-384-915-464-672-196-157-993-596-269-535-381-391-471-256-988-997-296-225-762-973-292-827-345-182-558-215-794-879-189-761,us-strikes-iran-by,Yes,0,0xfc4aFA115eb5aaFc04aFBE256A57949Bc819126f-1772259189963,3999.52492
0xa6d9b55a6a3a54a9d50ca94c64f00af69c50fd2f,BUY,0x3488f31e6449f9803f99a8b5dd232c7ad883637f1c86e6953305a2ef19c77f20,4000.0,0.999,1772265813,"US strikes Iran by February 28, 2026?",us-strikes-iran-by-february-28-2026-227-967-547-688-589-491-592-418-452-924-384-915-464-672-196-157-993-596-269-535-381-391-471-256-988-997-296-225-762-973-292-827-345-182-558-215-794-879-189-761,us-strikes-iran-by,Yes,0,kinderSman,3996.0
0x60cf88f42edd8e20cc2963fdb04eb5282b41425c,SELL,0x3488f31e6449f9803f99a8b5dd232c7ad883637f1c86e6953305a2ef19c77f20,4000.0,0.998,1772265651,"US strikes Iran by February 28, 2026?",us-strikes-iran-by-february-28-2026-227-967-547-688-589-491-592-418-452-924-384-915-464-672-196-157-993-596-269-535-381-391-471-256-988-997-296-225-762-973-292-827-345-182-558-215-794-879-189-761,us-strikes-iran-by,Yes,0,tomharper,3992.0
0x5f8a9467168b315f94c2694492bd3c327f899506,SELL,0x3488f31e6449f9803f99a8b5dd232c7ad883637f1c86e6953305a2ef19c77f20,3952.21,0.999,1772270513,"US strikes Iran by February 28, 2026?",us-strikes-iran-by-february-28-2026-227-967-547-688-589-491-592-418-452-924-384-915-464-672-196-157-993-596-269-535-381-391-471-256-988-997-296-225-762-973-292-827-345-182-558-215-794-879-189-761,us-strikes-iran-by,Yes,0,Swerdlowzac,3948.25779
0xc7a778043fab3ca910fbf95a2f4956cc727f9f02,BUY,0x3488f31e6449f9803f99a8b5dd232c7ad883637f1c86e6953305a2ef19c77f20,3896.7635,0.998,1772264571,"US strikes Iran by February 28, 2026?",us-strikes-iran-by-february-28-2026-227-967-547-688-589-491-592-418-452-924-384-915-464-672-196-157-993-596-269-535-381-391-471-256-988-997-296-225-762-973-292-827-345-182-558-215-794-879-189-761,us-strikes-iran-by,Yes,0,Nifteguy,3888.969973
0xcccc224eb972f3f245245bd3ad8468d48413dbdd,BUY,0x3488f31e6449f9803f99a8b5dd232c7ad883637f1c86e6953305a2ef19c77f20,3886.27,0.998,1772264407,"US strikes Iran by February 28, 2026?",us-strikes-iran-by-february-28-2026-227-967-547-688-589-491-592-418-452-924-384-915-464-672-196-157-993-596-269-535-381-391-471-256-988-997-296-225-762-973-292-827-345-182-558-215-794-879-189-761,us-strikes-iran-by,Yes,0,oblivious,3878.49746
0x4d1de18e209968c2732cd39fcad91548eee75aa0,SELL,0x3488f31e6449f9803f99a8b5dd232c7ad883637f1c86e6953305a2ef19c77f20,3867.45,0.999,1772270905,"US strikes Iran by February 28, 2026?",us-strikes-iran-by-february-28-2026-227-967-547-688-589-491-592-418-452-924-384-915-464-672-196-157-993-596-269-535-381-391-471-256-988-997-296-225-762-973-292-827-345-182-558-215-794-879-189-761,us-strikes-iran-by,Yes,0,ChicoAlves04,3863.5825499999996
0xdae6349433286ec4034e61c79698447d4f7ce440,SELL,0x3488f31e6449f9803f99a8b5dd232c7ad883637f1c86e6953305a2ef19c77f20,3846.81,0.998,1772266119,"US strikes Iran by February 28, 2026?",us-strikes-iran-by-february-28-2026-227-967-547-688-589-491-592-418-452-924-384-915-464-672-196-157-993-596-269-535-381-391-471-256-988-997-296-225-762-973-292-827-345-182-558-215-794-879-189-761,us-strikes-iran-by,Yes,0,IceWindL,3839.11638
0x0c4b64af62a0ac3dd477e9f80ec3eaa18e92f6db,BUY,0x3488f31e6449f9803f99a8b5dd232c7ad883637f1c86e6953305a2ef19c77f20,3758.06,0.998,1772264125,"US strikes Iran by February 28, 2026?",us-strikes-iran-by-february-28-2026-227-967-547-688-589-491-592-418-452-924-384-915-464-672-196-157-993-596-269-535-381-391-471-256-988-997-296-225-762-973-292-827-345-182-558-215-794-879-189-761,us-strikes-iran-by,Yes,0,UwO,3750.5438799999997
0x6539b5dae88bbfb91f88773a0b8ffc20b500ad73,SELL,0x3488f31e6449f9803f99a8b5dd232c7ad883637f1c86e6953305a2ef19c77f20,3714.28,0.997,1772264073,"US strikes Iran by February 28, 2026?",us-strikes-iran-by-february-28-2026-227-967-547-688-589-491-592-418-452-924-384-915-464-672-196-157-993-596-269-535-381-391-471-256-988-997-296-225-762-973-292-827-345-182-558-215-794-879-189-761,us-strikes-iran-by,Yes,0,,3703.13716
0xa7c1f914724f1c37a1e723ce5c9ac295ec8e0193,SELL,0x3488f31e6449f9803f99a8b5dd232c7ad883637f1c86e6953305a2ef19c77f20,3689.03,0.999,1772270453,"US strikes Iran by February 28, 2026?",us-strikes-iran-by-february-28-2026-227-967-547-688-589-491-592-418-452-924-384-915-464-672-196-157-993-596-269-535-381-391-471-256-988-997-296-225-762-973-292-827-345-182-558-215-794-879-189-761,us-strikes-iran-by,Yes,0,bigtoetiger,3685.34097
0xd496b21804bf5bb8c9084633a83ad29a954633d7,SELL,0x3488f31e6449f9803f99a8b5dd232c7ad883637f1c86e6953305a2ef19c77f20,3655.55,0.986,1772263397,"US strikes Iran by February 28, 2026?",us-strikes-iran-by-february-28-2026-227-967-547-688-589-491-592-418-452-924-384-915-464-672-196-157-993-596-269-535-381-391-471-256-988-997-296-225-762-973-292-827-345-182-558-215-794-879-189-761,us-strikes-iran-by,Yes,0,0xD496b21804bF5bB8c9084633a83AD29a954633D7-1769193460474,3604.3723
0x3a8ba64de5622c1d6451956e71049ae98e14ffbe,SELL,0x3488f31e6449f9803f99a8b5dd232c7ad883637f1c86e6953305a2ef19c77f20,3529.45,0.998,1772265177,"US strikes Iran by February 28, 2026?",us-strikes-iran-by-february-28-2026-227-967-547-688-589-491-592-418-452-924-384-915-464-672-196-157-993-596-269-535-381-391-471-256-988-997-296-225-762-973-292-827-345-182-558-215-794-879-189-761,us-strikes-iran-by,Yes,0,monarchioo,3522.3911
0xd2b7851f215ee6eaaefbe57f7f907b692f221622,SELL,0x3488f31e6449f9803f99a8b5dd232c7ad883637f1c86e6953305a2ef19c77f20,3504.03,0.998,1772265285,"US strikes Iran by February 28, 2026?",us-strikes-iran-by-february-28-2026-227-967-547-688-589-491-592-418-452-924-384-915-464-672-196-157-993-596-269-535-381-391-471-256-988-997-296-225-762-973-292-827-345-182-558-215-794-879-189-761,us-strikes-iran-by,Yes,0,,3497.02194
0x09318b769a1e504d980a42f30cadc9230cc5c3ae,SELL,0x3488f31e6449f9803f99a8b5dd232c7ad883637f1c86e6953305a2ef19c77f20,3500.0,0.998,1772266357,"US strikes Iran by February 28, 2026?",us-strikes-iran-by-february-28-2026-227-967-547-688-589-491-592-418-452-924-384-915-464-672-196-157-993-596-269-535-381-391-471-256-988-997-296-225-762-973-292-827-345-182-558-215-794-879-189-761,us-strikes-iran-by,Yes,0,dehney,3493.0
0xd13375c98e34346c7ae117808fdc2e789521972c,SELL,0x3488f31e6449f9803f99a8b5dd232c7ad883637f1c86e6953305a2ef19c77f20,3373.27,0.998,1772265515,"US strikes Iran by February 28, 2026?",us-strikes-iran-by-february-28-2026-227-967-547-688-589-491-592-418-452-924-384-915-464-672-196-157-993-596-269-535-381-391-471-256-988-997-296-225-762-973-292-827-345-182-558-215-794-879-189-761,us-strikes-iran-by,Yes,0,0xd13375C98e34346C7ae117808FDC2E789521972C-1765184700696,3366.52346
0xfe032d6324fd345a5c0569424a0207349964f14f,SELL,0x3488f31e6449f9803f99a8b5dd232c7ad883637f1c86e6953305a2ef19c77f20,3369.79,0.998,1772263991,"US strikes Iran by February 28, 2026?",us-strikes-iran-by-february-28-2026-227-967-547-688-589-491-592-418-452-924-384-915-464-672-196-157-993-596-269-535-381-391-471-256-988-997-296-225-762-973-292-827-345-182-558-215-794-879-189-761,us-strikes-iran-by,Yes,0,KKchallenge,3363.05042
0x94336f986328b1a6db8df7b8915da82092a951f3,SELL,0x3488f31e6449f9803f99a8b5dd232c7ad883637f1c86e6953305a2ef19c77f20,3360.03,0.999,1772267845,"US strikes Iran by February 28, 2026?",us-strikes-iran-by-february-28-2026-227-967-547-688-589-491-592-418-452-924-384-915-464-672-196-157-993-596-269-535-381-391-471-256-988-997-296-225-762-973-292-827-345-182-558-215-794-879-189-761,us-strikes-iran-by,Yes,0,TheNihilistPenguin,3356.6699700000004
0xcddc2dfcdfe2e518a7b4414b5395dd123fb1217c,SELL,0x3488f31e6449f9803f99a8b5dd232c7ad883637f1c86e6953305a2ef19c77f20,3333.33,0.999,1772270355,"US strikes Iran by February 28, 2026?",us-strikes-iran-by-february-28-2026-227-967-547-688-589-491-592-418-452-924-384-915-464-672-196-157-993-596-269-535-381-391-471-256-988-997-296-225-762-973-292-827-345-182-558-215-794-879-189-761,us-strikes-iran-by,Yes,0,Lordnever,3329.99667
0x28b340ecf1a193607e177312849bfc2f79a730c8,BUY,0x3488f31e6449f9803f99a8b5dd232c7ad883637f1c86e6953305a2ef19c77f20,3237.41,0.998,1772264373,"US strikes Iran by February 28, 2026?",us-strikes-iran-by-february-28-2026-227-967-547-688-589-491-592-418-452-924-384-915-464-672-196-157-993-596-269-535-381-391-471-256-988-997-296-225-762-973-292-827-345-182-558-215-794-879-189-761,us-strikes-iran-by,Yes,0,Numberone11,3230.93518
0x514cf9a518705d0e10b1a24cb7789e61e9d52485,SELL,0x3488f31e6449f9803f99a8b5dd232c7ad883637f1c86e6953305a2ef19c77f20,3138.38,0.998,1772269063,"US strikes Iran by February 28, 2026?",us-strikes-iran-by-february-28-2026-227-967-547-688-589-491-592-418-452-924-384-915-464-672-196-157-993-596-269-535-381-391-471-256-988-997-296-225-762-973-292-827-345-182-558-215-794-879-189-761,us-strikes-iran-by,Yes,0,BarkCuban,3132.10324
0x9aec7caebac3baa4078f2b2c27552910a6b09ecd,SELL,0x3488f31e6449f9803f99a8b5dd232c7ad883637f1c86e6953305a2ef19c77f20,3125.0,0.998,1772265479,"US strikes Iran by February 28, 2026?",us-strikes-iran-by-february-28-2026-227-967-547-688-589-491-592-418-452-924-384-915-464-672-196-157-993-596-269-535-381-391-471-256-988-997-296-225-762-973-292-827-345-182-558-215-794-879-189-761,us-strikes-iran-by,Yes,0,0x9AEc7CAebAc3bAa4078F2b2C27552910A6B09ecD-1768683214218,3118.75
0x160e45540efe934e88e2da7f78ace7bc733040f2,SELL,0x3488f31e6449f9803f99a8b5dd232c7ad883637f1c86e6953305a2ef19c77f20,3125.0,0.986,1772263515,"US strikes Iran by February 28, 2026?",us-strikes-iran-by-february-28-2026-227-967-547-688-589-491-592-418-452-924-384-915-464-672-196-157-993-596-269-535-381-391-471-256-988-997-296-225-762-973-292-827-345-182-558-215-794-879-189-761,us-strikes-iran-by,Yes,0,0x160e45540eFE934E88E2dA7F78aCe7bC733040F2-1772214392192,3081.25
0x842ac934cfff1467f27c167c42c318001e407422,BUY,0x3488f31e6449f9803f99a8b5dd232c7ad883637f1c86e6953305a2ef19c77f20,3030.303029,0.9899999997657,1772263741,"US strikes Iran by February 28, 2026?",us-strikes-iran-by-february-28-2026-227-967-547-688-589-491-592-418-452-924-384-915-464-672-196-157-993-596-269-535-381-391-471-256-988-997-296-225-762-973-292-827-345-182-558-215-794-879-189-761,us-strikes-iran-by,Yes,0,ChompChomp888,2999.9999980000002
0x842ac934cfff1467f27c167c42c318001e407422,BUY,0x3488f31e6449f9803f99a8b5dd232c7ad883637f1c86e6953305a2ef19c77f20,3036.91125,0.9878457841005397,1772263625,"US strikes Iran by February 28, 2026?",us-strikes-iran-by-february-28-2026-227-967-547-688-589-491-592-418-452-924-384-915-464-672-196-157-993-596-269-535-381-391-471-256-988-997-296-225-762-973-292-827-345-182-558-215-794-879-189-761,us-strikes-iran-by,Yes,0,ChompChomp888,2999.999975
0x92a6294cd55b9c6ccd57efaffc365ad943118b84,SELL,0x3488f31e6449f9803f99a8b5dd232c7ad883637f1c86e6953305a2ef19c77f20,3003.0,0.999,1772270595,"US strikes Iran by February 28, 2026?",us-strikes-iran-by-february-28-2026-227-967-547-688-589-491-592-418-452-924-384-915-464-672-196-157-993-596-269-535-381-391-471-256-988-997-296-225-762-973-292-827-345-182-558-215-794-879-189-761,us-strikes-iran-by,Yes,0,Trustinghorse,2999.997
0xa0c37cb0587b0dd1542f794bcfa345762bba5b9a,BUY,0x3488f31e6449f9803f99a8b5dd232c7ad883637f1c86e6953305a2ef19c77f20,3000.0,0.999,1772265685,"US strikes Iran by February 28, 2026?",us-strikes-iran-by-february-28-2026-227-967-547-688-589-491-592-418-452-924-384-915-464-672-196-157-993-596-269-535-381-391-471-256-988-997-296-225-762-973-292-827-345-182-558-215-794-879-189-761,us-strikes-iran-by,Yes,0,kukubaja,2997.0
0x991b8cdcdc18b74eef8db47a9e89ff0f17a4f19a,SELL,0x3488f31e6449f9803f99a8b5dd232c7ad883637f1c86e6953305a2ef19c77f20,3000.0,0.998,1772266795,"US strikes Iran by February 28, 2026?",us-strikes-iran-by-february-28-2026-227-967-547-688-589-491-592-418-452-924-384-915-464-672-196-157-993-596-269-535-381-391-471-256-988-997-296-225-762-973-292-827-345-182-558-215-794-879-189-761,us-strikes-iran-by,Yes,0,eagle1001,2994.0
0x1b7343a25be1b4f9ef870846e3122a9330999e2a,BUY,0x3488f31e6449f9803f99a8b5dd232c7ad883637f1c86e6953305a2ef19c77f20,2988.0,0.999,1772265771,"US strikes Iran by February 28, 2026?",us-strikes-iran-by-february-28-2026-227-967-547-688-589-491-592-418-452-924-384-915-464-672-196-157-993-596-269-535-381-391-471-256-988-997-296-225-762-973-292-827-345-182-558-215-794-879-189-761,us-strikes-iran-by,Yes,0,quanjird - 4606,2985.012
0xdb1b125189913bf03405e74cbf47273b4466efb5,BUY,0x3488f31e6449f9803f99a8b5dd232c7ad883637f1c86e6953305a2ef19c77f20,3000.0,0.988,1772263711,"US strikes Iran by February 28, 2026?",us-strikes-iran-by-february-28-2026-227-967-547-688-589-491-592-418-452-924-384-915-464-672-196-157-993-596-269-535-381-391-471-256-988-997-296-225-762-973-292-827-345-182-558-215-794-879-189-761,us-strikes-iran-by,Yes,0,hack-vc,2964.0
0xeade74c3ed8524027cacde41d6f527ce298ef26d,SELL,0x3488f31e6449f9803f99a8b5dd232c7ad883637f1c86e6953305a2ef19c77f20,2936.63,0.998,1772268431,"US strikes Iran by February 28, 2026?",us-strikes-iran-by-february-28-2026-227-967-547-688-589-491-592-418-452-924-384-915-464-672-196-157-993-596-269-535-381-391-471-256-988-997-296-225-762-973-292-827-345-182-558-215-794-879-189-761,us-strikes-iran-by,Yes,0,0xEaDe74c3ED8524027cACDe41D6f527CE298eF26D-1769690413356,2930.7567400000003
0xb8fe807aa951e35af53fd0fee36abc303864ce76,BUY,0x3488f31e6449f9803f99a8b5dd232c7ad883637f1c86e6953305a2ef19c77f20,2875.0,0.998,1772264033,"US strikes Iran by February 28, 2026?",us-strikes-iran-by-february-28-2026-227-967-547-688-589-491-592-418-452-924-384-915-464-672-196-157-993-596-269-535-381-391-471-256-988-997-296-225-762-973-292-827-345-182-558-215-794-879-189-761,us-strikes-iran-by,Yes,0,CaptainCoinflip,2869.25
0x5cc9cd0b0b97cb4bc544dc78e1ec11a629d632ce,SELL,0x3488f31e6449f9803f99a8b5dd232c7ad883637f1c86e6953305a2ef19c77f20,2873.07,0.998,1772265371,"US strikes Iran by February 28, 2026?",us-strikes-iran-by-february-28-2026-227-967-547-688-589-491-592-418-452-924-384-915-464-672-196-157-993-596-269-535-381-391-471-256-988-997-296-225-762-973-292-827-345-182-558-215-794-879-189-761,us-strikes-iran-by,Yes,0,NotoriousBIG1,2867.32386
0x122cdd9db64fd8dc3ebab813218e3effe21f821f,BUY,0x3488f31e6449f9803f99a8b5dd232c7ad883637f1c86e6953305a2ef19c77f20,2869.91,0.987,1772263441,"US strikes Iran by February 28, 2026?",us-strikes-iran-by-february-28-2026-227-967-547-688-589-491-592-418-452-924-384-915-464-672-196-157-993-596-269-535-381-391-471-256-988-997-296-225-762-973-292-827-345-182-558-215-794-879-189-761,us-strikes-iran-by,Yes,0,okcoolstorybro,2832.60117
0x2a019dc0089ea8c6edbbafc8a7cc9ba77b4b6397,BUY,0x3488f31e6449f9803f99a8b5dd232c7ad883637f1c86e6953305a2ef19c77f20,2870.0,0.986,1772263393,"US strikes Iran by February 28, 2026?",us-strikes-iran-by-february-28-2026-227-967-547-688-589-491-592-418-452-924-384-915-464-672-196-157-993-596-269-535-381-391-471-256-988-997-296-225-762-973-292-827-345-182-558-215-794-879-189-761,us-strikes-iran-by,Yes,0,aviato,2829.82
0xa2848a66a7cba381c18ff6f4b87c74ad33cf49ed,SELL,0x3488f31e6449f9803f99a8b5dd232c7ad883637f1c86e6953305a2ef19c77f20,2810.59,0.998,1772266629,"US strikes Iran by February 28, 2026?",us-strikes-iran-by-february-28-2026-227-967-547-688-589-491-592-418-452-924-384-915-464-672-196-157-993-596-269-535-381-391-471-256-988-997-296-225-762-973-292-827-345-182-558-215-794-879-189-761,us-strikes-iran-by,Yes,0,tanazana,2804.96882
0xabdb30e2a40513f2c40fa48ab3702456786773da,SELL,0x3488f31e6449f9803f99a8b5dd232c7ad883637f1c86e6953305a2ef19c77f20,2760.72,0.999,1772267933,"US strikes Iran by February 28, 2026?",us-strikes-iran-by-february-28-2026-227-967-547-688-589-491-592-418-452-924-384-915-464-672-196-157-993-596-269-535-381-391-471-256-988-997-296-225-762-973-292-827-345-182-558-215-794-879-189-761,us-strikes-iran-by,Yes,0,0xABdB30E2a40513F2c40FA48ab3702456786773DA-1733561678691,2757.9592799999996
0xaec38658ae47a6aabe8839f40e6d7da7996222df,BUY,0x3488f31e6449f9803f99a8b5dd232c7ad883637f1c86e6953305a2ef19c77f20,2702.975666,0.9879999999970402,1772263419,"US strikes Iran by February 28, 2026?",us-strikes-iran-by-february-28-2026-227-967-547-688-589-491-592-418-452-924-384-915-464-672-196-157-993-596-269-535-381-391-471-256-988-997-296-225-762-973-292-827-345-182-558-215-794-879-189-761,us-strikes-iran-by,Yes,0,BarreGuesses,2670.539958
0x0ff8c821b98c6c35c228c0ba0b519d90e087423d,SELL,0x3488f31e6449f9803f99a8b5dd232c7ad883637f1c86e6953305a2ef19c77f20,2657.93,0.999,1772266991,"US strikes Iran by February 28, 2026?",us-strikes-iran-by-february-28-2026-227-967-547-688-589-491-592-418-452-924-384-915-464-672-196-157-993-596-269-535-381-391-471-256-988-997-296-225-762-973-292-827-345-182-558-215-794-879-189-761,us-strikes-iran-by,Yes,0,,2655.27207
0x35b10c410de4f9306a3a91354abe27d4458a8962,SELL,0x3488f31e6449f9803f99a8b5dd232c7ad883637f1c86e6953305a2ef19c77f20,2638.75,0.998,1772265451,"US strikes Iran by February 28, 2026?",us-strikes-iran-by-february-28-2026-227-967-547-688-589-491-592-418-452-924-384-915-464-672-196-157-993-596-269-535-381-391-471-256-988-997-296-225-762-973-292-827-345-182-558-215-794-879-189-761,us-strikes-iran-by,Yes,0,Stami1,2633.4725
0xfe032d6324fd345a5c0569424a0207349964f14f,SELL,0x3488f31e6449f9803f99a8b5dd232c7ad883637f1c86e6953305a2ef19c77f20,2631.2,0.998,1772264895,"US strikes Iran by February 28, 2026?",us-strikes-iran-by-february-28-2026-227-967-547-688-589-491-592-418-452-924-384-915-464-672-196-157-993-596-269-535-381-391-471-256-988-997-296-225-762-973-292-827-345-182-558-215-794-879-189-761,us-strikes-iran-by,Yes,0,KKchallenge,2625.9375999999997
0x8f04852f530e007d335f16db852cc82c5a37d82e,SELL,0x3488f31e6449f9803f99a8b5dd232c7ad883637f1c86e6953305a2ef19c77f20,2574.27,0.998,1772266213,"US strikes Iran by February 28, 2026?",us-strikes-iran-by-february-28-2026-227-967-547-688-589-491-592-418-452-924-384-915-464-672-196-157-993-596-269-535-381-391-471-256-988-997-296-225-762-973-292-827-345-182-558-215-794-879-189-761,us-strikes-iran-by,Yes,0,outsidertrading,2569.12146
0x3596dc4d151661aa5b39aec42b2bf820de4631c9,SELL,0x3488f31e6449f9803f99a8b5dd232c7ad883637f1c86e6953305a2ef19c77f20,2403.33,0.998,1772266435,"US strikes Iran by February 28, 2026?",us-strikes-iran-by-february-28-2026-227-967-547-688-589-491-592-418-452-924-384-915-464-672-196-157-993-596-269-535-381-391-471-256-988-997-296-225-762-973-292-827-345-182-558-215-794-879-189-761,us-strikes-iran-by,Yes,0,0x3596dC4d151661AA5B39aeC42b2BF820DE4631c9-1771793122861,2398.5233399999997
0xe4b341527e27cbbb9095fbeade79becf9cc0eddc,SELL,0x3488f31e6449f9803f99a8b5dd232c7ad883637f1c86e6953305a2ef19c77f20,2387.81,0.998,1772264787,"US strikes Iran by February 28, 2026?",us-strikes-iran-by-february-28-2026-227-967-547-688-589-491-592-418-452-924-384-915-464-672-196-157-993-596-269-535-381-391-471-256-988-997-296-225-762-973-292-827-345-182-558-215-794-879-189-761,us-strikes-iran-by,Yes,0,ntzxcx,2383.03438
0x6484654820b6687fabee368f4d95a2c251fe7d4b,SELL,0x3488f31e6449f9803f99a8b5dd232c7ad883637f1c86e6953305a2ef19c77f20,2292.39,0.998,1772268709,"US strikes Iran by February 28, 2026?",us-strikes-iran-by-february-28-2026-227-967-547-688-589-491-592-418-452-924-384-915-464-672-196-157-993-596-269-535-381-391-471-256-988-997-296-225-762-973-292-827-345-182-558-215-794-879-189-761,us-strikes-iran-by,Yes,0,roastry247,2287.8052199999997
0xd152919b04662fae71fb1ae7af55e974b4bcbc57,BUY,0x3488f31e6449f9803f99a8b5dd232c7ad883637f1c86e6953305a2ef19c77f20,2275.365,0.999,1772264129,"US strikes Iran by February 28, 2026?",us-strikes-iran-by-february-28-2026-227-967-547-688-589-491-592-418-452-924-384-915-464-672-196-157-993-596-269-535-381-391-471-256-988-997-296-225-762-973-292-827-345-182-558-215-794-879-189-761,us-strikes-iran-by,Yes,0,Hakai1,2273.089635
0x6d859acc59c6b9cbddc6474a68081ea30fcdeec7,BUY,0x3488f31e6449f9803f99a8b5dd232c7ad883637f1c86e6953305a2ef19c77f20,2248.5,0.999,1772266315,"US strikes Iran by February 28, 2026?",us-strikes-iran-by-february-28-2026-227-967-547-688-589-491-592-418-452-924-384-915-464-672-196-157-993-596-269-535-381-391-471-256-988-997-296-225-762-973-292-827-345-182-558-215-794-879-189-761,us-strikes-iran-by,Yes,0,cobaltwhisper23,2246.2515
0xe7461927f98f994568411e25e1a3e401f30aff6a,SELL,0x3488f31e6449f9803f99a8b5dd232c7ad883637f1c86e6953305a2ef19c77f20,2221.49,0.999,1772269995,"US strikes Iran by February 28, 2026?",us-strikes-iran-by-february-28-2026-227-967-547-688-589-491-592-418-452-924-384-915-464-672-196-157-993-596-269-535-381-391-471-256-988-997-296-225-762-973-292-827-345-182-558-215-794-879-189-761,us-strikes-iran-by,Yes,0,MatanE,2219.26851
0x780f249bb117d07c981d1c0e5690eb4fbe698955,SELL,0x3488f31e6449f9803f99a8b5dd232c7ad883637f1c86e6953305a2ef19c77f20,2244.89,0.988,1772263733,"US strikes Iran by February 28, 2026?",us-strikes-iran-by-february-28-2026-227-967-547-688-589-491-592-418-452-924-384-915-464-672-196-157-993-596-269-535-381-391-471-256-988-997-296-225-762-973-292-827-345-182-558-215-794-879-189-761,us-strikes-iran-by,Yes,0,dves,2217.9513199999997
0xc53cc621fe60e675558a9f0de1b95d54db98bf59,SELL,0x3488f31e6449f9803f99a8b5dd232c7ad883637f1c86e6953305a2ef19c77f20,2190.4,0.998,1772268709,"US strikes Iran by February 28, 2026?",us-strikes-iran-by-february-28-2026-227-967-547-688-589-491-592-418-452-924-384-915-464-672-196-157-993-596-269-535-381-391-471-256-988-997-296-225-762-973-292-827-345-182-558-215-794-879-189-761,us-strikes-iran-by,Yes,0,beazennu,2186.0192
0x21c52a310ce110d58270e2d5a9676c217a5e3533,BUY,0x3488f31e6449f9803f99a8b5dd232c7ad883637f1c86e6953305a2ef19c77f20,2030.03,0.998,1772264619,"US strikes Iran by February 28, 2026?",us-strikes-iran-by-february-28-2026-227-967-547-688-589-491-592-418-452-924-384-915-464-672-196-157-993-596-269-535-381-391-471-256-988-997-296-225-762-973-292-827-345-182-558-215-794-879-189-761,us-strikes-iran-by,Yes,0,Rin2x,2025.96994
0x5cb193f5024fa4f511f212e2e6f588402c6ec709,BUY,0x3488f31e6449f9803f99a8b5dd232c7ad883637f1c86e6953305a2ef19c77f20,2017.7,0.999,1772265045,"US strikes Iran by February 28, 2026?",us-strikes-iran-by-february-28-2026-227-967-547-688-589-491-592-418-452-924-384-915-464-672-196-157-993-596-269-535-381-391-471-256-988-997-296-225-762-973-292-827-345-182-558-215-794-879-189-761,us-strikes-iran-by,Yes,0,sebert,2015.6823
0xd48a81db62f742c4e42d86dfc23a7ee345366e90,BUY,0x3488f31e6449f9803f99a8b5dd232c7ad883637f1c86e6953305a2ef19c77f20,2026.821307,0.9867667825933311,1772263541,"US strikes Iran by February 28, 2026?",us-strikes-iran-by-february-28-2026-227-967-547-688-589-491-592-418-452-924-384-915-464-672-196-157-993-596-269-535-381-391-471-256-988-997-296-225-762-973-292-827-345-182-558-215-794-879-189-761,us-strikes-iran-by,Yes,0,NiFengFanPan,1999.9999400000002
0x94bde001e4a00152490c60bebe2aab120e8c6184,BUY,0x3488f31e6449f9803f99a8b5dd232c7ad883637f1c86e6953305a2ef19c77f20,2013.078333,0.9935032483408086,1772263873,"US strikes Iran by February 28, 2026?",us-strikes-iran-by-february-28-2026-227-967-547-688-589-491-592-418-452-924-384-915-464-672-196-157-993-596-269-535-381-391-471-256-988-997-296-225-762-973-292-827-345-182-558-215-794-879-189-761,us-strikes-iran-by,Yes,0,xenonliu,1999.999863
0x5b4925ecb03c20642c877ac395c1cf2558445781,SELL,0x3488f31e6449f9803f99a8b5dd232c7ad883637f1c86e6953305a2ef19c77f20,2000.0,0.999,1772270927,"US strikes Iran by February 28, 2026?",us-strikes-iran-by-february-28-2026-227-967-547-688-589-491-592-418-452-924-384-915-464-672-196-157-993-596-269-535-381-391-471-256-988-997-296-225-762-973-292-827-345-182-558-215-794-879-189-761,us-strikes-iran-by,Yes,0,0x5b4925ECb03C20642c877Ac395c1cF2558445781-1771358815523,1998.0
0x92a6294cd55b9c6ccd57efaffc365ad943118b84,SELL,0x3488f31e6449f9803f99a8b5dd232c7ad883637f1c86e6953305a2ef19c77f20,2000.0,0.998,1772265933,"US strikes Iran by February 28, 2026?",us-strikes-iran-by-february-28-2026-227-967-547-688-589-491-592-418-452-924-384-915-464-672-196-157-993-596-269-535-381-391-471-256-988-997-296-225-762-973-292-827-345-182-558-215-794-879-189-761,us-strikes-iran-by,Yes,0,Trustinghorse,1996.0
0xeeea97c183550245abdb1ae1d8ee00f7171aa889,SELL,0x3488f31e6449f9803f99a8b5dd232c7ad883637f1c86e6953305a2ef19c77f20,2000.0,0.998,1772265139,"US strikes Iran by February 28, 2026?",us-strikes-iran-by-february-28-2026-227-967-547-688-589-491-592-418-452-924-384-915-464-672-196-157-993-596-269-535-381-391-471-256-988-997-296-225-762-973-292-827-345-182-558-215-794-879-189-761,us-strikes-iran-by,Yes,0,blurt468,1996.0
0x991b8cdcdc18b74eef8db47a9e89ff0f17a4f19a,SELL,0x3488f31e6449f9803f99a8b5dd232c7ad883637f1c86e6953305a2ef19c77f20,2000.0,0.998,1772266729,"US strikes Iran by February 28, 2026?",us-strikes-iran-by-february-28-2026-227-967-547-688-589-491-592-418-452-924-384-915-464-672-196-157-993-596-269-535-381-391-471-256-988-997-296-225-762-973-292-827-345-182-558-215-794-879-189-761,us-strikes-iran-by,Yes,0,eagle1001,1996.0
0xfe032d6324fd345a5c0569424a0207349964f14f,SELL,0x3488f31e6449f9803f99a8b5dd232c7ad883637f1c86e6953305a2ef19c77f20,1986.01,0.997,1772263963,"US strikes Iran by February 28, 2026?",us-strikes-iran-by-february-28-2026-227-967-547-688-589-491-592-418-452-924-384-915-464-672-196-157-993-596-269-535-381-391-471-256-988-997-296-225-762-973-292-827-345-182-558-215-794-879-189-761,us-strikes-iran-by,Yes,0,KKchallenge,1980.05197
0x9e5c74c0bf46f0bf3fcd1064d17e6201c67fd8e6,SELL,0x3488f31e6449f9803f99a8b5dd232c7ad883637f1c86e6953305a2ef19c77f20,1882.19,0.997,1772264165,"US strikes Iran by February 28, 2026?",us-strikes-iran-by-february-28-2026-227-967-547-688-589-491-592-418-452-924-384-915-464-672-196-157-993-596-269-535-381-391-471-256-988-997-296-225-762-973-292-827-345-182-558-215-794-879-189-761,us-strikes-iran-by,Yes,0,sportbet,1876.54343
0xa74b0edb7c69fbd87b76fec62082098fa3d559a9,SELL,0x3488f31e6449f9803f99a8b5dd232c7ad883637f1c86e6953305a2ef19c77f20,1880.18,0.998,1772266081,"US strikes Iran by February 28, 2026?",us-strikes-iran-by-february-28-2026-227-967-547-688-589-491-592-418-452-924-384-915-464-672-196-157-993-596-269-535-381-391-471-256-988-997-296-225-762-973-292-827-345-182-558-215-794-879-189-761,us-strikes-iran-by,Yes,0,AntonyZahra,1876.41964
0xe1ae4b65a349275a3a19c201cf4b18093465a9dc,SELL,0x3488f31e6449f9803f99a8b5dd232c7ad883637f1c86e6953305a2ef19c77f20,1819.73,0.998,1772264427,"US strikes Iran by February 28, 2026?",us-strikes-iran-by-february-28-2026-227-967-547-688-589-491-592-418-452-924-384-915-464-672-196-157-993-596-269-535-381-391-471-256-988-997-296-225-762-973-292-827-345-182-558-215-794-879-189-761,us-strikes-iran-by,Yes,0,Camel-61,1816.09054
0x7b05f8e36980dffe4d784edf664970e623956180,SELL,0x3488f31e6449f9803f99a8b5dd232c7ad883637f1c86e6953305a2ef19c77f20,1799.99,0.999,1772266845,"US strikes Iran by February 28, 2026?",us-strikes-iran-by-february-28-2026-227-967-547-688-589-491-592-418-452-924-384-915-464-672-196-157-993-596-269-535-381-391-471-256-988-997-296-225-762-973-292-827-345-182-558-215-794-879-189-761,us-strikes-iran-by,Yes,0,LemonBrothers,1798.19001
0xc1db6a1f893830b7f856b1023a8655959056838d,SELL,0x3488f31e6449f9803f99a8b5dd232c7ad883637f1c86e6953305a2ef19c77f20,1785.29,0.9961109063513491,1772264003,"US strikes Iran by February 28, 2026?",us-strikes-iran-by-february-28-2026-227-967-547-688-589-491-592-418-452-924-384-915-464-672-196-157-993-596-269-535-381-391-471-256-988-997-296-225-762-973-292-827-345-182-558-215-794-879-189-761,us-strikes-iran-by,Yes,0,0xc1dB6A1F893830B7f856B1023A8655959056838D-1761246178275,1778.3468400000002
0xb5f3b0daa4df58e8cfbff702b13700a4c45fb4ce,SELL,0x3488f31e6449f9803f99a8b5dd232c7ad883637f1c86e6953305a2ef19c77f20,1769.07,0.999,1772267811,"US strikes Iran by February 28, 2026?",us-strikes-iran-by-february-28-2026-227-967-547-688-589-491-592-418-452-924-384-915-464-672-196-157-993-596-269-535-381-391-471-256-988-997-296-225-762-973-292-827-345-182-558-215-794-879-189-761,us-strikes-iran-by,Yes,0,0xB5f3b0daA4df58e8CFbFf702B13700A4c45fB4Ce-1768175444553,1767.3009299999999
0x6a5941f7630ec046bad457d8706605f5b7181f94,SELL,0x3488f31e6449f9803f99a8b5dd232c7ad883637f1c86e6953305a2ef19c77f20,1760.6,0.998,1772266629,"US strikes Iran by February 28, 2026?",us-strikes-iran-by-february-28-2026-227-967-547-688-589-491-592-418-452-924-384-915-464-672-196-157-993-596-269-535-381-391-471-256-988-997-296-225-762-973-292-827-345-182-558-215-794-879-189-761,us-strikes-iran-by,Yes,0,AlexD04,1757.0788
0xc341702fe1989b05d3317aacf0ed4021067c9a9f,SELL,0x3488f31e6449f9803f99a8b5dd232c7ad883637f1c86e6953305a2ef19c77f20,1777.77,0.987,1772263509,"US strikes Iran by February 28, 2026?",us-strikes-iran-by-february-28-2026-227-967-547-688-589-491-592-418-452-924-384-915-464-672-196-157-993-596-269-535-381-391-471-256-988-997-296-225-762-973-292-827-345-182-558-215-794-879-189-761,us-strikes-iran-by,Yes,0,0xc341702fE1989B05d3317Aacf0eD4021067C9A9F-1770815185511,1754.65899
0xc9158620e7f57e903ce890d15906e875792820c8,SELL,0x3488f31e6449f9803f99a8b5dd232c7ad883637f1c86e6953305a2ef19c77f20,1768.45,0.9887658910345217,1772263753,"US strikes Iran by February 28, 2026?",us-strikes-iran-by-february-28-2026-227-967-547-688-589-491-592-418-452-924-384-915-464-672-196-157-993-596-269-535-381-391-471-256-988-997-296-225-762-973-292-827-345-182-558-215-794-879-189-761,us-strikes-iran-by,Yes,0,megabonkers,1748.58304
0x7d884673a2bffcd2ac20e7c93be3ad8e83a94af7,SELL,0x3488f31e6449f9803f99a8b5dd232c7ad883637f1c86e6953305a2ef19c77f20,1675.49,0.998,1772264801,"US strikes Iran by February 28, 2026?",us-strikes-iran-by-february-28-2026-227-967-547-688-589-491-592-418-452-924-384-915-464-672-196-157-993-596-269-535-381-391-471-256-988-997-296-225-762-973-292-827-345-182-558-215-794-879-189-761,us-strikes-iran-by,Yes,0,Mataty,1672.13902
0x5f82d812ff98372347ac9504a6474f033451463b,SELL,0x3488f31e6449f9803f99a8b5dd232c7ad883637f1c86e6953305a2ef19c77f20,1654.42,0.997,1772264253,"US strikes Iran by February 28, 2026?",us-strikes-iran-by-february-28-2026-227-967-547-688-589-491-592-418-452-924-384-915-464-672-196-157-993-596-269-535-381-391-471-256-988-997-296-225-762-973-292-827-345-182-558-215-794-879-189-761,us-strikes-iran-by,Yes,0,0x5f82d812ff98372347Ac9504A6474F033451463B-1771267953134,1649.45674
0xb366083f47cfb3b2b6e5f44b608704d28c96122f,SELL,0x3488f31e6449f9803f99a8b5dd232c7ad883637f1c86e6953305a2ef19c77f20,1658.39,0.986,1772263559,"US strikes Iran by February 28, 2026?",us-strikes-iran-by-february-28-2026-227-967-547-688-589-491-592-418-452-924-384-915-464-672-196-157-993-596-269-535-381-391-471-256-988-997-296-225-762-973-292-827-345-182-558-215-794-879-189-761,us-strikes-iran-by,Yes,0,0xB366083F47cfb3B2b6E5f44b608704D28C96122f-1770632386903,1635.17254
0xe1aade7ced03d5c64a75d337957ee8bc27715a8f,SELL,0x3488f31e6449f9803f99a8b5dd232c7ad883637f1c86e6953305a2ef19c77f20,1602.94,0.998,1772268331,"US strikes Iran by February 28, 2026?",us-strikes-iran-by-february-28-2026-227-967-547-688-589-491-592-418-452-924-384-915-464-672-196-157-993-596-269-535-381-391-471-256-988-997-296-225-762-973-292-827-345-182-558-215-794-879-189-761,us-strikes-iran-by,Yes,0,0xe1AAdE7CeD03d5C64a75d337957Ee8bc27715a8F-1771403047479,1599.73412
0xed3aadc9805cab85508320d17d5d572c47e19b17,SELL,0x3488f31e6449f9803f99a8b5dd232c7ad883637f1c86e6953305a2ef19c77f20,1586.44,0.999,1772267355,"US strikes Iran by February 28, 2026?",us-strikes-iran-by-february-28-2026-227-967-547-688-589-491-592-418-452-924-384-915-464-672-196-157-993-596-269-535-381-391-471-256-988-997-296-225-762-973-292-827-345-182-558-215-794-879-189-761,us-strikes-iran-by,Yes,0,zwxokx,1584.85356
0x2ae03899f8c9c82f44fa5d986e65cef78142ca1c,BUY,0x3488f31e6449f9803f99a8b5dd232c7ad883637f1c86e6953305a2ef19c77f20,1566.0,0.998,1772264061,"US strikes Iran by February 28, 2026?",us-strikes-iran-by-february-28-2026-227-967-547-688-589-491-592-418-452-924-384-915-464-672-196-157-993-596-269-535-381-391-471-256-988-997-296-225-762-973-292-827-345-182-558-215-794-879-189-761,us-strikes-iran-by,Yes,0,opinoniu,1562.868
0x020ace89136aa5421c4416be027466e2953c2bca,BUY,0x3488f31e6449f9803f99a8b5dd232c7ad883637f1c86e6953305a2ef19c77f20,1501.501,0.999,1772265999,"US strikes Iran by February 28, 2026?",us-strikes-iran-by-february-28-2026-227-967-547-688-589-491-592-418-452-924-384-915-464-672-196-157-993-596-269-535-381-391-471-256-988-997-296-225-762-973-292-827-345-182-558-215-794-879-189-761,us-strikes-iran-by,Yes,0,STARRR,1499.999499
0xeec50edede5d961efb02e20bfd3275dd1e7fb6fe,SELL,0x3488f31e6449f9803f99a8b5dd232c7ad883637f1c86e6953305a2ef19c77f20,1500.0,0.999,1772267803,"US strikes Iran by February 28, 2026?",us-strikes-iran-by-february-28-2026-227-967-547-688-589-491-592-418-452-924-384-915-464-672-196-157-993-596-269-535-381-391-471-256-988-997-296-225-762-973-292-827-345-182-558-215-794-879-189-761,us-strikes-iran-by,Yes,0,Chims,1498.5
0x2d73f7374b7e1d022f0d567f8b3f79620c3b9aad,SELL,0x3488f31e6449f9803f99a8b5dd232c7ad883637f1c86e6953305a2ef19c77f20,1500.0,0.998,1772266257,"US strikes Iran by February 28, 2026?",us-strikes-iran-by-february-28-2026-227-967-547-688-589-491-592-418-452-924-384-915-464-672-196-157-993-596-269-535-381-391-471-256-988-997-296-225-762-973-292-827-345-182-558-215-794-879-189-761,us-strikes-iran-by,Yes,0,Radus94,1497.0
0xebb705228d25735fe83984e4b164ed88934a01f5,BUY,0x3488f31e6449f9803f99a8b5dd232c7ad883637f1c86e6953305a2ef19c77f20,1500.0,0.985,1772263295,"US strikes Iran by February 28, 2026?",us-strikes-iran-by-february-28-2026-227-967-547-688-589-491-592-418-452-924-384-915-464-672-196-157-993-596-269-535-381-391-471-256-988-997-296-225-762-973-292-827-345-182-558-215-794-879-189-761,us-strikes-iran-by,Yes,0,ccc11ttx,1477.5
0x11de663a8567bbf3b07a9b2f5c9f13e4c7cd38c3,SELL,0x3488f31e6449f9803f99a8b5dd232c7ad883637f1c86e6953305a2ef19c77f20,1476.19,0.994,1772263919,"US strikes Iran by February 28, 2026?",us-strikes-iran-by-february-28-2026-227-967-547-688-589-491-592-418-452-924-384-915-464-672-196-157-993-596-269-535-381-391-471-256-988-997-296-225-762-973-292-827-345-182-558-215-794-879-189-761,us-strikes-iran-by,Yes,0,cryptomables,1467.33286
0x9d799d5fbce026308a01f2047861d17f69c6b212,SELL,0x3488f31e6449f9803f99a8b5dd232c7ad883637f1c86e6953305a2ef19c77f20,1444.6,0.998,1772266617,"US strikes Iran by February 28, 2026?",us-strikes-iran-by-february-28-2026-227-967-547-688-589-491-592-418-452-924-384-915-464-672-196-157-993-596-269-535-381-391-471-256-988-997-296-225-762-973-292-827-345-182-558-215-794-879-189-761,us-strikes-iran-by,Yes,0,0x9D799D5FBCE026308A01F2047861D17f69C6B212-1770666217823,1441.7107999999998
0x292a601f23dce479064408cf26a86efb8d87e42f,SELL,0x3488f31e6449f9803f99a8b5dd232c7ad883637f1c86e6953305a2ef19c77f20,1439.04,0.999,1772269317,"US strikes Iran by February 28, 2026?",us-strikes-iran-by-february-28-2026-227-967-547-688-589-491-592-418-452-924-384-915-464-672-196-157-993-596-269-535-381-391-471-256-988-997-296-225-762-973-292-827-345-182-558-215-794-879-189-761,us-strikes-iran-by,Yes,0,Anon98192,1437.60096
0xf91d1198ae29ea97b7fa5e364dbcce167f5d7be5,SELL,0x3488f31e6449f9803f99a8b5dd232c7ad883637f1c86e6953305a2ef19c77f20,1426.56,0.997,1772264603,"US strikes Iran by February 28, 2026?",us-strikes-iran-by-february-28-2026-227-967-547-688-589-491-592-418-452-924-384-915-464-672-196-157-993-596-269-535-381-391-471-256-988-997-296-225-762-973-292-827-345-182-558-215-794-879-189-761,us-strikes-iran-by,Yes,0,0xf91d1198aE29EA97B7fa5E364DBcCE167F5D7bE5-1768240390853,1422.2803199999998
0x7d2299a379eb0b1c6077c7c419a383da6fb7f0cf,BUY,0x3488f31e6449f9803f99a8b5dd232c7ad883637f1c86e6953305a2ef19c77f20,1424.99,0.998,1772264359,"US strikes Iran by February 28, 2026?",us-strikes-iran-by-february-28-2026-227-967-547-688-589-491-592-418-452-924-384-915-464-672-196-157-993-596-269-535-381-391-471-256-988-997-296-225-762-973-292-827-345-182-558-215-794-879-189-761,us-strikes-iran-by,Yes,0,Qtyu,1422.14002
0x9e5c74c0bf46f0bf3fcd1064d17e6201c67fd8e6,SELL,0x3488f31e6449f9803f99a8b5dd232c7ad883637f1c86e6953305a2ef19c77f20,1392.1,0.997,1772264165,"US strikes Iran by February 28, 2026?",us-strikes-iran-by-february-28-2026-227-967-547-688-589-491-592-418-452-924-384-915-464-672-196-157-993-596-269-535-381-391-471-256-988-997-296-225-762-973-292-827-345-182-558-215-794-879-189-761,us-strikes-iran-by,Yes,0,sportbet,1387.9236999999998
0x142ee9f4c797089468654efe1a72d83c19fbf6e4,SELL,0x3488f31e6449f9803f99a8b5dd232c7ad883637f1c86e6953305a2ef19c77f20,1380.0,0.997,1772264553,"US strikes Iran by February 28, 2026?",us-strikes-iran-by-february-28-2026-227-967-547-688-589-491-592-418-452-924-384-915-464-672-196-157-993-596-269-535-381-391-471-256-988-997-296-225-762-973-292-827-345-182-558-215-794-879-189-761,us-strikes-iran-by,Yes,0,Aviv-1768843683914,1375.86
0x78048aa26ac1967566b8ed11910b529e5f2d7025,BUY,0x3488f31e6449f9803f99a8b5dd232c7ad883637f1c86e6953305a2ef19c77f20,1334.23,0.998,1772264633,"US strikes Iran by February 28, 2026?",us-strikes-iran-by-february-28-2026-227-967-547-688-589-491-592-418-452-924-384-915-464-672-196-157-993-596-269-535-381-391-471-256-988-997-296-225-762-973-292-827-345-182-558-215-794-879-189-761,us-strikes-iran-by,Yes,0,HorribleWork,1331.56154
0xa8c251b8ec4fab9f0fdde041b2f53d47f6e16b54,SELL,0x3488f31e6449f9803f99a8b5dd232c7ad883637f1c86e6953305a2ef19c77f20,1330.25,0.998,1772268453,"US strikes Iran by February 28, 2026?",us-strikes-iran-by-february-28-2026-227-967-547-688-589-491-592-418-452-924-384-915-464-672-196-157-993-596-269-535-381-391-471-256-988-997-296-225-762-973-292-827-345-182-558-215-794-879-189-761,us-strikes-iran-by,Yes,0,0xA8C251b8EC4FaB9F0fDDe041b2F53D47F6e16b54-1772145832245,1327.5895
0xb0f762245df7e33589f18c4c80ca3eafe8985d56,SELL,0x3488f31e6449f9803f99a8b5dd232c7ad883637f1c86e6953305a2ef19c77f20,1329.98,0.998,1772265297,"US strikes Iran by February 28, 2026?",us-strikes-iran-by-february-28-2026-227-967-547-688-589-491-592-418-452-924-384-915-464-672-196-157-993-596-269-535-381-391-471-256-988-997-296-225-762-973-292-827-345-182-558-215-794-879-189-761,us-strikes-iran-by,Yes,0,Vitrium,1327.32004
0xcdef2140e97b3628dd473dbaf41fd25162576cfc,SELL,0x3488f31e6449f9803f99a8b5dd232c7ad883637f1c86e6953305a2ef19c77f20,1289.63,0.998,1772264765,"US strikes Iran by February 28, 2026?",us-strikes-iran-by-february-28-2026-227-967-547-688-589-491-592-418-452-924-384-915-464-672-196-157-993-596-269-535-381-391-471-256-988-997-296-225-762-973-292-827-345-182-558-215-794-879-189-761,us-strikes-iran-by,Yes,0,finance523,1287.0507400000001
0xbd712fff32c3d9f14b2a5e2ba109221ae9f2215d,SELL,0x3488f31e6449f9803f99a8b5dd232c7ad883637f1c86e6953305a2ef19c77f20,1299.92,0.985,1772263585,"US strikes Iran by February 28, 2026?",us-strikes-iran-by-february-28-2026-227-967-547-688-589-491-592-418-452-924-384-915-464-672-196-157-993-596-269-535-381-391-471-256-988-997-296-225-762-973-292-827-345-182-558-215-794-879-189-761,us-strikes-iran-by,Yes,0,Hooker999,1280.4212
0x229dea4a74d319e67d18e154f395f165a9f70751,SELL,0x3488f31e6449f9803f99a8b5dd232c7ad883637f1c86e6953305a2ef19c77f20,1244.2,0.999,1772268005,"US strikes Iran by February 28, 2026?",us-strikes-iran-by-february-28-2026-227-967-547-688-589-491-592-418-452-924-384-915-464-672-196-157-993-596-269-535-381-391-471-256-988-997-296-225-762-973-292-827-345-182-558-215-794-879-189-761,us-strikes-iran-by,Yes,0,Tiltnow,1242.9558
0xb88138ca470af0b70c9644819802f20981b258fa,SELL,0x3488f31e6449f9803f99a8b5dd232c7ad883637f1c86e6953305a2ef19c77f20,1244.09,0.999,1772269545,"US strikes Iran by February 28, 2026?",us-strikes-iran-by-february-28-2026-227-967-547-688-589-491-592-418-452-924-384-915-464-672-196-157-993-596-269-535-381-391-471-256-988-997-296-225-762-973-292-827-345-182-558-215-794-879-189-761,us-strikes-iran-by,Yes,0,,1242.84591
0x9aeb534c42b58b21673d5e03e9da14fbd15b2729,SELL,0x3488f31e6449f9803f99a8b5dd232c7ad883637f1c86e6953305a2ef19c77f20,1240.06,0.999,1772269883,"US strikes Iran by February 28, 2026?",us-strikes-iran-by-february-28-2026-227-967-547-688-589-491-592-418-452-924-384-915-464-672-196-157-993-596-269-535-381-391-471-256-988-997-296-225-762-973-292-827-345-182-558-215-794-879-189-761,us-strikes-iran-by,Yes,0,The-Joker,1238.8199399999999
0x9aeb534c42b58b21673d5e03e9da14fbd15b2729,BUY,0x3488f31e6449f9803f99a8b5dd232c7ad883637f1c86e6953305a2ef19c77f20,1239.2,0.999,1772268983,"US strikes Iran by February 28, 2026?",us-strikes-iran-by-february-28-2026-227-967-547-688-589-491-592-418-452-924-384-915-464-672-196-157-993-596-269-535-381-391-471-256-988-997-296-225-762-973-292-827-345-182-558-215-794-879-189-761,us-strikes-iran-by,Yes,0,The-Joker,1237.9608
0xf756de47a0a02909bfbe9795cfbd9b8bb13a29e6,SELL,0x3488f31e6449f9803f99a8b5dd232c7ad883637f1c86e6953305a2ef19c77f20,1240.0,0.998,1772266541,"US strikes Iran by February 28, 2026?",us-strikes-iran-by-february-28-2026-227-967-547-688-589-491-592-418-452-924-384-915-464-672-196-157-993-596-269-535-381-391-471-256-988-997-296-225-762-973-292-827-345-182-558-215-794-879-189-761,us-strikes-iran-by,Yes,0,0xF756de47a0A02909Bfbe9795CFbd9B8bb13a29E6-1763028048330,1237.52
0x34bbdb83726ea94ee150c22616265005109f3f87,SELL,0x3488f31e6449f9803f99a8b5dd232c7ad883637f1c86e6953305a2ef19c77f20,1236.6,0.999,1772269361,"US strikes Iran by February 28, 2026?",us-strikes-iran-by-february-28-2026-227-967-547-688-589-491-592-418-452-924-384-915-464-672-196-157-993-596-269-535-381-391-471-256-988-997-296-225-762-973-292-827-345-182-558-215-794-879-189-761,us-strikes-iran-by,Yes,0,0x34bbdb83726ea94EE150c22616265005109f3F87-1768759302990,1235.3634
0xcaeee96868438c181a077fe9fa1e9cf4beb8890f,SELL,0x3488f31e6449f9803f99a8b5dd232c7ad883637f1c86e6953305a2ef19c77f20,1236.8,0.997,1772264239,"US strikes Iran by February 28, 2026?",us-strikes-iran-by-february-28-2026-227-967-547-688-589-491-592-418-452-924-384-915-464-672-196-157-993-596-269-535-381-391-471-256-988-997-296-225-762-973-292-827-345-182-558-215-794-879-189-761,us-strikes-iran-by,Yes,0,0xcaeee96868438c181A077FE9Fa1E9CF4bEB8890F-1768859775722,1233.0896
0xe765068c567ec6eb93c078b04e71319b43b79cd7,BUY,0x3488f31e6449f9803f99a8b5dd232c7ad883637f1c86e6953305a2ef19c77f20,1216.936,0.999,1772268431,"US strikes Iran by February 28, 2026?",us-strikes-iran-by-february-28-2026-227-967-547-688-589-491-592-418-452-924-384-915-464-672-196-157-993-596-269-535-381-391-471-256-988-997-296-225-762-973-292-827-345-182-558-215-794-879-189-761,us-strikes-iran-by,Yes,0,ersiy,1215.719064
0x8266233bb2c9853c8b49c78c1feb88925ab5203c,BUY,0x3488f31e6449f9803f99a8b5dd232c7ad883637f1c86e6953305a2ef19c77f20,1199.169,0.999,1772266715,"US strikes Iran by February 28, 2026?",us-strikes-iran-by-february-28-2026-227-967-547-688-589-491-592-418-452-924-384-915-464-672-196-157-993-596-269-535-381-391-471-256-988-997-296-225-762-973-292-827-345-182-558-215-794-879-189-761,us-strikes-iran-by,Yes,0,yannai,1197.969831
0x38b650c07bf86d4bc932016e1ae6a02cd1317bac,SELL,0x3488f31e6449f9803f99a8b5dd232c7ad883637f1c86e6953305a2ef19c77f20,1200.0,0.993,1772263827,"US strikes Iran by February 28, 2026?",us-strikes-iran-by-february-28-2026-227-967-547-688-589-491-592-418-452-924-384-915-464-672-196-157-993-596-269-535-381-391-471-256-988-997-296-225-762-973-292-827-345-182-558-215-794-879-189-761,us-strikes-iran-by,Yes,0,Sakali,1191.6
0x72b12f77fd69cfc727c33408ba1afe3768df4f69,SELL,0x3488f31e6449f9803f99a8b5dd232c7ad883637f1c86e6953305a2ef19c77f20,1192.22,0.998,1772268703,"US strikes Iran by February 28, 2026?",us-strikes-iran-by-february-28-2026-227-967-547-688-589-491-592-418-452-924-384-915-464-672-196-157-993-596-269-535-381-391-471-256-988-997-296-225-762-973-292-827-345-182-558-215-794-879-189-761,us-strikes-iran-by,Yes,0,0x72b12f77fd69cfc727C33408bA1afE3768df4f69-1771936776125,1189.83556
0xe5167e6ef8055ab163bb4d6767d9099ff4619333,SELL,0x3488f31e6449f9803f99a8b5dd232c7ad883637f1c86e6953305a2ef19c77f20,1176.47,0.999,1772269243,"US strikes Iran by February 28, 2026?",us-strikes-iran-by-february-28-2026-227-967-547-688-589-491-592-418-452-924-384-915-464-672-196-157-993-596-269-535-381-391-471-256-988-997-296-225-762-973-292-827-345-182-558-215-794-879-189-761,us-strikes-iran-by,Yes,0,TheMadManStanding,1175.29353
0xe9c409e5ec838fd56fd1ded96dfb9e8739ca7ebf,SELL,0x3488f31e6449f9803f99a8b5dd232c7ad883637f1c86e6953305a2ef19c77f20,1176.47,0.998,1772268769,"US strikes Iran by February 28, 2026?",us-strikes-iran-by-february-28-2026-227-967-547-688-589-491-592-418-452-924-384-915-464-672-196-157-993-596-269-535-381-391-471-256-988-997-296-225-762-973-292-827-345-182-558-215-794-879-189-761,us-strikes-iran-by,Yes,0,heimd,1174.11706
0x2a0c5e598698f20e35cce9ff2d0f1d8c1fe2a35a,SELL,0x3488f31e6449f9803f99a8b5dd232c7ad883637f1c86e6953305a2ef19c77f20,1178.71,0.99,1772263813,"US strikes Iran by February 28, 2026?",us-strikes-iran-by-february-28-2026-227-967-547-688-589-491-592-418-452-924-384-915-464-672-196-157-993-596-269-535-381-391-471-256-988-997-296-225-762-973-292-827-345-182-558-215-794-879-189-761,us-strikes-iran-by,Yes,0,Dorzalal,1166.9229
0x872e0b272a382555b38da0f84af413b8b3b5e58f,SELL,0x3488f31e6449f9803f99a8b5dd232c7ad883637f1c86e6953305a2ef19c77f20,1132.39,0.998,1772264095,"US strikes Iran by February 28, 2026?",us-strikes-iran-by-february-28-2026-227-967-547-688-589-491-592-418-452-924-384-915-464-672-196-157-993-596-269-535-381-391-471-256-988-997-296-225-762-973-292-827-345-182-558-215-794-879-189-761,us-strikes-iran-by,Yes,0,0x872E0B272A382555b38da0f84AF413b8b3b5e58f-1770896008022,1130.1252200000001
0xe5371183ff89e878d12f9038ef334c5b8e111eeb,SELL,0x3488f31e6449f9803f99a8b5dd232c7ad883637f1c86e6953305a2ef19c77f20,1111.12,0.9978999928000576,1772264107,"US strikes Iran by February 28, 2026?",us-strikes-iran-by-february-28-2026-227-967-547-688-589-491-592-418-452-924-384-915-464-672-196-157-993-596-269-535-381-391-471-256-988-997-296-225-762-973-292-827-345-182-558-215-794-879-189-761,us-strikes-iran-by,Yes,0,0xe5371183Ff89E878D12f9038eF334c5B8E111EeB-1769683988245,1108.7866399999998
0xdfd3b8fe4af0f07711f7bcdd4d131241325ac3c0,SELL,0x3488f31e6449f9803f99a8b5dd232c7ad883637f1c86e6953305a2ef19c77f20,1108.7,0.998,1772265351,"US strikes Iran by February 28, 2026?",us-strikes-iran-by-february-28-2026-227-967-547-688-589-491-592-418-452-924-384-915-464-672-196-157-993-596-269-535-381-391-471-256-988-997-296-225-762-973-292-827-345-182-558-215-794-879-189-761,us-strikes-iran-by,Yes,0,Luckylukeeeeeeeeee,1106.4826
0x122cdd9db64fd8dc3ebab813218e3effe21f821f,BUY,0x3488f31e6449f9803f99a8b5dd232c7ad883637f1c86e6953305a2ef19c77f20,1111.0,0.987,1772263693,"US strikes Iran by February 28, 2026?",us-strikes-iran-by-february-28-2026-227-967-547-688-589-491-592-418-452-924-384-915-464-672-196-157-993-596-269-535-381-391-471-256-988-997-296-225-762-973-292-827-345-182-558-215-794-879-189-761,us-strikes-iran-by,Yes,0,okcoolstorybro,1096.557
0x486323eae6ab6a6825a6d42cb47ef16d675d121f,SELL,0x3488f31e6449f9803f99a8b5dd232c7ad883637f1c86e6953305a2ef19c77f20,1089.07,0.998,1772266467,"US strikes Iran by February 28, 2026?",us-strikes-iran-by-february-28-2026-227-967-547-688-589-491-592-418-452-924-384-915-464-672-196-157-993-596-269-535-381-391-471-256-988-997-296-225-762-973-292-827-345-182-558-215-794-879-189-761,us-strikes-iran-by,Yes,0,epsteinwasintelligence,1086.89186
0x8711c5174e39de1c1079a385ec25b636ef851d81,SELL,0x3488f31e6449f9803f99a8b5dd232c7ad883637f1c86e6953305a2ef19c77f20,1086.78,0.999,1772267217,"US strikes Iran by February 28, 2026?",us-strikes-iran-by-february-28-2026-227-967-547-688-589-491-592-418-452-924-384-915-464-672-196-157-993-596-269-535-381-391-471-256-988-997-296-225-762-973-292-827-345-182-558-215-794-879-189-761,us-strikes-iran-by,Yes,0,0x8711C5174e39dE1C1079A385ec25b636EF851d81-1767815168977,1085.6932199999999
0xb2e24bfba9cf24507c160659f73d7b5f2537ab51,SELL,0x3488f31e6449f9803f99a8b5dd232c7ad883637f1c86e6953305a2ef19c77f20,100000.0,0.0107886518,1772263455,"US strikes Iran by February 28, 2026?",us-strikes-iran-by-february-28-2026-227-967-547-688-589-491-592-418-452-924-384-915-464-672-196-157-993-596-269-535-381-391-471-256-988-997-296-225-762-973-292-827-345-182-558-215-794-879-189-761,us-strikes-iran-by,No,1,asldasd,1078.86518
0x9cdda449d7cedf1072d74982a5dc2349df3d3e97,SELL,0x3488f31e6449f9803f99a8b5dd232c7ad883637f1c86e6953305a2ef19c77f20,1076.33,0.999,1772269257,"US strikes Iran by February 28, 2026?",us-strikes-iran-by-february-28-2026-227-967-547-688-589-491-592-418-452-924-384-915-464-672-196-157-993-596-269-535-381-391-471-256-988-997-296-225-762-973-292-827-345-182-558-215-794-879-189-761,us-strikes-iran-by,Yes,0,Robbb,1075.2536699999998
0x9cdda449d7cedf1072d74982a5dc2349df3d3e97,SELL,0x3488f31e6449f9803f99a8b5dd232c7ad883637f1c86e6953305a2ef19c77f20,1076.32,0.998,1772266823,"US strikes Iran by February 28, 2026?",us-strikes-iran-by-february-28-2026-227-967-547-688-589-491-592-418-452-924-384-915-464-672-196-157-993-596-269-535-381-391-471-256-988-997-296-225-762-973-292-827-345-182-558-215-794-879-189-761,us-strikes-iran-by,Yes,0,Robbb,1074.16736
0x35786444c2198472b63f462528fc0535455ed9fe,BUY,0x3488f31e6449f9803f99a8b5dd232c7ad883637f1c86e6953305a2ef19c77f20,890662.34,0.0011993770838003546,1772268047,"US strikes Iran by February 28, 2026?",us-strikes-iran-by-february-28-2026-227-967-547-688-589-491-592-418-452-924-384-915-464-672-196-157-993-596-269-535-381-391-471-256-988-997-296-225-762-973-292-827-345-182-558-215-794-879-189-761,us-strikes-iran-by,No,1,Sydhavn,1068.24
0x990655efc3e4ff8d488af70c268e32f5df61c0ae,SELL,0x3488f31e6449f9803f99a8b5dd232c7ad883637f1c86e6953305a2ef19c77f20,1068.4,0.998,1772264249,"US strikes Iran by February 28, 2026?",us-strikes-iran-by-february-28-2026-227-967-547-688-589-491-592-418-452-924-384-915-464-672-196-157-993-596-269-535-381-391-471-256-988-997-296-225-762-973-292-827-345-182-558-215-794-879-189-761,us-strikes-iran-by,Yes,0,titanholo,1066.2632
0x4478d7bd8a295691ac84f60a5ec2b47e122102a4,SELL,0x3488f31e6449f9803f99a8b5dd232c7ad883637f1c86e6953305a2ef19c77f20,1050.0,0.998,1772265215,"US strikes Iran by February 28, 2026?",us-strikes-iran-by-february-28-2026-227-967-547-688-589-491-592-418-452-924-384-915-464-672-196-157-993-596-269-535-381-391-471-256-988-997-296-225-762-973-292-827-345-182-558-215-794-879-189-761,us-strikes-iran-by,Yes,0,Warren-Buffett,1047.9
0x813a8ed0e7fabe4a4609102c24dac72522e30637,SELL,0x3488f31e6449f9803f99a8b5dd232c7ad883637f1c86e6953305a2ef19c77f20,1030.0,0.998,1772266635,"US strikes Iran by February 28, 2026?",us-strikes-iran-by-february-28-2026-227-967-547-688-589-491-592-418-452-924-384-915-464-672-196-157-993-596-269-535-381-391-471-256-988-997-296-225-762-973-292-827-345-182-558-215-794-879-189-761,us-strikes-iran-by,Yes,0,,1027.94
0xda406e9cb4c0c357ff7fef0c0d1e97341b898142,SELL,0x3488f31e6449f9803f99a8b5dd232c7ad883637f1c86e6953305a2ef19c77f20,1030.0,0.998,1772264499,"US strikes Iran by February 28, 2026?",us-strikes-iran-by-february-28-2026-227-967-547-688-589-491-592-418-452-924-384-915-464-672-196-157-993-596-269-535-381-391-471-256-988-997-296-225-762-973-292-827-345-182-558-215-794-879-189-761,us-strikes-iran-by,Yes,0,omin,1027.94
0x377d17f789376dadb1475d49b8bd95c15c7ef71b,SELL,0x3488f31e6449f9803f99a8b5dd232c7ad883637f1c86e6953305a2ef19c77f20,1027.39,0.998,1772264527,"US strikes Iran by February 28, 2026?",us-strikes-iran-by-february-28-2026-227-967-547-688-589-491-592-418-452-924-384-915-464-672-196-157-993-596-269-535-381-391-471-256-988-997-296-225-762-973-292-827-345-182-558-215-794-879-189-761,us-strikes-iran-by,Yes,0,0x377D17f789376dAdb1475d49B8bd95C15C7EF71b-1771270135213,1025.3352200000002
0x481a8094514a44b184ebf4ba8199a9a012b4adc1,SELL,0x3488f31e6449f9803f99a8b5dd232c7ad883637f1c86e6953305a2ef19c77f20,1033.31,0.992,1772263877,"US strikes Iran by February 28, 2026?",us-strikes-iran-by-february-28-2026-227-967-547-688-589-491-592-418-452-924-384-915-464-672-196-157-993-596-269-535-381-391-471-256-988-997-296-225-762-973-292-827-345-182-558-215-794-879-189-761,us-strikes-iran-by,Yes,0,shenron-bnb,1025.04352
0x5495e3de182c994815f1530795cabc19783c6a31,SELL,0x3488f31e6449f9803f99a8b5dd232c7ad883637f1c86e6953305a2ef19c77f20,1019.16,0.997,1772263981,"US strikes Iran by February 28, 2026?",us-strikes-iran-by-february-28-2026-227-967-547-688-589-491-592-418-452-924-384-915-464-672-196-157-993-596-269-535-381-391-471-256-988-997-296-225-762-973-292-827-345-182-558-215-794-879-189-761,us-strikes-iran-by,Yes,0,Leohkh0927,1016.1025199999999
0xaee5269e682a3ad2c538dd1be24fe994bb8c3aca,SELL,0x3488f31e6449f9803f99a8b5dd232c7ad883637f1c86e6953305a2ef19c77f20,1013.21,0.997,1772264081,"US strikes Iran by February 28, 2026?",us-strikes-iran-by-february-28-2026-227-967-547-688-589-491-592-418-452-924-384-915-464-672-196-157-993-596-269-535-381-391-471-256-988-997-296-225-762-973-292-827-345-182-558-215-794-879-189-761,us-strikes-iran-by,Yes,0,Danielash,1010.17037
0x64790233640909f8b99605822c173ff037ad845f,SELL,0x3488f31e6449f9803f99a8b5dd232c7ad883637f1c86e6953305a2ef19c77f20,1010.52,0.997,1772264085,"US strikes Iran by February 28, 2026?",us-strikes-iran-by-february-28-2026-227-967-547-688-589-491-592-418-452-924-384-915-464-672-196-157-993-596-269-535-381-391-471-256-988-997-296-225-762-973-292-827-345-182-558-215-794-879-189-761,us-strikes-iran-by,Yes,0,0x64790233640909f8B99605822c173ff037AD845f-1769618683197,1007.48844
0xd48a81db62f742c4e42d86dfc23a7ee345366e90,BUY,0x3488f31e6449f9803f99a8b5dd232c7ad883637f1c86e6953305a2ef19c77f20,1016.260125,0.984,1772263277,"US strikes Iran by February 28, 2026?",us-strikes-iran-by-february-28-2026-227-967-547-688-589-491-592-418-452-924-384-915-464-672-196-157-993-596-269-535-381-391-471-256-988-997-296-225-762-973-292-827-345-182-558-215-794-879-189-761,us-strikes-iran-by,Yes,0,NiFengFanPan,999.999963
0x842ac934cfff1467f27c167c42c318001e407422,BUY,0x3488f31e6449f9803f99a8b5dd232c7ad883637f1c86e6953305a2ef19c77f20,1013.171153,0.986999999989143,1772263557,"US strikes Iran by February 28, 2026?",us-strikes-iran-by-february-28-2026-227-967-547-688-589-491-592-418-452-924-384-915-464-672-196-157-993-596-269-535-381-391-471-256-988-997-296-225-762-973-292-827-345-182-558-215-794-879-189-761,us-strikes-iran-by,Yes,0,ChompChomp888,999.999928
0x097873704461492d3e23f900e07a8fbb14633137,BUY,0x3488f31e6449f9803f99a8b5dd232c7ad883637f1c86e6953305a2ef19c77f20,1012.145666,0.987999999992096,1772263415,"US strikes Iran by February 28, 2026?",us-strikes-iran-by-february-28-2026-227-967-547-688-589-491-592-418-452-924-384-915-464-672-196-157-993-596-269-535-381-391-471-256-988-997-296-225-762-973-292-827-345-182-558-215-794-879-189-761,us-strikes-iran-by,Yes,0,notawinner99,999.999918
0x842ac934cfff1467f27c167c42c318001e407422,BUY,0x3488f31e6449f9803f99a8b5dd232c7ad883637f1c86e6953305a2ef19c77f20,1012.145666,0.987999999992096,1772263593,"US strikes Iran by February 28, 2026?",us-strikes-iran-by-february-28-2026-227-967-547-688-589-491-592-418-452-924-384-915-464-672-196-157-993-596-269-535-381-391-471-256-988-997-296-225-762-973-292-827-345-182-558-215-794-879-189-761,us-strikes-iran-by,Yes,0,ChompChomp888,999.999918
0x92a6294cd55b9c6ccd57efaffc365ad943118b84,SELL,0x3488f31e6449f9803f99a8b5dd232c7ad883637f1c86e6953305a2ef19c77f20,1000.0,0.999,1772267557,"US strikes Iran by February 28, 2026?",us-strikes-iran-by-february-28-2026-227-967-547-688-589-491-592-418-452-924-384-915-464-672-196-157-993-596-269-535-381-391-471-256-988-997-296-225-762-973-292-827-345-182-558-215-794-879-189-761,us-strikes-iran-by,Yes,0,Trustinghorse,999.0
0xf2ce7b12a3d385ccbdacb5d16bb1596820c65462,BUY,0x3488f31e6449f9803f99a8b5dd232c7ad883637f1c86e6953305a2ef19c77f20,1000.0,0.999,1772264995,"US strikes Iran by February 28, 2026?",us-strikes-iran-by-february-28-2026-227-967-547-688-589-491-592-418-452-924-384-915-464-672-196-157-993-596-269-535-381-391-471-256-988-997-296-225-762-973-292-827-345-182-558-215-794-879-189-761,us-strikes-iran-by,Yes,0,cryptojo,999.0
0xe5a3ddf5584e75e85be218792e8add36af7213a7,SELL,0x3488f31e6449f9803f99a8b5dd232c7ad883637f1c86e6953305a2ef19c77f20,1000.0,0.999,1772267087,"US strikes Iran by February 28, 2026?",us-strikes-iran-by-february-28-2026-227-967-547-688-589-491-592-418-452-924-384-915-464-672-196-157-993-596-269-535-381-391-471-256-988-997-296-225-762-973-292-827-345-182-558-215-794-879-189-761,us-strikes-iran-by,Yes,0,XAVQX,999.0
0xa6d9b55a6a3a54a9d50ca94c64f00af69c50fd2f,BUY,0x3488f31e6449f9803f99a8b5dd232c7ad883637f1c86e6953305a2ef19c77f20,1000.0,0.998,1772264113,"US strikes Iran by February 28, 2026?",us-strikes-iran-by-february-28-2026-227-967-547-688-589-491-592-418-452-924-384-915-464-672-196-157-993-596-269-535-381-391-471-256-988-997-296-225-762-973-292-827-345-182-558-215-794-879-189-761,us-strikes-iran-by,Yes,0,kinderSman,998.0
0xe39783f92ee0985f1ab5fe514030f946825abfcb,SELL,0x3488f31e6449f9803f99a8b5dd232c7ad883637f1c86e6953305a2ef19c77f20,1000.0,0.998,1772266107,"US strikes Iran by February 28, 2026?",us-strikes-iran-by-february-28-2026-227-967-547-688-589-491-592-418-452-924-384-915-464-672-196-157-993-596-269-535-381-391-471-256-988-997-296-225-762-973-292-827-345-182-558-215-794-879-189-761,us-strikes-iran-by,Yes,0,0xE39783F92EE0985f1aB5fe514030f946825abFCb-1763008583582,998.0
0x08458f7e9d2858027de579e4c3ca305475496b6f,BUY,0x3488f31e6449f9803f99a8b5dd232c7ad883637f1c86e6953305a2ef19c77f20,1000.0,0.998,1772264481,"US strikes Iran by February 28, 2026?",us-strikes-iran-by-february-28-2026-227-967-547-688-589-491-592-418-452-924-384-915-464-672-196-157-993-596-269-535-381-391-471-256-988-997-296-225-762-973-292-827-345-182-558-215-794-879-189-761,us-strikes-iran-by,Yes,0,GollumGekko,998.0
0xc97b0b2a2547bb3ed57167092ef8a6e816c347e5,SELL,0x3488f31e6449f9803f99a8b5dd232c7ad883637f1c86e6953305a2ef19c77f20,1000.0,0.997,1772264547,"US strikes Iran by February 28, 2026?",us-strikes-iran-by-february-28-2026-227-967-547-688-589-491-592-418-452-924-384-915-464-672-196-157-993-596-269-535-381-391-471-256-988-997-296-225-762-973-292-827-345-182-558-215-794-879-189-761,us-strikes-iran-by,Yes,0,0xC97b0b2A2547bB3eD57167092EF8a6e816C347E5-1770003388001,997.0
0xc97b0b2a2547bb3ed57167092ef8a6e816c347e5,SELL,0x3488f31e6449f9803f99a8b5dd232c7ad883637f1c86e6953305a2ef19c77f20,1000.0,0.997,1772264263,"US strikes Iran by February 28, 2026?",us-strikes-iran-by-february-28-2026-227-967-547-688-589-491-592-418-452-924-384-915-464-672-196-157-993-596-269-535-381-391-471-256-988-997-296-225-762-973-292-827-345-182-558-215-794-879-189-761,us-strikes-iran-by,Yes,0,0xC97b0b2A2547bB3eD57167092EF8a6e816C347E5-1770003388001,997.0
0xc97b0b2a2547bb3ed57167092ef8a6e816c347e5,SELL,0x3488f31e6449f9803f99a8b5dd232c7ad883637f1c86e6953305a2ef19c77f20,1000.0,0.993,1772263881,"US strikes Iran by February 28, 2026?",us-strikes-iran-by-february-28-2026-227-967-547-688-589-491-592-418-452-924-384-915-464-672-196-157-993-596-269-535-381-391-471-256-988-997-296-225-762-973-292-827-345-182-558-215-794-879-189-761,us-strikes-iran-by,Yes,0,0xC97b0b2A2547bB3eD57167092EF8a6e816C347E5-1770003388001,993.0
0x30a7df6c0b74e59f90bb0be1831f260c540602fa,SELL,0x3488f31e6449f9803f99a8b5dd232c7ad883637f1c86e6953305a2ef19c77f20,1000.0,0.99119409,1772263831,"US strikes Iran by February 28, 2026?",us-strikes-iran-by-february-28-2026-227-967-547-688-589-491-592-418-452-924-384-915-464-672-196-157-993-596-269-535-381-391-471-256-988-997-296-225-762-973-292-827-345-182-558-215-794-879-189-761,us-strikes-iran-by,Yes,0,PassiveStrike,991.1940900000001
0x3efcb1bd98c7373d00c7370aa4a216cd8f55799e,SELL,0x3488f31e6449f9803f99a8b5dd232c7ad883637f1c86e6953305a2ef19c77f20,990.4,0.998,1772265917,"US strikes Iran by February 28, 2026?",us-strikes-iran-by-february-28-2026-227-967-547-688-589-491-592-418-452-924-384-915-464-672-196-157-993-596-269-535-381-391-471-256-988-997-296-225-762-973-292-827-345-182-558-215-794-879-189-761,us-strikes-iran-by,Yes,0,0x3EfCB1bd98c7373D00c7370Aa4a216cD8F55799e-1771977497850,988.4191999999999
0xc98b697fe1d9b4d1b9ade4ffa2bb9282402a9e0d,SELL,0x3488f31e6449f9803f99a8b5dd232c7ad883637f1c86e6953305a2ef19c77f20,983.52,0.998,1772265813,"US strikes Iran by February 28, 2026?",us-strikes-iran-by-february-28-2026-227-967-547-688-589-491-592-418-452-924-384-915-464-672-196-157-993-596-269-535-381-391-471-256-988-997-296-225-762-973-292-827-345-182-558-215-794-879-189-761,us-strikes-iran-by,Yes,0,0xC98B697Fe1D9B4d1B9Ade4FFA2BB9282402a9E0D-1772230103963,981.55296
0x9fd2f2587d526cb6396680b1012a6f6da31b3f53,SELL,0x3488f31e6449f9803f99a8b5dd232c7ad883637f1c86e6953305a2ef19c77f20,980.0,0.999,1772266871,"US strikes Iran by February 28, 2026?",us-strikes-iran-by-february-28-2026-227-967-547-688-589-491-592-418-452-924-384-915-464-672-196-157-993-596-269-535-381-391-471-256-988-997-296-225-762-973-292-827-345-182-558-215-794-879-189-761,us-strikes-iran-by,Yes,0,VikingTerror,979.02
0xb527865d1841ade4df9fcc103ec1f635a391ebe4,SELL,0x3488f31e6449f9803f99a8b5dd232c7ad883637f1c86e6953305a2ef19c77f20,976.19,0.999,1772269113,"US strikes Iran by February 28, 2026?",us-strikes-iran-by-february-28-2026-227-967-547-688-589-491-592-418-452-924-384-915-464-672-196-157-993-596-269-535-381-391-471-256-988-997-296-225-762-973-292-827-345-182-558-215-794-879-189-761,us-strikes-iran-by,Yes,0,,975.2138100000001
0x3a471654997da99fb50ffbb477b288bf5fd52f43,SELL,0x3488f31e6449f9803f99a8b5dd232c7ad883637f1c86e6953305a2ef19c77f20,970.23,0.998,1772264963,"US strikes Iran by February 28, 2026?",us-strikes-iran-by-february-28-2026-227-967-547-688-589-491-592-418-452-924-384-915-464-672-196-157-993-596-269-535-381-391-471-256-988-997-296-225-762-973-292-827-345-182-558-215-794-879-189-761,us-strikes-iran-by,Yes,0,0x3a471654997da99fb50FfbB477b288bF5Fd52F43-1761032992705,968.28954
0x60a7935181a1f0b7de2a1b1986e7ae85fcbe6d60,BUY,0x3488f31e6449f9803f99a8b5dd232c7ad883637f1c86e6953305a2ef19c77f20,970.22,0.998,1772264129,"US strikes Iran by February 28, 2026?",us-strikes-iran-by-february-28-2026-227-967-547-688-589-491-592-418-452-924-384-915-464-672-196-157-993-596-269-535-381-391-471-256-988-997-296-225-762-973-292-827-345-182-558-215-794-879-189-761,us-strikes-iran-by,Yes,0,0x60A7935181a1f0B7De2a1B1986e7AE85fcBE6D60-1764061840886,968.2795600000001
0xd3acfbf173452e1a73f976b2fd543d203e11c991,SELL,0x3488f31e6449f9803f99a8b5dd232c7ad883637f1c86e6953305a2ef19c77f20,975.98,0.988,1772263599,"US strikes Iran by February 28, 2026?",us-strikes-iran-by-february-28-2026-227-967-547-688-589-491-592-418-452-924-384-915-464-672-196-157-993-596-269-535-381-391-471-256-988-997-296-225-762-973-292-827-345-182-558-215-794-879-189-761,us-strikes-iran-by,Yes,0,op40,964.26824
0x12a61cd1c80845634b317d029422c4fb0a8afd77,SELL,0x3488f31e6449f9803f99a8b5dd232c7ad883637f1c86e6953305a2ef19c77f20,950.0,0.998,1772266619,"US strikes Iran by February 28, 2026?",us-strikes-iran-by-february-28-2026-227-967-547-688-589-491-592-418-452-924-384-915-464-672-196-157-993-596-269-535-381-391-471-256-988-997-296-225-762-973-292-827-345-182-558-215-794-879-189-761,us-strikes-iran-by,Yes,0,0x12a61CD1c80845634B317d029422c4FB0a8AFd77-1771530800677,948.1
0x44985bb734799a8d603736263d7c17bf83e3078d,SELL,0x3488f31e6449f9803f99a8b5dd232c7ad883637f1c86e6953305a2ef19c77f20,932.0,0.998,1772264489,"US strikes Iran by February 28, 2026?",us-strikes-iran-by-february-28-2026-227-967-547-688-589-491-592-418-452-924-384-915-464-672-196-157-993-596-269-535-381-391-471-256-988-997-296-225-762-973-292-827-345-182-558-215-794-879-189-761,us-strikes-iran-by,Yes,0,0x44985bB734799a8D603736263d7c17Bf83E3078D-1768367674814,930.136
0x9aeb534c42b58b21673d5e03e9da14fbd15b2729,SELL,0x3488f31e6449f9803f99a8b5dd232c7ad883637f1c86e6953305a2ef19c77f20,909.0,0.998,1772265965,"US strikes Iran by February 28, 2026?",us-strikes-iran-by-february-28-2026-227-967-547-688-589-491-592-418-452-924-384-915-464-672-196-157-993-596-269-535-381-391-471-256-988-997-296-225-762-973-292-827-345-182-558-215-794-879-189-761,us-strikes-iran-by,Yes,0,The-Joker,907.182
0xa2f7da879bee5be7dff94c942a6d24f8916868fb,SELL,0x3488f31e6449f9803f99a8b5dd232c7ad883637f1c86e6953305a2ef19c77f20,908.18,0.997,1772264507,"US strikes Iran by February 28, 2026?",us-strikes-iran-by-february-28-2026-227-967-547-688-589-491-592-418-452-924-384-915-464-672-196-157-993-596-269-535-381-391-471-256-988-997-296-225-762-973-292-827-345-182-558-215-794-879-189-761,us-strikes-iran-by,Yes,0,hanyfrfr,905.4554599999999
0xae25261ad9b1b4b39806da7ed4d16387d6ff9a48,SELL,0x3488f31e6449f9803f99a8b5dd232c7ad883637f1c86e6953305a2ef19c77f20,900.0,0.998,1772266613,"US strikes Iran by February 28, 2026?",us-strikes-iran-by-february-28-2026-227-967-547-688-589-491-592-418-452-924-384-915-464-672-196-157-993-596-269-535-381-391-471-256-988-997-296-225-762-973-292-827-345-182-558-215-794-879-189-761,us-strikes-iran-by,Yes,0,gragra,898.2
0xcc32a117ac254fe51fd867b928e45492b1f6dc7e,SELL,0x3488f31e6449f9803f99a8b5dd232c7ad883637f1c86e6953305a2ef19c77f20,881.14,0.998,1772264297,"US strikes Iran by February 28, 2026?",us-strikes-iran-by-february-28-2026-227-967-547-688-589-491-592-418-452-924-384-915-464-672-196-157-993-596-269-535-381-391-471-256-988-997-296-225-762-973-292-827-345-182-558-215-794-879-189-761,us-strikes-iran-by,Yes,0,BlueElephant666,879.37772
0x1be61cd6c5111521b7e8ec0b8119f261efe6441f,BUY,0x3488f31e6449f9803f99a8b5dd232c7ad883637f1c86e6953305a2ef19c77f20,872.732,0.999,1772264529,"US strikes Iran by February 28, 2026?",us-strikes-iran-by-february-28-2026-227-967-547-688-589-491-592-418-452-924-384-915-464-672-196-157-993-596-269-535-381-391-471-256-988-997-296-225-762-973-292-827-345-182-558-215-794-879-189-761,us-strikes-iran-by,Yes,0,0x1bE61Cd6C5111521B7E8ec0B8119F261eFe6441f-1769243841634,871.8592679999999
0x7d8dbef9cb6ec82b759a6c6642ede8e23b5ea96c,SELL,0x3488f31e6449f9803f99a8b5dd232c7ad883637f1c86e6953305a2ef19c77f20,859.64,0.998,1772265171,"US strikes Iran by February 28, 2026?",us-strikes-iran-by-february-28-2026-227-967-547-688-589-491-592-418-452-924-384-915-464-672-196-157-993-596-269-535-381-391-471-256-988-997-296-225-762-973-292-827-345-182-558-215-794-879-189-761,us-strikes-iran-by,Yes,0,RoyKeaneMindset,857.92072
0xd4ef3278fcd24e72246f129e89435515d28cf35f,SELL,0x3488f31e6449f9803f99a8b5dd232c7ad883637f1c86e6953305a2ef19c77f20,859.06,0.997,1772264023,"US strikes Iran by February 28, 2026?",us-strikes-iran-by-february-28-2026-227-967-547-688-589-491-592-418-452-924-384-915-464-672-196-157-993-596-269-535-381-391-471-256-988-997-296-225-762-973-292-827-345-182-558-215-794-879-189-761,us-strikes-iran-by,Yes,0,0xD4ef3278fCd24e72246f129e89435515d28CF35F-1767885205013,856.48282
0x2b770f9e6c7b926a92afc0f3350cc733fec0cc87,SELL,0x3488f31e6449f9803f99a8b5dd232c7ad883637f1c86e6953305a2ef19c77f20,841.08,0.998,1772268299,"US strikes Iran by February 28, 2026?",us-strikes-iran-by-february-28-2026-227-967-547-688-589-491-592-418-452-924-384-915-464-672-196-157-993-596-269-535-381-391-471-256-988-997-296-225-762-973-292-827-345-182-558-215-794-879-189-761,us-strikes-iran-by,Yes,0,Kimsss,839.3978400000001
0x82caa25e37fb5b67394df9cb4aef4f2167fc7cb7,SELL,0x3488f31e6449f9803f99a8b5dd232c7ad883637f1c86e6953305a2ef19c77f20,816.66,0.998,1772263991,"US strikes Iran by February 28, 2026?",us-strikes-iran-by-february-28-2026-227-967-547-688-589-491-592-418-452-924-384-915-464-672-196-157-993-596-269-535-381-391-471-256-988-997-296-225-762-973-292-827-345-182-558-215-794-879-189-761,us-strikes-iran-by,Yes,0,0x82caa25e37Fb5B67394DF9cb4Aef4f2167FC7Cb7-1771109125739,815.0266799999999
0x9642bd30d320cad7878f642566f9f5b91fc9d2ab,SELL,0x3488f31e6449f9803f99a8b5dd232c7ad883637f1c86e6953305a2ef19c77f20,806.25,0.999,1772270909,"US strikes Iran by February 28, 2026?",us-strikes-iran-by-february-28-2026-227-967-547-688-589-491-592-418-452-924-384-915-464-672-196-157-993-596-269-535-381-391-471-256-988-997-296-225-762-973-292-827-345-182-558-215-794-879-189-761,us-strikes-iran-by,Yes,0,0x9642bD30D320CaD7878F642566f9F5B91Fc9d2aB-1746989497209,805.44375
0xf34f7cfe8d1b7e7361ca608b46713befa0424d6e,SELL,0x3488f31e6449f9803f99a8b5dd232c7ad883637f1c86e6953305a2ef19c77f20,805.59,0.999,1772267209,"US strikes Iran by February 28, 2026?",us-strikes-iran-by-february-28-2026-227-967-547-688-589-491-592-418-452-924-384-915-464-672-196-157-993-596-269-535-381-391-471-256-988-997-296-225-762-973-292-827-345-182-558-215-794-879-189-761,us-strikes-iran-by,Yes,0,Ita10,804.78441
0x0f4c6f71d257ca73f723623581060860c04af26f,SELL,0x3488f31e6449f9803f99a8b5dd232c7ad883637f1c86e6953305a2ef19c77f20,811.76,0.989,1772263783,"US strikes Iran by February 28, 2026?",us-strikes-iran-by-february-28-2026-227-967-547-688-589-491-592-418-452-924-384-915-464-672-196-157-993-596-269-535-381-391-471-256-988-997-296-225-762-973-292-827-345-182-558-215-794-879-189-761,us-strikes-iran-by,Yes,0,0x0f4C6F71D257ca73f723623581060860C04aF26F-1771301008037,802.83064
0x655b766fba49e7bf79fbf0efd39475eba5514c3f,SELL,0x3488f31e6449f9803f99a8b5dd232c7ad883637f1c86e6953305a2ef19c77f20,794.11,0.999,1772267767,"US strikes Iran by February 28, 2026?",us-strikes-iran-by-february-28-2026-227-967-547-688-589-491-592-418-452-924-384-915-464-672-196-157-993-596-269-535-381-391-471-256-988-997-296-225-762-973-292-827-345-182-558-215-794-879-189-761,us-strikes-iran-by,Yes,0,,793.31589
0x122cdd9db64fd8dc3ebab813218e3effe21f821f,BUY,0x3488f31e6449f9803f99a8b5dd232c7ad883637f1c86e6953305a2ef19c77f20,800.0,0.988,1772263607,"US strikes Iran by February 28, 2026?",us-strikes-iran-by-february-28-2026-227-967-547-688-589-491-592-418-452-924-384-915-464-672-196-157-993-596-269-535-381-391-471-256-988-997-296-225-762-973-292-827-345-182-558-215-794-879-189-761,us-strikes-iran-by,Yes,0,okcoolstorybro,790.4
0x55a9417d854aec96134fd19dc437507a7fcd87ce,SELL,0x3488f31e6449f9803f99a8b5dd232c7ad883637f1c86e6953305a2ef19c77f20,787.86,0.998,1772266543,"US strikes Iran by February 28, 2026?",us-strikes-iran-by-february-28-2026-227-967-547-688-589-491-592-418-452-924-384-915-464-672-196-157-993-596-269-535-381-391-471-256-988-997-296-225-762-973-292-827-345-182-558-215-794-879-189-761,us-strikes-iran-by,Yes,0,TheLionSinEscanor,786.28428
0x824fbbfdcf401d8de77bf9e1eda8efc8e908e635,SELL,0x3488f31e6449f9803f99a8b5dd232c7ad883637f1c86e6953305a2ef19c77f20,787.05,0.997,1772264183,"US strikes Iran by February 28, 2026?",us-strikes-iran-by-february-28-2026-227-967-547-688-589-491-592-418-452-924-384-915-464-672-196-157-993-596-269-535-381-391-471-256-988-997-296-225-762-973-292-827-345-182-558-215-794-879-189-761,us-strikes-iran-by,Yes,0,0x824fbBFdCf401D8de77bF9e1Eda8eFc8e908E635-1768156154781,784.68885
0x782e2720f27cc2d86d56fcfd8e093ec8356c43e1,BUY,0x3488f31e6449f9803f99a8b5dd232c7ad883637f1c86e6953305a2ef19c77f20,766.0,0.999,1772264517,"US strikes Iran by February 28, 2026?",us-strikes-iran-by-february-28-2026-227-967-547-688-589-491-592-418-452-924-384-915-464-672-196-157-993-596-269-535-381-391-471-256-988-997-296-225-762-973-292-827-345-182-558-215-794-879-189-761,us-strikes-iran-by,Yes,0,fttrrr,765.234
0x782e2720f27cc2d86d56fcfd8e093ec8356c43e1,SELL,0x3488f31e6449f9803f99a8b5dd232c7ad883637f1c86e6953305a2ef19c77f20,766.0,0.999,1772267155,"US strikes Iran by February 28, 2026?",us-strikes-iran-by-february-28-2026-227-967-547-688-589-491-592-418-452-924-384-915-464-672-196-157-993-596-269-535-381-391-471-256-988-997-296-225-762-973-292-827-345-182-558-215-794-879-189-761,us-strikes-iran-by,Yes,0,fttrrr,765.234
0x1c8151a40fec837a0fb5aea4f3e5a3bf75ba3dff,SELL,0x3488f31e6449f9803f99a8b5dd232c7ad883637f1c86e6953305a2ef19c77f20,766.52,0.998,1772265879,"US strikes Iran by February 28, 2026?",us-strikes-iran-by-february-28-2026-227-967-547-688-589-491-592-418-452-924-384-915-464-672-196-157-993-596-269-535-381-391-471-256-988-997-296-225-762-973-292-827-345-182-558-215-794-879-189-761,us-strikes-iran-by,Yes,0,,764.98696
0x6699ed134a70ab41e6ba4745a127d7d600754dfd,SELL,0x3488f31e6449f9803f99a8b5dd232c7ad883637f1c86e6953305a2ef19c77f20,763.37,0.998,1772264341,"US strikes Iran by February 28, 2026?",us-strikes-iran-by-february-28-2026-227-967-547-688-589-491-592-418-452-924-384-915-464-672-196-157-993-596-269-535-381-391-471-256-988-997-296-225-762-973-292-827-345-182-558-215-794-879-189-761,us-strikes-iran-by,Yes,0,MjrTrouble,761.84326
0x70e96fe9d8b5d4a0404660d6fbf94b31fc01c6ef,SELL,0x3488f31e6449f9803f99a8b5dd232c7ad883637f1c86e6953305a2ef19c77f20,760.22,0.997,1772264285,"US strikes Iran by February 28, 2026?",us-strikes-iran-by-february-28-2026-227-967-547-688-589-491-592-418-452-924-384-915-464-672-196-157-993-596-269-535-381-391-471-256-988-997-296-225-762-973-292-827-345-182-558-215-794-879-189-761,us-strikes-iran-by,Yes,0,bullishboy,757.93934
0x92a6294cd55b9c6ccd57efaffc365ad943118b84,BUY,0x3488f31e6449f9803f99a8b5dd232c7ad883637f1c86e6953305a2ef19c77f20,765.71,0.987,1772263547,"US strikes Iran by February 28, 2026?",us-strikes-iran-by-february-28-2026-227-967-547-688-589-491-592-418-452-924-384-915-464-672-196-157-993-596-269-535-381-391-471-256-988-997-296-225-762-973-292-827-345-182-558-215-794-879-189-761,us-strikes-iran-by,Yes,0,Trustinghorse,755.75577
0x91a435f64a62b59ee11d4bd75550a53709e4ac49,BUY,0x3488f31e6449f9803f99a8b5dd232c7ad883637f1c86e6953305a2ef19c77f20,753.553552,0.9989999994054836,1772264493,"US strikes Iran by February 28, 2026?",us-strikes-iran-by-february-28-2026-227-967-547-688-589-491-592-418-452-924-384-915-464-672-196-157-993-596-269-535-381-391-471-256-988-997-296-225-762-973-292-827-345-182-558-215-794-879-189-761,us-strikes-iran-by,Yes,0,bitcoiner,752.799998
0x92a6294cd55b9c6ccd57efaffc365ad943118b84,SELL,0x3488f31e6449f9803f99a8b5dd232c7ad883637f1c86e6953305a2ef19c77f20,751.0,0.999,1772269221,"US strikes Iran by February 28, 2026?",us-strikes-iran-by-february-28-2026-227-967-547-688-589-491-592-418-452-924-384-915-464-672-196-157-993-596-269-535-381-391-471-256-988-997-296-225-762-973-292-827-345-182-558-215-794-879-189-761,us-strikes-iran-by,Yes,0,Trustinghorse,750.249
0x92a6294cd55b9c6ccd57efaffc365ad943118b84,SELL,0x3488f31e6449f9803f99a8b5dd232c7ad883637f1c86e6953305a2ef19c77f20,750.8,0.999,1772267381,"US strikes Iran by February 28, 2026?",us-strikes-iran-by-february-28-2026-227-967-547-688-589-491-592-418-452-924-384-915-464-672-196-157-993-596-269-535-381-391-471-256-988-997-296-225-762-973-292-827-345-182-558-215-794-879-189-761,us-strikes-iran-by,Yes,0,Trustinghorse,750.0491999999999
0x92a6294cd55b9c6ccd57efaffc365ad943118b84,BUY,0x3488f31e6449f9803f99a8b5dd232c7ad883637f1c86e6953305a2ef19c77f20,758.69,0.988,1772263423,"US strikes Iran by February 28, 2026?",us-strikes-iran-by-february-28-2026-227-967-547-688-589-491-592-418-452-924-384-915-464-672-196-157-993-596-269-535-381-391-471-256-988-997-296-225-762-973-292-827-345-182-558-215-794-879-189-761,us-strikes-iran-by,Yes,0,Trustinghorse,749.58572
0xccd06143b72ba1341c6f44384c935b0f9a542222,BUY,0x3488f31e6449f9803f99a8b5dd232c7ad883637f1c86e6953305a2ef19c77f20,748.3365,0.998,1772264641,"US strikes Iran by February 28, 2026?",us-strikes-iran-by-february-28-2026-227-967-547-688-589-491-592-418-452-924-384-915-464-672-196-157-993-596-269-535-381-391-471-256-988-997-296-225-762-973-292-827-345-182-558-215-794-879-189-761,us-strikes-iran-by,Yes,0,min.3chars,746.839827
0x5f716b88a6be9f09404661ebd63a6e88d9dc1016,SELL,0x3488f31e6449f9803f99a8b5dd232c7ad883637f1c86e6953305a2ef19c77f20,725.8,0.998,1772265873,"US strikes Iran by February 28, 2026?",us-strikes-iran-by-february-28-2026-227-967-547-688-589-491-592-418-452-924-384-915-464-672-196-157-993-596-269-535-381-391-471-256-988-997-296-225-762-973-292-827-345-182-558-215-794-879-189-761,us-strikes-iran-by,Yes,0,0x5F716b88a6be9F09404661ebd63a6e88D9dC1016-1744290563470,724.3484
0xea49d01859f258947dd7bb0ca6988755d0c9cec1,SELL,0x3488f31e6449f9803f99a8b5dd232c7ad883637f1c86e6953305a2ef19c77f20,717.72,0.999,1772270743,"US strikes Iran by February 28, 2026?",us-strikes-iran-by-february-28-2026-227-967-547-688-589-491-592-418-452-924-384-915-464-672-196-157-993-596-269-535-381-391-471-256-988-997-296-225-762-973-292-827-345-182-558-215-794-879-189-761,us-strikes-iran-by,Yes,0,strzetcki,717.00228
0xd9a7dc2de5cdad6bb15abc1a0293735ec8f45793,SELL,0x3488f31e6449f9803f99a8b5dd232c7ad883637f1c86e6953305a2ef19c77f20,708.47,0.998,1772264783,"US strikes Iran by February 28, 2026?",us-strikes-iran-by-february-28-2026-227-967-547-688-589-491-592-418-452-924-384-915-464-672-196-157-993-596-269-535-381-391-471-256-988-997-296-225-762-973-292-827-345-182-558-215-794-879-189-761,us-strikes-iran-by,Yes,0,neunaaa,707.0530600000001
0x05e35acde2d956e2982bdbbb83230848bbeb4778,SELL,0x3488f31e6449f9803f99a8b5dd232c7ad883637f1c86e6953305a2ef19c77f20,700.0,0.995,1772263901,"US strikes Iran by February 28, 2026?",us-strikes-iran-by-february-28-2026-227-967-547-688-589-491-592-418-452-924-384-915-464-672-196-157-993-596-269-535-381-391-471-256-988-997-296-225-762-973-292-827-345-182-558-215-794-879-189-761,us-strikes-iran-by,Yes,0,LBJ520,696.5
0x6da230f06950e1fa3c1e2415d7a4d66e40d9f1fe,BUY,0x3488f31e6449f9803f99a8b5dd232c7ad883637f1c86e6953305a2ef19c77f20,696.0,0.999,1772265099,"US strikes Iran by February 28, 2026?",us-strikes-iran-by-february-28-2026-227-967-547-688-589-491-592-418-452-924-384-915-464-672-196-157-993-596-269-535-381-391-471-256-988-997-296-225-762-973-292-827-345-182-558-215-794-879-189-761,us-strikes-iran-by,Yes,0,gromm,695.304
0x1942350e6ce9f9e2ad929a9b3acdaa699a8196ed,SELL,0x3488f31e6449f9803f99a8b5dd232c7ad883637f1c86e6953305a2ef19c77f20,694.85,0.999,1772266865,"US strikes Iran by February 28, 2026?",us-strikes-iran-by-february-28-2026-227-967-547-688-589-491-592-418-452-924-384-915-464-672-196-157-993-596-269-535-381-391-471-256-988-997-296-225-762-973-292-827-345-182-558-215-794-879-189-761,us-strikes-iran-by,Yes,0,ReverseBF,694.15515
0xb86eabe2ae6e3b886fc164312ee6ab05650943d0,BUY,0x3488f31e6449f9803f99a8b5dd232c7ad883637f1c86e6953305a2ef19c77f20,700.0,0.99,1772263783,"US strikes Iran by February 28, 2026?",us-strikes-iran-by-february-28-2026-227-967-547-688-589-491-592-418-452-924-384-915-464-672-196-157-993-596-269-535-381-391-471-256-988-997-296-225-762-973-292-827-345-182-558-215-794-879-189-761,us-strikes-iran-by,Yes,0,Jajejula,693.0
0xb86eabe2ae6e3b886fc164312ee6ab05650943d0,SELL,0x3488f31e6449f9803f99a8b5dd232c7ad883637f1c86e6953305a2ef19c77f20,700.0,0.985,1772263385,"US strikes Iran by February 28, 2026?",us-strikes-iran-by-february-28-2026-227-967-547-688-589-491-592-418-452-924-384-915-464-672-196-157-993-596-269-535-381-391-471-256-988-997-296-225-762-973-292-827-345-182-558-215-794-879-189-761,us-strikes-iran-by,Yes,0,Jajejula,689.5
0x2139c42f577cdc179a0ea361a6c265950fc2ebb8,SELL,0x3488f31e6449f9803f99a8b5dd232c7ad883637f1c86e6953305a2ef19c77f20,699.05,0.985028610256777,1772263367,"US strikes Iran by February 28, 2026?",us-strikes-iran-by-february-28-2026-227-967-547-688-589-491-592-418-452-924-384-915-464-672-196-157-993-596-269-535-381-391-471-256-988-997-296-225-762-973-292-827-345-182-558-215-794-879-189-761,us-strikes-iran-by,Yes,0,Omeregozi,688.5842499999999
0x062b87fc5c1433b79e350c0f558753db63979a6b,SELL,0x3488f31e6449f9803f99a8b5dd232c7ad883637f1c86e6953305a2ef19c77f20,682.45,0.992,1772263849,"US strikes Iran by February 28, 2026?",us-strikes-iran-by-february-28-2026-227-967-547-688-589-491-592-418-452-924-384-915-464-672-196-157-993-596-269-535-381-391-471-256-988-997-296-225-762-973-292-827-345-182-558-215-794-879-189-761,us-strikes-iran-by,Yes,0,pollybot1,676.9904
0xe6caba8578c6c2d53cf31f283601888adc92b27a,BUY,0x3488f31e6449f9803f99a8b5dd232c7ad883637f1c86e6953305a2ef19c77f20,678.0,0.998,1772264545,"US strikes Iran by February 28, 2026?",us-strikes-iran-by-february-28-2026-227-967-547-688-589-491-592-418-452-924-384-915-464-672-196-157-993-596-269-535-381-391-471-256-988-997-296-225-762-973-292-827-345-182-558-215-794-879-189-761,us-strikes-iran-by,Yes,0,Pog,676.644
0xf769c6390f6d564fe4859effbddb682c62660114,BUY,0x3488f31e6449f9803f99a8b5dd232c7ad883637f1c86e6953305a2ef19c77f20,48200.88,0.014,1772263637,"US strikes Iran by February 28, 2026?",us-strikes-iran-by-february-28-2026-227-967-547-688-589-491-592-418-452-924-384-915-464-672-196-157-993-596-269-535-381-391-471-256-988-997-296-225-762-973-292-827-345-182-558-215-794-879-189-761,us-strikes-iran-by,No,1,MrMarket,674.81232
0x7cf9a109e0f671c2988198bb9027a99b8a8c1289,SELL,0x3488f31e6449f9803f99a8b5dd232c7ad883637f1c86e6953305a2ef19c77f20,673.96,0.998,1772268719,"US strikes Iran by February 28, 2026?",us-strikes-iran-by-february-28-2026-227-967-547-688-589-491-592-418-452-924-384-915-464-672-196-157-993-596-269-535-381-391-471-256-988-997-296-225-762-973-292-827-345-182-558-215-794-879-189-761,us-strikes-iran-by,Yes,0,Viner,672.61208
0x54498e4c40b17261479aeaeeddf9cc37bd46992b,SELL,0x3488f31e6449f9803f99a8b5dd232c7ad883637f1c86e6953305a2ef19c77f20,669.46,0.998,1772266647,"US strikes Iran by February 28, 2026?",us-strikes-iran-by-february-28-2026-227-967-547-688-589-491-592-418-452-924-384-915-464-672-196-157-993-596-269-535-381-391-471-256-988-997-296-225-762-973-292-827-345-182-558-215-794-879-189-761,us-strikes-iran-by,Yes,0,,668.12108
0xc97b0b2a2547bb3ed57167092ef8a6e816c347e5,SELL,0x3488f31e6449f9803f99a8b5dd232c7ad883637f1c86e6953305a2ef19c77f20,670.0,0.997,1772263977,"US strikes Iran by February 28, 2026?",us-strikes-iran-by-february-28-2026-227-967-547-688-589-491-592-418-452-924-384-915-464-672-196-157-993-596-269-535-381-391-471-256-988-997-296-225-762-973-292-827-345-182-558-215-794-879-189-761,us-strikes-iran-by,Yes,0,0xC97b0b2A2547bB3eD57167092EF8a6e816C347E5-1770003388001,667.99
0x5ce19758652a0519790b68e25f204f82f7bd62fa,SELL,0x3488f31e6449f9803f99a8b5dd232c7ad883637f1c86e6953305a2ef19c77f20,666.66,0.998,1772264777,"US strikes Iran by February 28, 2026?",us-strikes-iran-by-february-28-2026-227-967-547-688-589-491-592-418-452-924-384-915-464-672-196-157-993-596-269-535-381-391-471-256-988-997-296-225-762-973-292-827-345-182-558-215-794-879-189-761,us-strikes-iran-by,Yes,0,,665.32668
0xc6ee1d54f8a0a6e6814e8dc09ca3ff8fd39df7eb,BUY,0x3488f31e6449f9803f99a8b5dd232c7ad883637f1c86e6953305a2ef19c77f20,671.600769,0.986999999995533,1772263621,"US strikes Iran by February 28, 2026?",us-strikes-iran-by-february-28-2026-227-967-547-688-589-491-592-418-452-924-384-915-464-672-196-157-993-596-269-535-381-391-471-256-988-997-296-225-762-973-292-827-345-182-558-215-794-879-189-761,us-strikes-iran-by,Yes,0,1EM99,662.869959
0x39a0f8206776b97b055f5692f264459571c9e241,SELL,0x3488f31e6449f9803f99a8b5dd232c7ad883637f1c86e6953305a2ef19c77f20,666.66,0.993190381903819,1772263903,"US strikes Iran by February 28, 2026?",us-strikes-iran-by-february-28-2026-227-967-547-688-589-491-592-418-452-924-384-915-464-672-196-157-993-596-269-535-381-391-471-256-988-997-296-225-762-973-292-827-345-182-558-215-794-879-189-761,us-strikes-iran-by,Yes,0,0x39A0F8206776b97b055f5692f264459571c9E241-1772164232448,662.1202999999999
0x357f5575c5e8cd947eb7bd674752712d6bbab6c5,SELL,0x3488f31e6449f9803f99a8b5dd232c7ad883637f1c86e6953305a2ef19c77f20,650.8,0.999,1772270403,"US strikes Iran by February 28, 2026?",us-strikes-iran-by-february-28-2026-227-967-547-688-589-491-592-418-452-924-384-915-464-672-196-157-993-596-269-535-381-391-471-256-988-997-296-225-762-973-292-827-345-182-558-215-794-879-189-761,us-strikes-iran-by,Yes,0,ForestIsMyHome,650.1492
0x53ff9e57a6788add7e2063f55b29b5a0f51f5946,SELL,0x3488f31e6449f9803f99a8b5dd232c7ad883637f1c86e6953305a2ef19c77f20,649.32,0.998,1772265759,"US strikes Iran by February 28, 2026?",us-strikes-iran-by-february-28-2026-227-967-547-688-589-491-592-418-452-924-384-915-464-672-196-157-993-596-269-535-381-391-471-256-988-997-296-225-762-973-292-827-345-182-558-215-794-879-189-761,us-strikes-iran-by,Yes,0,0x53FF9E57A6788aDd7e2063F55b29B5A0f51f5946-1770986086938,648.0213600000001
0x7c56bb4a0e88da0e4c0797d7f6e5ebff1d229337,BUY,0x3488f31e6449f9803f99a8b5dd232c7ad883637f1c86e6953305a2ef19c77f20,645.2505,0.998,1772264365,"US strikes Iran by February 28, 2026?",us-strikes-iran-by-february-28-2026-227-967-547-688-589-491-592-418-452-924-384-915-464-672-196-157-993-596-269-535-381-391-471-256-988-997-296-225-762-973-292-827-345-182-558-215-794-879-189-761,us-strikes-iran-by,Yes,0,MrAnderson82,643.959999
0xe7998dbdd2ed40f8bac4d1e301ae9c89f4e96e00,SELL,0x3488f31e6449f9803f99a8b5dd232c7ad883637f1c86e6953305a2ef19c77f20,629.62,0.999,1772269763,"US strikes Iran by February 28, 2026?",us-strikes-iran-by-february-28-2026-227-967-547-688-589-491-592-418-452-924-384-915-464-672-196-157-993-596-269-535-381-391-471-256-988-997-296-225-762-973-292-827-345-182-558-215-794-879-189-761,us-strikes-iran-by,Yes,0,b0bby92,628.99038
0xbf298d2092efc1c6c7cfbba2a53cc165cf1bdbac,SELL,0x3488f31e6449f9803f99a8b5dd232c7ad883637f1c86e6953305a2ef19c77f20,625.0,0.998,1772268481,"US strikes Iran by February 28, 2026?",us-strikes-iran-by-february-28-2026-227-967-547-688-589-491-592-418-452-924-384-915-464-672-196-157-993-596-269-535-381-391-471-256-988-997-296-225-762-973-292-827-345-182-558-215-794-879-189-761,us-strikes-iran-by,Yes,0,Franciscomota,623.75
0x102f126d258537788c94096f93a286e7d7b77117,SELL,0x3488f31e6449f9803f99a8b5dd232c7ad883637f1c86e6953305a2ef19c77f20,625.0,0.997,1772264177,"US strikes Iran by February 28, 2026?",us-strikes-iran-by-february-28-2026-227-967-547-688-589-491-592-418-452-924-384-915-464-672-196-157-993-596-269-535-381-391-471-256-988-997-296-225-762-973-292-827-345-182-558-215-794-879-189-761,us-strikes-iran-by,Yes,0,chaichairiko,623.125
0xc69dfa7c7b55fff462aa7d600e87b72b84e58ec0,SELL,0x3488f31e6449f9803f99a8b5dd232c7ad883637f1c86e6953305a2ef19c77f20,615.43,0.998,1772268553,"US strikes Iran by February 28, 2026?",us-strikes-iran-by-february-28-2026-227-967-547-688-589-491-592-418-452-924-384-915-464-672-196-157-993-596-269-535-381-391-471-256-988-997-296-225-762-973-292-827-345-182-558-215-794-879-189-761,us-strikes-iran-by,Yes,0,vladateach,614.1991399999999
0xf9b71663d723d28fa455db659098e1dacde860a4,SELL,0x3488f31e6449f9803f99a8b5dd232c7ad883637f1c86e6953305a2ef19c77f20,48292.85,0.012660786016977668,1772263399,"US strikes Iran by February 28, 2026?",us-strikes-iran-by-february-28-2026-227-967-547-688-589-491-592-418-452-924-384-915-464-672-196-157-993-596-269-535-381-391-471-256-988-997-296-225-762-973-292-827-345-182-558-215-794-879-189-761,us-strikes-iran-by,No,1,siick,611.42544
0xd2c00d90b85748cc91577a9f182edc7028fda68d,SELL,0x3488f31e6449f9803f99a8b5dd232c7ad883637f1c86e6953305a2ef19c77f20,611.11,0.999,1772270659,"US strikes Iran by February 28, 2026?",us-strikes-iran-by-february-28-2026-227-967-547-688-589-491-592-418-452-924-384-915-464-672-196-157-993-596-269-535-381-391-471-256-988-997-296-225-762-973-292-827-345-182-558-215-794-879-189-761,us-strikes-iran-by,Yes,0,ARS2023,610.49889
0x8ee7491c0745a7fc63e1f7372a76d0018e0be8fe,SELL,0x3488f31e6449f9803f99a8b5dd232c7ad883637f1c86e6953305a2ef19c77f20,610.55,0.997,1772264021,"US strikes Iran by February 28, 2026?",us-strikes-iran-by-february-28-2026-227-967-547-688-589-491-592-418-452-924-384-915-464-672-196-157-993-596-269-535-381-391-471-256-988-997-296-225-762-973-292-827-345-182-558-215-794-879-189-761,us-strikes-iran-by,Yes,0,,608.71835
0x5b678626d3fc39d89c9a51c26629a193e5cbd4da,SELL,0x3488f31e6449f9803f99a8b5dd232c7ad883637f1c86e6953305a2ef19c77f20,598.42,0.998,1772268785,"US strikes Iran by February 28, 2026?",us-strikes-iran-by-february-28-2026-227-967-547-688-589-491-592-418-452-924-384-915-464-672-196-157-993-596-269-535-381-391-471-256-988-997-296-225-762-973-292-827-345-182-558-215-794-879-189-761,us-strikes-iran-by,Yes,0,0x5b678626d3fC39d89C9a51C26629A193e5cbd4Da-1769872705633,597.22316
0xbde4267c28c85e4964f5a829558e1ddc19304b5d,SELL,0x3488f31e6449f9803f99a8b5dd232c7ad883637f1c86e6953305a2ef19c77f20,596.19,0.998,1772265143,"US strikes Iran by February 28, 2026?",us-strikes-iran-by-february-28-2026-227-967-547-688-589-491-592-418-452-924-384-915-464-672-196-157-993-596-269-535-381-391-471-256-988-997-296-225-762-973-292-827-345-182-558-215-794-879-189-761,us-strikes-iran-by,Yes,0,0xBDe4267C28C85E4964F5A829558e1DdC19304B5D-1771870803660,594.9976200000001
0xeb897d79dcc91f921bd1a9aa7d5e45a2481f9469,SELL,0x3488f31e6449f9803f99a8b5dd232c7ad883637f1c86e6953305a2ef19c77f20,596.16,0.9975199946323134,1772264679,"US strikes Iran by February 28, 2026?",us-strikes-iran-by-february-28-2026-227-967-547-688-589-491-592-418-452-924-384-915-464-672-196-157-993-596-269-535-381-391-471-256-988-997-296-225-762-973-292-827-345-182-558-215-794-879-189-761,us-strikes-iran-by,Yes,0,brk2016,594.68152
0x30fb88e6ab66b5885274a6d4e2cc4f60f083cc01,SELL,0x3488f31e6449f9803f99a8b5dd232c7ad883637f1c86e6953305a2ef19c77f20,600.68,0.988,1772263593,"US strikes Iran by February 28, 2026?",us-strikes-iran-by-february-28-2026-227-967-547-688-589-491-592-418-452-924-384-915-464-672-196-157-993-596-269-535-381-391-471-256-988-997-296-225-762-973-292-827-345-182-558-215-794-879-189-761,us-strikes-iran-by,Yes,0,,593.4718399999999
0xa4e04f6d8a858eb977a66e333814c717bf3d4da1,SELL,0x3488f31e6449f9803f99a8b5dd232c7ad883637f1c86e6953305a2ef19c77f20,600.0,0.985,1772263345,"US strikes Iran by February 28, 2026?",us-strikes-iran-by-february-28-2026-227-967-547-688-589-491-592-418-452-924-384-915-464-672-196-157-993-596-269-535-381-391-471-256-988-997-296-225-762-973-292-827-345-182-558-215-794-879-189-761,us-strikes-iran-by,Yes,0,DragonExplorer,591.0
0x02c1ef69121ac0b528c588e24824d68de9ee7454,SELL,0x3488f31e6449f9803f99a8b5dd232c7ad883637f1c86e6953305a2ef19c77f20,594.11,0.992,1772263831,"US strikes Iran by February 28, 2026?",us-strikes-iran-by-february-28-2026-227-967-547-688-589-491-592-418-452-924-384-915-464-672-196-157-993-596-269-535-381-391-471-256-988-997-296-225-762-973-292-827-345-182-558-215-794-879-189-761,us-strikes-iran-by,Yes,0,0x02c1ef69121Ac0b528C588E24824d68dE9EE7454-1772218353309,589.35712
0xddaf93c51ad5189351c42332f9ebd78412cee2ed,SELL,0x3488f31e6449f9803f99a8b5dd232c7ad883637f1c86e6953305a2ef19c77f20,594.11,0.992,1772263841,"US strikes Iran by February 28, 2026?",us-strikes-iran-by-february-28-2026-227-967-547-688-589-491-592-418-452-924-384-915-464-672-196-157-993-596-269-535-381-391-471-256-988-997-296-225-762-973-292-827-345-182-558-215-794-879-189-761,us-strikes-iran-by,Yes,0,0xdDaF93c51Ad5189351c42332f9EBd78412CeE2ED-1772218331701,589.35712
0xee810abd370eaa4ed20d0524deb866ea1eb0df6a,SELL,0x3488f31e6449f9803f99a8b5dd232c7ad883637f1c86e6953305a2ef19c77f20,587.76,0.999,1772269929,"US strikes Iran by February 28, 2026?",us-strikes-iran-by-february-28-2026-227-967-547-688-589-491-592-418-452-924-384-915-464-672-196-157-993-596-269-535-381-391-471-256-988-997-296-225-762-973-292-827-345-182-558-215-794-879-189-761,us-strikes-iran-by,Yes,0,0xEe810ABd370eaA4eD20D0524Deb866Ea1eB0DF6a-1771681134720,587.17224
0x3da46558d0223df9d34d6303ddc92e1d82fab509,SELL,0x3488f31e6449f9803f99a8b5dd232c7ad883637f1c86e6953305a2ef19c77f20,588.23,0.998,1772265087,"US strikes Iran by February 28, 2026?",us-strikes-iran-by-february-28-2026-227-967-547-688-589-491-592-418-452-924-384-915-464-672-196-157-993-596-269-535-381-391-471-256-988-997-296-225-762-973-292-827-345-182-558-215-794-879-189-761,us-strikes-iran-by,Yes,0,0x3DA46558d0223DF9D34d6303DDc92E1D82FAB509-1771710169728,587.05354
0xf26f230844326c168296309a6c9b2d6100a183b3,SELL,0x3488f31e6449f9803f99a8b5dd232c7ad883637f1c86e6953305a2ef19c77f20,587.7,0.998,1772266649,"US strikes Iran by February 28, 2026?",us-strikes-iran-by-february-28-2026-227-967-547-688-589-491-592-418-452-924-384-915-464-672-196-157-993-596-269-535-381-391-471-256-988-997-296-225-762-973-292-827-345-182-558-215-794-879-189-761,us-strikes-iran-by,Yes,0,0xf26f230844326c168296309A6C9b2D6100a183B3-1772213189118,586.5246000000001
0x4354ed6b98a90da0e699ff24150212f7611089a9,SELL,0x3488f31e6449f9803f99a8b5dd232c7ad883637f1c86e6953305a2ef19c77f20,588.24,0.997,1772264811,"US strikes Iran by February 28, 2026?",us-strikes-iran-by-february-28-2026-227-967-547-688-589-491-592-418-452-924-384-915-464-672-196-157-993-596-269-535-381-391-471-256-988-997-296-225-762-973-292-827-345-182-558-215-794-879-189-761,us-strikes-iran-by,Yes,0,0x4354ED6B98A90DA0E699Ff24150212f7611089A9-1768942325773,586.47528
0xccccb119ec55fd19efc18ce4f13deaa905223805,SELL,0x3488f31e6449f9803f99a8b5dd232c7ad883637f1c86e6953305a2ef19c77f20,583415.13,0.001,1772265131,"US strikes Iran by February 28, 2026?",us-strikes-iran-by-february-28-2026-227-967-547-688-589-491-592-418-452-924-384-915-464-672-196-157-993-596-269-535-381-391-471-256-988-997-296-225-762-973-292-827-345-182-558-215-794-879-189-761,us-strikes-iran-by,No,1,oijjd,583.41513
0x0b219cf3d297991b58361dbebdbaa91e56b8deb6,BUY,0x3488f31e6449f9803f99a8b5dd232c7ad883637f1c86e6953305a2ef19c77f20,585.91,0.988,1772263665,"US strikes Iran by February 28, 2026?",us-strikes-iran-by-february-28-2026-227-967-547-688-589-491-592-418-452-924-384-915-464-672-196-157-993-596-269-535-381-391-471-256-988-997-296-225-762-973-292-827-345-182-558-215-794-879-189-761,us-strikes-iran-by,Yes,0,TerreMoto,578.8790799999999
0x122cdd9db64fd8dc3ebab813218e3effe21f821f,BUY,0x3488f31e6449f9803f99a8b5dd232c7ad883637f1c86e6953305a2ef19c77f20,585.91,0.988,1772263667,"US strikes Iran by February 28, 2026?",us-strikes-iran-by-february-28-2026-227-967-547-688-589-491-592-418-452-924-384-915-464-672-196-157-993-596-269-535-381-391-471-256-988-997-296-225-762-973-292-827-345-182-558-215-794-879-189-761,us-strikes-iran-by,Yes,0,okcoolstorybro,578.8790799999999
0x122cdd9db64fd8dc3ebab813218e3effe21f821f,BUY,0x3488f31e6449f9803f99a8b5dd232c7ad883637f1c86e6953305a2ef19c77f20,578.76,0.989,1772263471,"US strikes Iran by February 28, 2026?",us-strikes-iran-by-february-28-2026-227-967-547-688-589-491-592-418-452-924-384-915-464-672-196-157-993-596-269-535-381-391-471-256-988-997-296-225-762-973-292-827-345-182-558-215-794-879-189-761,us-strikes-iran-by,Yes,0,okcoolstorybro,572.39364
0x09f7937d0bd120bafa071dbbfa75e22f6cf7621a,SELL,0x3488f31e6449f9803f99a8b5dd232c7ad883637f1c86e6953305a2ef19c77f20,560.61,0.998,1772266589,"US strikes Iran by February 28, 2026?",us-strikes-iran-by-february-28-2026-227-967-547-688-589-491-592-418-452-924-384-915-464-672-196-157-993-596-269-535-381-391-471-256-988-997-296-225-762-973-292-827-345-182-558-215-794-879-189-761,us-strikes-iran-by,Yes,0,,559.48878
0xd351a83467fc566a82d4640bacb2ea96af8b6a88,SELL,0x3488f31e6449f9803f99a8b5dd232c7ad883637f1c86e6953305a2ef19c77f20,559.25,0.998,1772265209,"US strikes Iran by February 28, 2026?",us-strikes-iran-by-february-28-2026-227-967-547-688-589-491-592-418-452-924-384-915-464-672-196-157-993-596-269-535-381-391-471-256-988-997-296-225-762-973-292-827-345-182-558-215-794-879-189-761,us-strikes-iran-by,Yes,0,0xd351A83467FC566a82D4640BAcB2EA96AF8b6a88-1770834102289,558.1315
0x759a0b67d29ec32de88e19e2a49374f3727acc93,SELL,0x3488f31e6449f9803f99a8b5dd232c7ad883637f1c86e6953305a2ef19c77f20,555.55,0.999,1772266975,"US strikes Iran by February 28, 2026?",us-strikes-iran-by-february-28-2026-227-967-547-688-589-491-592-418-452-924-384-915-464-672-196-157-993-596-269-535-381-391-471-256-988-997-296-225-762-973-292-827-345-182-558-215-794-879-189-761,us-strikes-iran-by,Yes,0,DeadbeatBabyDaddy,554.9944499999999
0x3a99304373061a333a43b4dcc8b9126370f1afdf,SELL,0x3488f31e6449f9803f99a8b5dd232c7ad883637f1c86e6953305a2ef19c77f20,555.55,0.998,1772266201,"US strikes Iran by February 28, 2026?",us-strikes-iran-by-february-28-2026-227-967-547-688-589-491-592-418-452-924-384-915-464-672-196-157-993-596-269-535-381-391-471-256-988-997-296-225-762-973-292-827-345-182-558-215-794-879-189-761,us-strikes-iran-by,Yes,0,0x3A99304373061a333A43B4dCC8b9126370F1AfDf-1771277484452,554.4389
0xe8f6430eb2869b53f4d743de16f9f4eb68c71905,SELL,0x3488f31e6449f9803f99a8b5dd232c7ad883637f1c86e6953305a2ef19c77f20,555.55,0.997,1772264623,"US strikes Iran by February 28, 2026?",us-strikes-iran-by-february-28-2026-227-967-547-688-589-491-592-418-452-924-384-915-464-672-196-157-993-596-269-535-381-391-471-256-988-997-296-225-762-973-292-827-345-182-558-215-794-879-189-761,us-strikes-iran-by,Yes,0,Boofie.Girl,553.88335
0x1d7746ffa81f7469eb63232d659d6e5855b72098,BUY,0x3488f31e6449f9803f99a8b5dd232c7ad883637f1c86e6953305a2ef19c77f20,552.962,0.999,1772268859,"US strikes Iran by February 28, 2026?",us-strikes-iran-by-february-28-2026-227-967-547-688-589-491-592-418-452-924-384-915-464-672-196-157-993-596-269-535-381-391-471-256-988-997-296-225-762-973-292-827-345-182-558-215-794-879-189-761,us-strikes-iran-by,Yes,0,0x1d7746fFa81f7469EB63232d659d6E5855b72098-1769160426200,552.409038
0x57933cea28f77935ddd99d93a1b7b95145c3a3e5,SELL,0x3488f31e6449f9803f99a8b5dd232c7ad883637f1c86e6953305a2ef19c77f20,545.12,0.998,1772266403,"US strikes Iran by February 28, 2026?",us-strikes-iran-by-february-28-2026-227-967-547-688-589-491-592-418-452-924-384-915-464-672-196-157-993-596-269-535-381-391-471-256-988-997-296-225-762-973-292-827-345-182-558-215-794-879-189-761,us-strikes-iran-by,Yes,0,0x57933ceA28F77935DDD99d93A1B7B95145C3a3e5-1767207190420,544.02976
0x67993a6a447f1b7f247458a41dd8b41725a0f57c,SELL,0x3488f31e6449f9803f99a8b5dd232c7ad883637f1c86e6953305a2ef19c77f20,544.44,0.996,1772264007,"US strikes Iran by February 28, 2026?",us-strikes-iran-by-february-28-2026-227-967-547-688-589-491-592-418-452-924-384-915-464-672-196-157-993-596-269-535-381-391-471-256-988-997-296-225-762-973-292-827-345-182-558-215-794-879-189-761,us-strikes-iran-by,Yes,0,Guybo92,542.26224
0x05297974e034b053268edfb9e63a2ea1c12e092e,SELL,0x3488f31e6449f9803f99a8b5dd232c7ad883637f1c86e6953305a2ef19c77f20,537.87,0.998,1772265341,"US strikes Iran by February 28, 2026?",us-strikes-iran-by-february-28-2026-227-967-547-688-589-491-592-418-452-924-384-915-464-672-196-157-993-596-269-535-381-391-471-256-988-997-296-225-762-973-292-827-345-182-558-215-794-879-189-761,us-strikes-iran-by,Yes,0,Lucky-Conqueror,536.79426
0x2ec8fa46c3bce52bddf45e3dce0d0fa867d93347,SELL,0x3488f31e6449f9803f99a8b5dd232c7ad883637f1c86e6953305a2ef19c77f20,544.44,0.983,1772263303,"US strikes Iran by February 28, 2026?",us-strikes-iran-by-february-28-2026-227-967-547-688-589-491-592-418-452-924-384-915-464-672-196-157-993-596-269-535-381-391-471-256-988-997-296-225-762-973-292-827-345-182-558-215-794-879-189-761,us-strikes-iran-by,Yes,0,,535.18452
0x5191f3c576eff5834b78d4a66618a72b61741d6f,BUY,0x3488f31e6449f9803f99a8b5dd232c7ad883637f1c86e6953305a2ef19c77f20,528.08,0.998,1772264575,"US strikes Iran by February 28, 2026?",us-strikes-iran-by-february-28-2026-227-967-547-688-589-491-592-418-452-924-384-915-464-672-196-157-993-596-269-535-381-391-471-256-988-997-296-225-762-973-292-827-345-182-558-215-794-879-189-761,us-strikes-iran-by,Yes,0,easone003,527.0238400000001
0xbc1c33e0ef28180d18336726ba487fefbb77787a,SELL,0x3488f31e6449f9803f99a8b5dd232c7ad883637f1c86e6953305a2ef19c77f20,526.31,0.999,1772270247,"US strikes Iran by February 28, 2026?",us-strikes-iran-by-february-28-2026-227-967-547-688-589-491-592-418-452-924-384-915-464-672-196-157-993-596-269-535-381-391-471-256-988-997-296-225-762-973-292-827-345-182-558-215-794-879-189-761,us-strikes-iran-by,Yes,0,Petarpredicted,525.78369
0xb1b00efe7708efd2338aa52f149e40aa2a43072e,SELL,0x3488f31e6449f9803f99a8b5dd232c7ad883637f1c86e6953305a2ef19c77f20,526.31,0.999,1772266971,"US strikes Iran by February 28, 2026?",us-strikes-iran-by-february-28-2026-227-967-547-688-589-491-592-418-452-924-384-915-464-672-196-157-993-596-269-535-381-391-471-256-988-997-296-225-762-973-292-827-345-182-558-215-794-879-189-761,us-strikes-iran-by,Yes,0,0xb1b00efe7708EFD2338aA52f149E40Aa2A43072E-1769714940865,525.78369
0xc1f2c1c80e75a62105582378e27917d94f02b22d,SELL,0x3488f31e6449f9803f99a8b5dd232c7ad883637f1c86e6953305a2ef19c77f20,528.75,0.987,1772263485,"US strikes Iran by February 28, 2026?",us-strikes-iran-by-february-28-2026-227-967-547-688-589-491-592-418-452-924-384-915-464-672-196-157-993-596-269-535-381-391-471-256-988-997-296-225-762-973-292-827-345-182-558-215-794-879-189-761,us-strikes-iran-by,Yes,0,0xC1f2c1C80e75a62105582378E27917D94f02B22D-1770406198153,521.87625
0x2394b01e85a253805c492de4427981c2f045ea1e,BUY,0x3488f31e6449f9803f99a8b5dd232c7ad883637f1c86e6953305a2ef19c77f20,515.48,0.998,1772264591,"US strikes Iran by February 28, 2026?",us-strikes-iran-by-february-28-2026-227-967-547-688-589-491-592-418-452-924-384-915-464-672-196-157-993-596-269-535-381-391-471-256-988-997-296-225-762-973-292-827-345-182-558-215-794-879-189-761,us-strikes-iran-by,Yes,0,666606,514.44904
0x7e5246abed17a5cff43a17b55b30f982f45200f5,BUY,0x3488f31e6449f9803f99a8b5dd232c7ad883637f1c86e6953305a2ef19c77f20,39090.62,0.013,1772263515,"US strikes Iran by February 28, 2026?",us-strikes-iran-by-february-28-2026-227-967-547-688-589-491-592-418-452-924-384-915-464-672-196-157-993-596-269-535-381-391-471-256-988-997-296-225-762-973-292-827-345-182-558-215-794-879-189-761,us-strikes-iran-by,No,1,0x7E5246ABED17A5cFF43A17B55B30F982f45200f5-1771073039758,508.17806
0x3208c993c2e5819b3647e2f66934a0ee4065db2b,BUY,0x3488f31e6449f9803f99a8b5dd232c7ad883637f1c86e6953305a2ef19c77f20,508.198,0.999,1772264869,"US strikes Iran by February 28, 2026?",us-strikes-iran-by-february-28-2026-227-967-547-688-589-491-592-418-452-924-384-915-464-672-196-157-993-596-269-535-381-391-471-256-988-997-296-225-762-973-292-827-345-182-558-215-794-879-189-761,us-strikes-iran-by,Yes,0,Antoniotung,507.689802
0x30f891cc7ef02c536de1026acdcc95464127b824,BUY,0x3488f31e6449f9803f99a8b5dd232c7ad883637f1c86e6953305a2ef19c77f20,500.5,0.999,1772264295,"US strikes Iran by February 28, 2026?",us-strikes-iran-by-february-28-2026-227-967-547-688-589-491-592-418-452-924-384-915-464-672-196-157-993-596-269-535-381-391-471-256-988-997-296-225-762-973-292-827-345-182-558-215-794-879-189-761,us-strikes-iran-by,Yes,0,chopin,499.9995
0x30f891cc7ef02c536de1026acdcc95464127b824,BUY,0x3488f31e6449f9803f99a8b5dd232c7ad883637f1c86e6953305a2ef19c77f20,500.5,0.999,1772264245,"US strikes Iran by February 28, 2026?",us-strikes-iran-by-february-28-2026-227-967-547-688-589-491-592-418-452-924-384-915-464-672-196-157-993-596-269-535-381-391-471-256-988-997-296-225-762-973-292-827-345-182-558-215-794-879-189-761,us-strikes-iran-by,Yes,0,chopin,499.9995
0x3ffe1712d9b5e0d8c176f1ede6b49b9b177ae125,SELL,0x3488f31e6449f9803f99a8b5dd232c7ad883637f1c86e6953305a2ef19c77f20,500.0,0.999,1772270191,"US strikes Iran by February 28, 2026?",us-strikes-iran-by-february-28-2026-227-967-547-688-589-491-592-418-452-924-384-915-464-672-196-157-993-596-269-535-381-391-471-256-988-997-296-225-762-973-292-827-345-182-558-215-794-879-189-761,us-strikes-iran-by,Yes,0,Astro-Bot,499.5
0xdb8774ce0a164bbd8228e09b4372b2a4e2367c06,SELL,0x3488f31e6449f9803f99a8b5dd232c7ad883637f1c86e6953305a2ef19c77f20,500.0,0.999,1772266937,"US strikes Iran by February 28, 2026?",us-strikes-iran-by-february-28-2026-227-967-547-688-589-491-592-418-452-924-384-915-464-672-196-157-993-596-269-535-381-391-471-256-988-997-296-225-762-973-292-827-345-182-558-215-794-879-189-761,us-strikes-iran-by,Yes,0,0xdB8774cE0A164Bbd8228e09b4372B2a4e2367c06-1771434325017,499.5
0x55a082b2b93244599d28907e6c4e5ca65b408b02,SELL,0x3488f31e6449f9803f99a8b5dd232c7ad883637f1c86e6953305a2ef19c77f20,500.0,0.999,1772270783,"US strikes Iran by February 28, 2026?",us-strikes-iran-by-february-28-2026-227-967-547-688-589-491-592-418-452-924-384-915-464-672-196-157-993-596-269-535-381-391-471-256-988-997-296-225-762-973-292-827-345-182-558-215-794-879-189-761,us-strikes-iran-by,Yes,0,KvotheSosa,499.5
0x3ffe1712d9b5e0d8c176f1ede6b49b9b177ae125,SELL,0x3488f31e6449f9803f99a8b5dd232c7ad883637f1c86e6953305a2ef19c77f20,500.0,0.999,1772270251,"US strikes Iran by February 28, 2026?",us-strikes-iran-by-february-28-2026-227-967-547-688-589-491-592-418-452-924-384-915-464-672-196-157-993-596-269-535-381-391-471-256-988-997-296-225-762-973-292-827-345-182-558-215-794-879-189-761,us-strikes-iran-by,Yes,0,Astro-Bot,499.5
0x7dd88af7dfec59fed0b08c1227cb7b15327515fc,BUY,0x3488f31e6449f9803f99a8b5dd232c7ad883637f1c86e6953305a2ef19c77f20,500.0,0.998,1772264087,"US strikes Iran by February 28, 2026?",us-strikes-iran-by-february-28-2026-227-967-547-688-589-491-592-418-452-924-384-915-464-672-196-157-993-596-269-535-381-391-471-256-988-997-296-225-762-973-292-827-345-182-558-215-794-879-189-761,us-strikes-iran-by,Yes,0,event007,499.0
0x9bcbfbd9a3914412431c4c2b36f696ca7e9d5731,SELL,0x3488f31e6449f9803f99a8b5dd232c7ad883637f1c86e6953305a2ef19c77f20,500.0,0.998,1772264531,"US strikes Iran by February 28, 2026?",us-strikes-iran-by-february-28-2026-227-967-547-688-589-491-592-418-452-924-384-915-464-672-196-157-993-596-269-535-381-391-471-256-988-997-296-225-762-973-292-827-345-182-558-215-794-879-189-761,us-strikes-iran-by,Yes,0,0x9bCBFBd9A3914412431C4c2B36F696Ca7e9d5731-1759264314718,499.0
0xb7b8a09beed9644c100d841fb445aef6f52568c0,SELL,0x3488f31e6449f9803f99a8b5dd232c7ad883637f1c86e6953305a2ef19c77f20,500.0,0.998,1772266471,"US strikes Iran by February 28, 2026?",us-strikes-iran-by-february-28-2026-227-967-547-688-589-491-592-418-452-924-384-915-464-672-196-157-993-596-269-535-381-391-471-256-988-997-296-225-762-973-292-827-345-182-558-215-794-879-189-761,us-strikes-iran-by,Yes,0,DolpAr18876,499.0
0xa9d7128e32dfb9bd5f85443975cb4f84c5be538a,SELL,0x3488f31e6449f9803f99a8b5dd232c7ad883637f1c86e6953305a2ef19c77f20,499.76,0.986,1772263459,"US strikes Iran by February 28, 2026?",us-strikes-iran-by-february-28-2026-227-967-547-688-589-491-592-418-452-924-384-915-464-672-196-157-993-596-269-535-381-391-471-256-988-997-296-225-762-973-292-827-345-182-558-215-794-879-189-761,us-strikes-iran-by,Yes,0,grizzam,492.76336
0xed3aadc9805cab85508320d17d5d572c47e19b17,SELL,0x3488f31e6449f9803f99a8b5dd232c7ad883637f1c86e6953305a2ef19c77f20,500.0,0.982,1772263285,"US strikes Iran by February 28, 2026?",us-strikes-iran-by-february-28-2026-227-967-547-688-589-491-592-418-452-924-384-915-464-672-196-157-993-596-269-535-381-391-471-256-988-997-296-225-762-973-292-827-345-182-558-215-794-879-189-761,us-strikes-iran-by,Yes,0,zwxokx,491.0
0x49d3c803d03a16be65cad2820ba28b373d72ea4e,SELL,0x3488f31e6449f9803f99a8b5dd232c7ad883637f1c86e6953305a2ef19c77f20,484.75,0.992,1772263873,"US strikes Iran by February 28, 2026?",us-strikes-iran-by-february-28-2026-227-967-547-688-589-491-592-418-452-924-384-915-464-672-196-157-993-596-269-535-381-391-471-256-988-997-296-225-762-973-292-827-345-182-558-215-794-879-189-761,us-strikes-iran-by,Yes,0,Mbug1717,480.872
0x2cdbfb2cf1f2b88c90b92eed76cc9508ac3e6683,SELL,0x3488f31e6449f9803f99a8b5dd232c7ad883637f1c86e6953305a2ef19c77f20,479.87,0.999,1772270263,"US strikes Iran by February 28, 2026?",us-strikes-iran-by-february-28-2026-227-967-547-688-589-491-592-418-452-924-384-915-464-672-196-157-993-596-269-535-381-391-471-256-988-997-296-225-762-973-292-827-345-182-558-215-794-879-189-761,us-strikes-iran-by,Yes,0,0x2cDBFB2cf1F2b88C90b92eed76Cc9508Ac3E6683-1772247846130,479.39013
0x8a0b30ae4bf9bebbd0bf68bb138f096def6997e1,BUY,0x3488f31e6449f9803f99a8b5dd232c7ad883637f1c86e6953305a2ef19c77f20,477.91,0.998,1772264619,"US strikes Iran by February 28, 2026?",us-strikes-iran-by-february-28-2026-227-967-547-688-589-491-592-418-452-924-384-915-464-672-196-157-993-596-269-535-381-391-471-256-988-997-296-225-762-973-292-827-345-182-558-215-794-879-189-761,us-strikes-iran-by,Yes,0,cherry008,476.95418
0x501b9be23adac6b61c5ba8a80c320f5ddcfafba0,SELL,0x3488f31e6449f9803f99a8b5dd232c7ad883637f1c86e6953305a2ef19c77f20,477.01,0.998,1772264795,"US strikes Iran by February 28, 2026?",us-strikes-iran-by-february-28-2026-227-967-547-688-589-491-592-418-452-924-384-915-464-672-196-157-993-596-269-535-381-391-471-256-988-997-296-225-762-973-292-827-345-182-558-215-794-879-189-761,us-strikes-iran-by,Yes,0,ja4,476.05598
0x3cd9428d6a316669f11479ba512b36ba29346d85,SELL,0x3488f31e6449f9803f99a8b5dd232c7ad883637f1c86e6953305a2ef19c77f20,471.69,0.998,1772265015,"US strikes Iran by February 28, 2026?",us-strikes-iran-by-february-28-2026-227-967-547-688-589-491-592-418-452-924-384-915-464-672-196-157-993-596-269-535-381-391-471-256-988-997-296-225-762-973-292-827-345-182-558-215-794-879-189-761,us-strikes-iran-by,Yes,0,M4T4N,470.74662
0xa49a8d14aaac16169bd5d87cf73d5e1daca6c2f7,BUY,0x3488f31e6449f9803f99a8b5dd232c7ad883637f1c86e6953305a2ef19c77f20,469.0,0.998,1772264419,"US strikes Iran by February 28, 2026?",us-strikes-iran-by-february-28-2026-227-967-547-688-589-491-592-418-452-924-384-915-464-672-196-157-993-596-269-535-381-391-471-256-988-997-296-225-762-973-292-827-345-182-558-215-794-879-189-761,us-strikes-iran-by,Yes,0,zytah,468.062
0x7549b3313433f7c8ae479840dcc0f9611015fd37,SELL,0x3488f31e6449f9803f99a8b5dd232c7ad883637f1c86e6953305a2ef19c77f20,456.36,0.997,1772264165,"US strikes Iran by February 28, 2026?",us-strikes-iran-by-february-28-2026-227-967-547-688-589-491-592-418-452-924-384-915-464-672-196-157-993-596-269-535-381-391-471-256-988-997-296-225-762-973-292-827-345-182-558-215-794-879-189-761,us-strikes-iran-by,Yes,0,0x7549b3313433F7C8Ae479840dcc0f9611015fd37-1770899947197,454.99092
0x80a7518d2977ce32ac07ecc2cff9ca9112dcbe24,SELL,0x3488f31e6449f9803f99a8b5dd232c7ad883637f1c86e6953305a2ef19c77f20,454.54,0.997,1772264039,"US strikes Iran by February 28, 2026?",us-strikes-iran-by-february-28-2026-227-967-547-688-589-491-592-418-452-924-384-915-464-672-196-157-993-596-269-535-381-391-471-256-988-997-296-225-762-973-292-827-345-182-558-215-794-879-189-761,us-strikes-iran-by,Yes,0,Roeealmog,453.17638
0xb74ac9152455bf3cbc7949b34256aa967e797669,SELL,0x3488f31e6449f9803f99a8b5dd232c7ad883637f1c86e6953305a2ef19c77f20,454.54,0.996,1772264007,"US strikes Iran by February 28, 2026?",us-strikes-iran-by-february-28-2026-227-967-547-688-589-491-592-418-452-924-384-915-464-672-196-157-993-596-269-535-381-391-471-256-988-997-296-225-762-973-292-827-345-182-558-215-794-879-189-761,us-strikes-iran-by,Yes,0,0xb74Ac9152455bf3Cbc7949b34256aA967E797669-1770576878270,452.72184000000004
0x11b8336e989527df8f6936be97be10619f7c92d9,SELL,0x3488f31e6449f9803f99a8b5dd232c7ad883637f1c86e6953305a2ef19c77f20,452.01,0.998,1772264497,"US strikes Iran by February 28, 2026?",us-strikes-iran-by-february-28-2026-227-967-547-688-589-491-592-418-452-924-384-915-464-672-196-157-993-596-269-535-381-391-471-256-988-997-296-225-762-973-292-827-345-182-558-215-794-879-189-761,us-strikes-iran-by,Yes,0,0x11b8336e989527df8F6936be97Be10619F7C92d9-1769797431312,451.10598
0x46eeb2c5ec6edb594a8094dbcb47e801808804a0,SELL,0x3488f31e6449f9803f99a8b5dd232c7ad883637f1c86e6953305a2ef19c77f20,450.75,0.998,1772265385,"US strikes Iran by February 28, 2026?",us-strikes-iran-by-february-28-2026-227-967-547-688-589-491-592-418-452-924-384-915-464-672-196-157-993-596-269-535-381-391-471-256-988-997-296-225-762-973-292-827-345-182-558-215-794-879-189-761,us-strikes-iran-by,Yes,0,0x46EeB2C5ec6edb594A8094dbcb47e801808804A0-1772197104369,449.8485
0x9ac91c73d8c4c37743cc8653e5156d8ddab5c1c7,SELL,0x3488f31e6449f9803f99a8b5dd232c7ad883637f1c86e6953305a2ef19c77f20,450.0,0.998,1772265163,"US strikes Iran by February 28, 2026?",us-strikes-iran-by-february-28-2026-227-967-547-688-589-491-592-418-452-924-384-915-464-672-196-157-993-596-269-535-381-391-471-256-988-997-296-225-762-973-292-827-345-182-558-215-794-879-189-761,us-strikes-iran-by,Yes,0,geopol-winner,449.1
0x771d409bbc0a667f9c7902d181cb71043077c0a1,SELL,0x3488f31e6449f9803f99a8b5dd232c7ad883637f1c86e6953305a2ef19c77f20,447.32,0.998,1772268303,"US strikes Iran by February 28, 2026?",us-strikes-iran-by-february-28-2026-227-967-547-688-589-491-592-418-452-924-384-915-464-672-196-157-993-596-269-535-381-391-471-256-988-997-296-225-762-973-292-827-345-182-558-215-794-879-189-761,us-strikes-iran-by,Yes,0,ieatprohok,446.42536
0x671a4bdcf1fadeeb7c4f7506708b330cdd6cebb2,SELL,0x3488f31e6449f9803f99a8b5dd232c7ad883637f1c86e6953305a2ef19c77f20,444.42,0.999,1772267371,"US strikes Iran by February 28, 2026?",us-strikes-iran-by-february-28-2026-227-967-547-688-589-491-592-418-452-924-384-915-464-672-196-157-993-596-269-535-381-391-471-256-988-997-296-225-762-973-292-827-345-182-558-215-794-879-189-761,us-strikes-iran-by,Yes,0,wwwiinn,443.97558000000004
0xfc2f4f50ce2f6045d35558a5e2d8d4b2ac6610c7,SELL,0x3488f31e6449f9803f99a8b5dd232c7ad883637f1c86e6953305a2ef19c77f20,443.83,0.998,1772265047,"US strikes Iran by February 28, 2026?",us-strikes-iran-by-february-28-2026-227-967-547-688-589-491-592-418-452-924-384-915-464-672-196-157-993-596-269-535-381-391-471-256-988-997-296-225-762-973-292-827-345-182-558-215-794-879-189-761,us-strikes-iran-by,Yes,0,0xFc2F4f50ce2F6045d35558A5E2D8d4b2aC6610c7-1769097007451,442.94234
0x60c2469178e13a2708270a80cf653e05e4d9c89a,SELL,0x3488f31e6449f9803f99a8b5dd232c7ad883637f1c86e6953305a2ef19c77f20,436.8,0.998,1772265379,"US strikes Iran by February 28, 2026?",us-strikes-iran-by-february-28-2026-227-967-547-688-589-491-592-418-452-924-384-915-464-672-196-157-993-596-269-535-381-391-471-256-988-997-296-225-762-973-292-827-345-182-558-215-794-879-189-761,us-strikes-iran-by,Yes,0,0x60C2469178e13a2708270A80CF653E05e4D9c89A-1758222758364,435.9264
0x229c9166594ca5da8d2dbb7df3289f3b65daf431,SELL,0x3488f31e6449f9803f99a8b5dd232c7ad883637f1c86e6953305a2ef19c77f20,440.0,0.989,1772263741,"US strikes Iran by February 28, 2026?",us-strikes-iran-by-february-28-2026-227-967-547-688-589-491-592-418-452-924-384-915-464-672-196-157-993-596-269-535-381-391-471-256-988-997-296-225-762-973-292-827-345-182-558-215-794-879-189-761,us-strikes-iran-by,Yes,0,,435.15999999999997
0x9c4abb471fa36400db43d5fa221c680bf2f24896,SELL,0x3488f31e6449f9803f99a8b5dd232c7ad883637f1c86e6953305a2ef19c77f20,432.56,0.998,1772265671,"US strikes Iran by February 28, 2026?",us-strikes-iran-by-february-28-2026-227-967-547-688-589-491-592-418-452-924-384-915-464-672-196-157-993-596-269-535-381-391-471-256-988-997-296-225-762-973-292-827-345-182-558-215-794-879-189-761,us-strikes-iran-by,Yes,0,Broskimayg520,431.69488
0x44b5be14e6e9491cc136481bc2009e38ee5f11a3,SELL,0x3488f31e6449f9803f99a8b5dd232c7ad883637f1c86e6953305a2ef19c77f20,432.55,0.998,1772266043,"US strikes Iran by February 28, 2026?",us-strikes-iran-by-february-28-2026-227-967-547-688-589-491-592-418-452-924-384-915-464-672-196-157-993-596-269-535-381-391-471-256-988-997-296-225-762-973-292-827-345-182-558-215-794-879-189-761,us-strikes-iran-by,Yes,0,beefun1108,431.6849
0x4e3ea4640e4aa433bd3680b4bef40593f15548a8,BUY,0x3488f31e6449f9803f99a8b5dd232c7ad883637f1c86e6953305a2ef19c77f20,435.628785,0.9859999999770447,1772263333,"US strikes Iran by February 28, 2026?",us-strikes-iran-by-february-28-2026-227-967-547-688-589-491-592-418-452-924-384-915-464-672-196-157-993-596-269-535-381-391-471-256-988-997-296-225-762-973-292-827-345-182-558-215-794-879-189-761,us-strikes-iran-by,Yes,0,RazumX,429.529982
0xdc29728e11002f7588a23243c7c2f47965ebe77b,SELL,0x3488f31e6449f9803f99a8b5dd232c7ad883637f1c86e6953305a2ef19c77f20,435.77,0.982,1772263289,"US strikes Iran by February 28, 2026?",us-strikes-iran-by-february-28-2026-227-967-547-688-589-491-592-418-452-924-384-915-464-672-196-157-993-596-269-535-381-391-471-256-988-997-296-225-762-973-292-827-345-182-558-215-794-879-189-761,us-strikes-iran-by,Yes,0,0xDC29728e11002f7588a23243C7C2F47965ebE77b-1768189194910,427.92614
0xa75acdfdf7cb572e2ea9bc1d2f164005ff66455d,SELL,0x3488f31e6449f9803f99a8b5dd232c7ad883637f1c86e6953305a2ef19c77f20,428.22,0.998,1772264921,"US strikes Iran by February 28, 2026?",us-strikes-iran-by-february-28-2026-227-967-547-688-589-491-592-418-452-924-384-915-464-672-196-157-993-596-269-535-381-391-471-256-988-997-296-225-762-973-292-827-345-182-558-215-794-879-189-761,us-strikes-iran-by,Yes,0,Eoinyeo,427.36356
0x771ca6f453a69e4991cf5c2203ae14845434660c,SELL,0x3488f31e6449f9803f99a8b5dd232c7ad883637f1c86e6953305a2ef19c77f20,419.57,0.999,1772270357,"US strikes Iran by February 28, 2026?",us-strikes-iran-by-february-28-2026-227-967-547-688-589-491-592-418-452-924-384-915-464-672-196-157-993-596-269-535-381-391-471-256-988-997-296-225-762-973-292-827-345-182-558-215-794-879-189-761,us-strikes-iran-by,Yes,0,Thanksforthemoney,419.15043
0x412c3ca9d9d0ad58016ee768d36c396e5e352d87,SELL,0x3488f31e6449f9803f99a8b5dd232c7ad883637f1c86e6953305a2ef19c77f20,422.22,0.986,1772263437,"US strikes Iran by February 28, 2026?",us-strikes-iran-by-february-28-2026-227-967-547-688-589-491-592-418-452-924-384-915-464-672-196-157-993-596-269-535-381-391-471-256-988-997-296-225-762-973-292-827-345-182-558-215-794-879-189-761,us-strikes-iran-by,Yes,0,Toopholderr8899,416.30892
0xf254a30771b48babefa4d8616c1ed6f6548853c8,BUY,0x3488f31e6449f9803f99a8b5dd232c7ad883637f1c86e6953305a2ef19c77f20,421.464902,0.9829999984197972,1772263271,"US strikes Iran by February 28, 2026?",us-strikes-iran-by-february-28-2026-227-967-547-688-589-491-592-418-452-924-384-915-464-672-196-157-993-596-269-535-381-391-471-256-988-997-296-225-762-973-292-827-345-182-558-215-794-879-189-761,us-strikes-iran-by,Yes,0,,414.299998
0xc978d79d951231917f3ac4673bb74f28e7bdaa84,BUY,0x3488f31e6449f9803f99a8b5dd232c7ad883637f1c86e6953305a2ef19c77f20,421.464902,0.9829999984197972,1772263271,"US strikes Iran by February 28, 2026?",us-strikes-iran-by-february-28-2026-227-967-547-688-589-491-592-418-452-924-384-915-464-672-196-157-993-596-269-535-381-391-471-256-988-997-296-225-762-973-292-827-345-182-558-215-794-879-189-761,us-strikes-iran-by,Yes,0,,414.299998
0xac6b47dbe20be17a557e9f8062342e5c7bf59cd2,SELL,0x3488f31e6449f9803f99a8b5dd232c7ad883637f1c86e6953305a2ef19c77f20,412.49,0.999,1772269901,"US strikes Iran by February 28, 2026?",us-strikes-iran-by-february-28-2026-227-967-547-688-589-491-592-418-452-924-384-915-464-672-196-157-993-596-269-535-381-391-471-256-988-997-296-225-762-973-292-827-345-182-558-215-794-879-189-761,us-strikes-iran-by,Yes,0,,412.07751
0x84b22a913e6ec993425e3ba34cba21ed11fee4d2,SELL,0x3488f31e6449f9803f99a8b5dd232c7ad883637f1c86e6953305a2ef19c77f20,412.5,0.998,1772266091,"US strikes Iran by February 28, 2026?",us-strikes-iran-by-february-28-2026-227-967-547-688-589-491-592-418-452-924-384-915-464-672-196-157-993-596-269-535-381-391-471-256-988-997-296-225-762-973-292-827-345-182-558-215-794-879-189-761,us-strikes-iran-by,Yes,0,0x84B22a913e6ec993425e3BA34CbA21ed11FEE4d2-1768122017705,411.675
0x52e79efaecb08a95b7ee4a411a220edc38abc1bd,SELL,0x3488f31e6449f9803f99a8b5dd232c7ad883637f1c86e6953305a2ef19c77f20,416.66,0.987,1772263491,"US strikes Iran by February 28, 2026?",us-strikes-iran-by-february-28-2026-227-967-547-688-589-491-592-418-452-924-384-915-464-672-196-157-993-596-269-535-381-391-471-256-988-997-296-225-762-973-292-827-345-182-558-215-794-879-189-761,us-strikes-iran-by,Yes,0,itmattersmorewhenthere,411.24342
0x338bfa9da093ce7ee8a192095009f70dd4ccbf88,SELL,0x3488f31e6449f9803f99a8b5dd232c7ad883637f1c86e6953305a2ef19c77f20,76525.86,0.005310444338684988,1772263895,"US strikes Iran by February 28, 2026?",us-strikes-iran-by-february-28-2026-227-967-547-688-589-491-592-418-452-924-384-915-464-672-196-157-993-596-269-535-381-391-471-256-988-997-296-225-762-973-292-827-345-182-558-215-794-879-189-761,us-strikes-iran-by,No,1,0x338bFA9DA093Ce7ee8A192095009F70dd4ccBF88-1758036776618,406.38632
0x1f8d1a14689fe7938a02b7e10bc09e055e1b255f,SELL,0x3488f31e6449f9803f99a8b5dd232c7ad883637f1c86e6953305a2ef19c77f20,406.93,0.998,1772268325,"US strikes Iran by February 28, 2026?",us-strikes-iran-by-february-28-2026-227-967-547-688-589-491-592-418-452-924-384-915-464-672-196-157-993-596-269-535-381-391-471-256-988-997-296-225-762-973-292-827-345-182-558-215-794-879-189-761,us-strikes-iran-by,Yes,0,JbrnTheGoat,406.11614000000003
0x76c3135f3498416a697d84ba336dca008203c9ce,BUY,0x3488f31e6449f9803f99a8b5dd232c7ad883637f1c86e6953305a2ef19c77f20,406.63,0.998,1772264029,"US strikes Iran by February 28, 2026?",us-strikes-iran-by-february-28-2026-227-967-547-688-589-491-592-418-452-924-384-915-464-672-196-157-993-596-269-535-381-391-471-256-988-997-296-225-762-973-292-827-345-182-558-215-794-879-189-761,us-strikes-iran-by,Yes,0,0xAokii,405.81674
0xc5fc5449ec54d666fa7aeb6d6574e7e82aa4b579,BUY,0x3488f31e6449f9803f99a8b5dd232c7ad883637f1c86e6953305a2ef19c77f20,29775.574665,0.013433829690957536,1772263653,"US strikes Iran by February 28, 2026?",us-strikes-iran-by-february-28-2026-227-967-547-688-589-491-592-418-452-924-384-915-464-672-196-157-993-596-269-535-381-391-471-256-988-997-296-225-762-973-292-827-345-182-558-215-794-879-189-761,us-strikes-iran-by,No,1,YYzzy,399.999999
0xbc25ea6953bc285e922e75d5437ae0e52e182896,SELL,0x3488f31e6449f9803f99a8b5dd232c7ad883637f1c86e6953305a2ef19c77f20,400.0,0.999,1772270505,"US strikes Iran by February 28, 2026?",us-strikes-iran-by-february-28-2026-227-967-547-688-589-491-592-418-452-924-384-915-464-672-196-157-993-596-269-535-381-391-471-256-988-997-296-225-762-973-292-827-345-182-558-215-794-879-189-761,us-strikes-iran-by,Yes,0,0xBC25eA6953BC285e922E75D5437AE0e52e182896-1759177726702,399.6
0x0c29d0e9aba8892435ad0e1424c9b300470b9bb8,SELL,0x3488f31e6449f9803f99a8b5dd232c7ad883637f1c86e6953305a2ef19c77f20,400.0,0.999,1772267441,"US strikes Iran by February 28, 2026?",us-strikes-iran-by-february-28-2026-227-967-547-688-589-491-592-418-452-924-384-915-464-672-196-157-993-596-269-535-381-391-471-256-988-997-296-225-762-973-292-827-345-182-558-215-794-879-189-761,us-strikes-iran-by,Yes,0,bobbyboberson,399.6
0xb03b0ced8ee41b59ecbba3225d8dee226c49f623,SELL,0x3488f31e6449f9803f99a8b5dd232c7ad883637f1c86e6953305a2ef19c77f20,400.0,0.998,1772268445,"US strikes Iran by February 28, 2026?",us-strikes-iran-by-february-28-2026-227-967-547-688-589-491-592-418-452-924-384-915-464-672-196-157-993-596-269-535-381-391-471-256-988-997-296-225-762-973-292-827-345-182-558-215-794-879-189-761,us-strikes-iran-by,Yes,0,0xb03B0Ced8EE41b59ecbba3225d8dEE226C49f623-1771721661638,399.2
0xe39783f92ee0985f1ab5fe514030f946825abfcb,SELL,0x3488f31e6449f9803f99a8b5dd232c7ad883637f1c86e6953305a2ef19c77f20,400.0,0.998,1772266211,"US strikes Iran by February 28, 2026?",us-strikes-iran-by-february-28-2026-227-967-547-688-589-491-592-418-452-924-384-915-464-672-196-157-993-596-269-535-381-391-471-256-988-997-296-225-762-973-292-827-345-182-558-215-794-879-189-761,us-strikes-iran-by,Yes,0,0xE39783F92EE0985f1aB5fe514030f946825abFCb-1763008583582,399.2
0x5740c5fa920749dc49bb30e292e18f691222c1c0,SELL,0x3488f31e6449f9803f99a8b5dd232c7ad883637f1c86e6953305a2ef19c77f20,400.0,0.997,1772264125,"US strikes Iran by February 28, 2026?",us-strikes-iran-by-february-28-2026-227-967-547-688-589-491-592-418-452-924-384-915-464-672-196-157-993-596-269-535-381-391-471-256-988-997-296-225-762-973-292-827-345-182-558-215-794-879-189-761,us-strikes-iran-by,Yes,0,0x5740C5FA920749dc49bb30E292E18F691222c1c0-1770669633091,398.8
0x5bdd4b3923819d11c5268e669a6a1319efa7c9a9,SELL,0x3488f31e6449f9803f99a8b5dd232c7ad883637f1c86e6953305a2ef19c77f20,400.0,0.997,1772264211,"US strikes Iran by February 28, 2026?",us-strikes-iran-by-february-28-2026-227-967-547-688-589-491-592-418-452-924-384-915-464-672-196-157-993-596-269-535-381-391-471-256-988-997-296-225-762-973-292-827-345-182-558-215-794-879-189-761,us-strikes-iran-by,Yes,0,suyuchen,398.8
0x2952c5ad930fba5c096e2cbfa7f7542f89e2f50d,SELL,0x3488f31e6449f9803f99a8b5dd232c7ad883637f1c86e6953305a2ef19c77f20,399.27,0.997,1772264503,"US strikes Iran by February 28, 2026?",us-strikes-iran-by-february-28-2026-227-967-547-688-589-491-592-418-452-924-384-915-464-672-196-157-993-596-269-535-381-391-471-256-988-997-296-225-762-973-292-827-345-182-558-215-794-879-189-761,us-strikes-iran-by,Yes,0,0x2952C5Ad930fba5C096e2CBFa7F7542F89e2f50D-1769715766218,398.07219
0x8a5ae9e8d77a44e4d180b1d78d4cfd3d0832e230,SELL,0x3488f31e6449f9803f99a8b5dd232c7ad883637f1c86e6953305a2ef19c77f20,399.2,0.997,1772264561,"US strikes Iran by February 28, 2026?",us-strikes-iran-by-february-28-2026-227-967-547-688-589-491-592-418-452-924-384-915-464-672-196-157-993-596-269-535-381-391-471-256-988-997-296-225-762-973-292-827-345-182-558-215-794-879-189-761,us-strikes-iran-by,Yes,0,Restock,398.00239999999997
0xaa4a5f72e24b9f315f43cf70e2d6c0f4a3924f22,BUY,0x3488f31e6449f9803f99a8b5dd232c7ad883637f1c86e6953305a2ef19c77f20,132603.333333,0.0030000000000075413,1772264233,"US strikes Iran by February 28, 2026?",us-strikes-iran-by-february-28-2026-227-967-547-688-589-491-592-418-452-924-384-915-464-672-196-157-993-596-269-535-381-391-471-256-988-997-296-225-762-973-292-827-345-182-558-215-794-879-189-761,us-strikes-iran-by,No,1,meepy,397.80999999999995
0x006d7df4b2bb10d871e87f64a21d9d31f25306f8,SELL,0x3488f31e6449f9803f99a8b5dd232c7ad883637f1c86e6953305a2ef19c77f20,398.05,0.999,1772267499,"US strikes Iran by February 28, 2026?",us-strikes-iran-by-february-28-2026-227-967-547-688-589-491-592-418-452-924-384-915-464-672-196-157-993-596-269-535-381-391-471-256-988-997-296-225-762-973-292-827-345-182-558-215-794-879-189-761,us-strikes-iran-by,Yes,0,quickstepcapital,397.65195
0xbb669d633927d8f9ce02729e25d866c1fb25b21f,BUY,0x3488f31e6449f9803f99a8b5dd232c7ad883637f1c86e6953305a2ef19c77f20,400.0,0.994,1772263891,"US strikes Iran by February 28, 2026?",us-strikes-iran-by-february-28-2026-227-967-547-688-589-491-592-418-452-924-384-915-464-672-196-157-993-596-269-535-381-391-471-256-988-997-296-225-762-973-292-827-345-182-558-215-794-879-189-761,us-strikes-iran-by,Yes,0,R-reason,397.6
0x47a6c836856bd5efd37a35a64d015ea37abda455,SELL,0x3488f31e6449f9803f99a8b5dd232c7ad883637f1c86e6953305a2ef19c77f20,394.78,0.989,1772263743,"US strikes Iran by February 28, 2026?",us-strikes-iran-by-february-28-2026-227-967-547-688-589-491-592-418-452-924-384-915-464-672-196-157-993-596-269-535-381-391-471-256-988-997-296-225-762-973-292-827-345-182-558-215-794-879-189-761,us-strikes-iran-by,Yes,0,Wizard2027,390.43742
0xf6780417fec9d4c81283be47b756f12e81440383,BUY,0x3488f31e6449f9803f99a8b5dd232c7ad883637f1c86e6953305a2ef19c77f20,381.92,0.999,1772264441,"US strikes Iran by February 28, 2026?",us-strikes-iran-by-february-28-2026-227-967-547-688-589-491-592-418-452-924-384-915-464-672-196-157-993-596-269-535-381-391-471-256-988-997-296-225-762-973-292-827-345-182-558-215-794-879-189-761,us-strikes-iran-by,Yes,0,oooovip,381.53808000000004
0xc0e49e910fdc8a5731ac4f80e31974a7c84ee9af,SELL,0x3488f31e6449f9803f99a8b5dd232c7ad883637f1c86e6953305a2ef19c77f20,380.09,0.999,1772266859,"US strikes Iran by February 28, 2026?",us-strikes-iran-by-february-28-2026-227-967-547-688-589-491-592-418-452-924-384-915-464-672-196-157-993-596-269-535-381-391-471-256-988-997-296-225-762-973-292-827-345-182-558-215-794-879-189-761,us-strikes-iran-by,Yes,0,0xc0e49e910FDc8a5731AC4f80E31974A7C84ee9af-1760085928816,379.70991
0xf517ec450823a8db62785ba62058424fc549885c,SELL,0x3488f31e6449f9803f99a8b5dd232c7ad883637f1c86e6953305a2ef19c77f20,378.57,0.999,1772266973,"US strikes Iran by February 28, 2026?",us-strikes-iran-by-february-28-2026-227-967-547-688-589-491-592-418-452-924-384-915-464-672-196-157-993-596-269-535-381-391-471-256-988-997-296-225-762-973-292-827-345-182-558-215-794-879-189-761,us-strikes-iran-by,Yes,0,,378.19142999999997
0x74c5cbaae7f5899555d22b87f3d0420c972ab2e1,SELL,0x3488f31e6449f9803f99a8b5dd232c7ad883637f1c86e6953305a2ef19c77f20,378.7,0.998,1772266621,"US strikes Iran by February 28, 2026?",us-strikes-iran-by-february-28-2026-227-967-547-688-589-491-592-418-452-924-384-915-464-672-196-157-993-596-269-535-381-391-471-256-988-997-296-225-762-973-292-827-345-182-558-215-794-879-189-761,us-strikes-iran-by,Yes,0,0x74c5cbaae7F5899555D22b87f3D0420c972ab2e1-1771543599890,377.94259999999997
0xa175b0752987ff88f111079095180df1a488a36f,SELL,0x3488f31e6449f9803f99a8b5dd232c7ad883637f1c86e6953305a2ef19c77f20,378.09,0.997,1772264167,"US strikes Iran by February 28, 2026?",us-strikes-iran-by-february-28-2026-227-967-547-688-589-491-592-418-452-924-384-915-464-672-196-157-993-596-269-535-381-391-471-256-988-997-296-225-762-973-292-827-345-182-558-215-794-879-189-761,us-strikes-iran-by,Yes,0,IlayRotman,376.95572999999996
0xec7c55fb1814698621b8fc48fe12efe2025e7ad4,SELL,0x3488f31e6449f9803f99a8b5dd232c7ad883637f1c86e6953305a2ef19c77f20,377.65,0.997,1772264645,"US strikes Iran by February 28, 2026?",us-strikes-iran-by-february-28-2026-227-967-547-688-589-491-592-418-452-924-384-915-464-672-196-157-993-596-269-535-381-391-471-256-988-997-296-225-762-973-292-827-345-182-558-215-794-879-189-761,us-strikes-iran-by,Yes,0,0xBardak,376.51705
0xac6a1ca423ef87d52b6baa7afb70c90229d22ed3,SELL,0x3488f31e6449f9803f99a8b5dd232c7ad883637f1c86e6953305a2ef19c77f20,375.0,0.999,1772267815,"US strikes Iran by February 28, 2026?",us-strikes-iran-by-february-28-2026-227-967-547-688-589-491-592-418-452-924-384-915-464-672-196-157-993-596-269-535-381-391-471-256-988-997-296-225-762-973-292-827-345-182-558-215-794-879-189-761,us-strikes-iran-by,Yes,0,The-Defect,374.625
0x744cdd77499ffd868bb2481541d86eae0a33d39f,BUY,0x3488f31e6449f9803f99a8b5dd232c7ad883637f1c86e6953305a2ef19c77f20,374.874,0.999,1772266151,"US strikes Iran by February 28, 2026?",us-strikes-iran-by-february-28-2026-227-967-547-688-589-491-592-418-452-924-384-915-464-672-196-157-993-596-269-535-381-391-471-256-988-997-296-225-762-973-292-827-345-182-558-215-794-879-189-761,us-strikes-iran-by,Yes,0,momomo1,374.49912600000005
0xc701ec6e10497f8212bcf904df2f7da4e014cdf3,SELL,0x3488f31e6449f9803f99a8b5dd232c7ad883637f1c86e6953305a2ef19c77f20,372.3,0.999,1772267961,"US strikes Iran by February 28, 2026?",us-strikes-iran-by-february-28-2026-227-967-547-688-589-491-592-418-452-924-384-915-464-672-196-157-993-596-269-535-381-391-471-256-988-997-296-225-762-973-292-827-345-182-558-215-794-879-189-761,us-strikes-iran-by,Yes,0,TotalAccount,371.9277
0xd5ecdde8f25c48b4116e28d7e7ad0359fe9c681e,BUY,0x3488f31e6449f9803f99a8b5dd232c7ad883637f1c86e6953305a2ef19c77f20,370.0,0.998,1772264707,"US strikes Iran by February 28, 2026?",us-strikes-iran-by-february-28-2026-227-967-547-688-589-491-592-418-452-924-384-915-464-672-196-157-993-596-269-535-381-391-471-256-988-997-296-225-762-973-292-827-345-182-558-215-794-879-189-761,us-strikes-iran-by,Yes,0,f46nnn,369.26
0x0bb231e9c70f7256216cd170d709a6113694a688,SELL,0x3488f31e6449f9803f99a8b5dd232c7ad883637f1c86e6953305a2ef19c77f20,372.92,0.987,1772263493,"US strikes Iran by February 28, 2026?",us-strikes-iran-by-february-28-2026-227-967-547-688-589-491-592-418-452-924-384-915-464-672-196-157-993-596-269-535-381-391-471-256-988-997-296-225-762-973-292-827-345-182-558-215-794-879-189-761,us-strikes-iran-by,Yes,0,0x0BB231E9c70f7256216cD170D709a6113694a688-1769250414369,368.07204
0x83b5dbb4e761c01921975496f0de12b66a3f1893,SELL,0x3488f31e6449f9803f99a8b5dd232c7ad883637f1c86e6953305a2ef19c77f20,366.66,0.999,1772270919,"US strikes Iran by February 28, 2026?",us-strikes-iran-by-february-28-2026-227-967-547-688-589-491-592-418-452-924-384-915-464-672-196-157-993-596-269-535-381-391-471-256-988-997-296-225-762-973-292-827-345-182-558-215-794-879-189-761,us-strikes-iran-by,Yes,0,igorplay,366.29334
0x6c9a7cc7a0570636b64d22471ead3b9362cc6025,SELL,0x3488f31e6449f9803f99a8b5dd232c7ad883637f1c86e6953305a2ef19c77f20,365.96,0.999,1772266851,"US strikes Iran by February 28, 2026?",us-strikes-iran-by-february-28-2026-227-967-547-688-589-491-592-418-452-924-384-915-464-672-196-157-993-596-269-535-381-391-471-256-988-997-296-225-762-973-292-827-345-182-558-215-794-879-189-761,us-strikes-iran-by,Yes,0,Random109,365.59404
0x356ca9cbba6a892917f13906455cc0290eea80b7,SELL,0x3488f31e6449f9803f99a8b5dd232c7ad883637f1c86e6953305a2ef19c77f20,363.63,0.998,1772266817,"US strikes Iran by February 28, 2026?",us-strikes-iran-by-february-28-2026-227-967-547-688-589-491-592-418-452-924-384-915-464-672-196-157-993-596-269-535-381-391-471-256-988-997-296-225-762-973-292-827-345-182-558-215-794-879-189-761,us-strikes-iran-by,Yes,0,0x356ca9cBba6a892917f13906455Cc0290eeA80b7-1759261399831,362.90274
0x895b678535cc94ef3832a96629b91b74d6b37b41,SELL,0x3488f31e6449f9803f99a8b5dd232c7ad883637f1c86e6953305a2ef19c77f20,362.16,0.998,1772266207,"US strikes Iran by February 28, 2026?",us-strikes-iran-by-february-28-2026-227-967-547-688-589-491-592-418-452-924-384-915-464-672-196-157-993-596-269-535-381-391-471-256-988-997-296-225-762-973-292-827-345-182-558-215-794-879-189-761,us-strikes-iran-by,Yes,0,,361.43568000000005
0x59d9efb1689da646b9bce9e86d193d3f3cf1a57b,SELL,0x3488f31e6449f9803f99a8b5dd232c7ad883637f1c86e6953305a2ef19c77f20,361.95,0.998,1772265967,"US strikes Iran by February 28, 2026?",us-strikes-iran-by-february-28-2026-227-967-547-688-589-491-592-418-452-924-384-915-464-672-196-157-993-596-269-535-381-391-471-256-988-997-296-225-762-973-292-827-345-182-558-215-794-879-189-761,us-strikes-iran-by,Yes,0,0x59D9efb1689dA646B9bCE9E86d193D3f3CF1a57B-1771525463529,361.2261
0x9f49c3413dd82a239e16d9955d5c14e83626a184,BUY,0x3488f31e6449f9803f99a8b5dd232c7ad883637f1c86e6953305a2ef19c77f20,120000.0,0.003,1772264391,"US strikes Iran by February 28, 2026?",us-strikes-iran-by-february-28-2026-227-967-547-688-589-491-592-418-452-924-384-915-464-672-196-157-993-596-269-535-381-391-471-256-988-997-296-225-762-973-292-827-345-182-558-215-794-879-189-761,us-strikes-iran-by,No,1,0x9F49c3413Dd82A239e16D9955D5c14e83626A184-1771712715174,360.0
0xd92c724b010f620c1cb745be127164306874f57b,SELL,0x3488f31e6449f9803f99a8b5dd232c7ad883637f1c86e6953305a2ef19c77f20,357.14,0.998,1772266695,"US strikes Iran by February 28, 2026?",us-strikes-iran-by-february-28-2026-227-967-547-688-589-491-592-418-452-924-384-915-464-672-196-157-993-596-269-535-381-391-471-256-988-997-296-225-762-973-292-827-345-182-558-215-794-879-189-761,us-strikes-iran-by,Yes,0,0xD92c724B010f620c1cB745bE127164306874f57B-1769570029499,356.42572
0xa154068e8a31257b81a7e506909eb4b5608f2320,SELL,0x3488f31e6449f9803f99a8b5dd232c7ad883637f1c86e6953305a2ef19c77f20,345.78,0.998,1772265485,"US strikes Iran by February 28, 2026?",us-strikes-iran-by-february-28-2026-227-967-547-688-589-491-592-418-452-924-384-915-464-672-196-157-993-596-269-535-381-391-471-256-988-997-296-225-762-973-292-827-345-182-558-215-794-879-189-761,us-strikes-iran-by,Yes,0,,345.08844
0x01ba64f1966dbabf7d5cf63cf1e594d0d8be3e22,BUY,0x3488f31e6449f9803f99a8b5dd232c7ad883637f1c86e6953305a2ef19c77f20,345.24,0.998,1772264387,"US strikes Iran by February 28, 2026?",us-strikes-iran-by-february-28-2026-227-967-547-688-589-491-592-418-452-924-384-915-464-672-196-157-993-596-269-535-381-391-471-256-988-997-296-225-762-973-292-827-345-182-558-215-794-879-189-761,us-strikes-iran-by,Yes,0,ccc0001,344.54952000000003
0x4bc9f421015ef3c93b79c846e0afe67de6912dc6,SELL,0x3488f31e6449f9803f99a8b5dd232c7ad883637f1c86e6953305a2ef19c77f20,345.0,0.998,1772268635,"US strikes Iran by February 28, 2026?",us-strikes-iran-by-february-28-2026-227-967-547-688-589-491-592-418-452-924-384-915-464-672-196-157-993-596-269-535-381-391-471-256-988-997-296-225-762-973-292-827-345-182-558-215-794-879-189-761,us-strikes-iran-by,Yes,0,,344.31
0xfc9b08f463abd7b03fb31d4e4d2e64e60139ef9f,SELL,0x3488f31e6449f9803f99a8b5dd232c7ad883637f1c86e6953305a2ef19c77f20,344.82,0.997,1772264209,"US strikes Iran by February 28, 2026?",us-strikes-iran-by-february-28-2026-227-967-547-688-589-491-592-418-452-924-384-915-464-672-196-157-993-596-269-535-381-391-471-256-988-997-296-225-762-973-292-827-345-182-558-215-794-879-189-761,us-strikes-iran-by,Yes,0,0xFc9B08F463AbD7b03FB31d4e4d2e64E60139ef9F-1771509656064,343.78553999999997
0x0e8637ccf08b06bde8134eedcb6258d84074155f,SELL,0x3488f31e6449f9803f99a8b5dd232c7ad883637f1c86e6953305a2ef19c77f20,343.97,0.998,1772265955,"US strikes Iran by February 28, 2026?",us-strikes-iran-by-february-28-2026-227-967-547-688-589-491-592-418-452-924-384-915-464-672-196-157-993-596-269-535-381-391-471-256-988-997-296-225-762-973-292-827-345-182-558-215-794-879-189-761,us-strikes-iran-by,Yes,0,0x0E8637cCF08b06Bde8134eEDcb6258D84074155F-1767525394591,343.28206
0xbd60272a3537af6f67ab2cf5f01e45c3ea59423a,SELL,0x3488f31e6449f9803f99a8b5dd232c7ad883637f1c86e6953305a2ef19c77f20,333.36,0.998,1772265335,"US strikes Iran by February 28, 2026?",us-strikes-iran-by-february-28-2026-227-967-547-688-589-491-592-418-452-924-384-915-464-672-196-157-993-596-269-535-381-391-471-256-988-997-296-225-762-973-292-827-345-182-558-215-794-879-189-761,us-strikes-iran-by,Yes,0,gilibh709,332.69328
0xd844deb6884a4cf4cb91c945277973d372d4cdd9,SELL,0x3488f31e6449f9803f99a8b5dd232c7ad883637f1c86e6953305a2ef19c77f20,333.5,0.997,1772264567,"US strikes Iran by February 28, 2026?",us-strikes-iran-by-february-28-2026-227-967-547-688-589-491-592-418-452-924-384-915-464-672-196-157-993-596-269-535-381-391-471-256-988-997-296-225-762-973-292-827-345-182-558-215-794-879-189-761,us-strikes-iran-by,Yes,0,,332.4995
0x69fb5cc7a2979b5deea6e831345c4ec6757a3756,SELL,0x3488f31e6449f9803f99a8b5dd232c7ad883637f1c86e6953305a2ef19c77f20,329.02,0.992,1772263845,"US strikes Iran by February 28, 2026?",us-strikes-iran-by-february-28-2026-227-967-547-688-589-491-592-418-452-924-384-915-464-672-196-157-993-596-269-535-381-391-471-256-988-997-296-225-762-973-292-827-345-182-558-215-794-879-189-761,us-strikes-iran-by,Yes,0,0x69fb5cc7a2979B5deea6e831345c4EC6757A3756-1769531701941,326.38784
0x9d1bc53ca89462d6faf938230b1700a813a4818a,SELL,0x3488f31e6449f9803f99a8b5dd232c7ad883637f1c86e6953305a2ef19c77f20,326.2,0.999,1772270753,"US strikes Iran by February 28, 2026?",us-strikes-iran-by-february-28-2026-227-967-547-688-589-491-592-418-452-924-384-915-464-672-196-157-993-596-269-535-381-391-471-256-988-997-296-225-762-973-292-827-345-182-558-215-794-879-189-761,us-strikes-iran-by,Yes,0,0x9D1bc53ca89462d6fAF938230B1700A813A4818A-1767909605691,325.87379999999996
0xfc3b3f052974339ea0859ff84ccd33376ade92f8,SELL,0x3488f31e6449f9803f99a8b5dd232c7ad883637f1c86e6953305a2ef19c77f20,322.0,0.998,1772265467,"US strikes Iran by February 28, 2026?",us-strikes-iran-by-february-28-2026-227-967-547-688-589-491-592-418-452-924-384-915-464-672-196-157-993-596-269-535-381-391-471-256-988-997-296-225-762-973-292-827-345-182-558-215-794-879-189-761,us-strikes-iran-by,Yes,0,0xFC3b3F052974339eA0859fF84Ccd33376ade92f8-1767862649240,321.356
0x78ab6be56d8fd5cf885d37fea37b8695e2b4c71b,SELL,0x3488f31e6449f9803f99a8b5dd232c7ad883637f1c86e6953305a2ef19c77f20,320.0,0.998,1772265465,"US strikes Iran by February 28, 2026?",us-strikes-iran-by-february-28-2026-227-967-547-688-589-491-592-418-452-924-384-915-464-672-196-157-993-596-269-535-381-391-471-256-988-997-296-225-762-973-292-827-345-182-558-215-794-879-189-761,us-strikes-iran-by,Yes,0,0x78aB6be56D8fD5cf885D37fEA37b8695E2b4c71B-1761375709014,319.36
0x807f1245a51ac2a491a39443cfe7e75c1ea531f7,SELL,0x3488f31e6449f9803f99a8b5dd232c7ad883637f1c86e6953305a2ef19c77f20,322.22,0.983,1772263291,"US strikes Iran by February 28, 2026?",us-strikes-iran-by-february-28-2026-227-967-547-688-589-491-592-418-452-924-384-915-464-672-196-157-993-596-269-535-381-391-471-256-988-997-296-225-762-973-292-827-345-182-558-215-794-879-189-761,us-strikes-iran-by,Yes,0,ArgusPanoptes,316.74226000000004
0x94f5c966f93c71efba90ce7e8c8a9f1f221688dc,BUY,0x3488f31e6449f9803f99a8b5dd232c7ad883637f1c86e6953305a2ef19c77f20,317.13,0.998,1772264605,"US strikes Iran by February 28, 2026?",us-strikes-iran-by-february-28-2026-227-967-547-688-589-491-592-418-452-924-384-915-464-672-196-157-993-596-269-535-381-391-471-256-988-997-296-225-762-973-292-827-345-182-558-215-794-879-189-761,us-strikes-iran-by,Yes,0,LIBING04,316.49574
0xe07a51e0f7bec021abf0168604eba5ea4d9b7490,SELL,0x3488f31e6449f9803f99a8b5dd232c7ad883637f1c86e6953305a2ef19c77f20,313.59,0.998,1772265877,"US strikes Iran by February 28, 2026?",us-strikes-iran-by-february-28-2026-227-967-547-688-589-491-592-418-452-924-384-915-464-672-196-157-993-596-269-535-381-391-471-256-988-997-296-225-762-973-292-827-345-182-558-215-794-879-189-761,us-strikes-iran-by,Yes,0,Espenbams,312.96281999999997
0xeeda0f068664ff2ef51aba459aad812b33df426f,SELL,0x3488f31e6449f9803f99a8b5dd232c7ad883637f1c86e6953305a2ef19c77f20,315.85,0.986,1772263685,"US strikes Iran by February 28, 2026?",us-strikes-iran-by-february-28-2026-227-967-547-688-589-491-592-418-452-924-384-915-464-672-196-157-993-596-269-535-381-391-471-256-988-997-296-225-762-973-292-827-345-182-558-215-794-879-189-761,us-strikes-iran-by,Yes,0,Omermalihi,311.42810000000003
0xa96884f5b2ed6ced8fce0a433f95366b9cf332ef,SELL,0x3488f31e6449f9803f99a8b5dd232c7ad883637f1c86e6953305a2ef19c77f20,311.18,0.997,1772264855,"US strikes Iran by February 28, 2026?",us-strikes-iran-by-february-28-2026-227-967-547-688-589-491-592-418-452-924-384-915-464-672-196-157-993-596-269-535-381-391-471-256-988-997-296-225-762-973-292-827-345-182-558-215-794-879-189-761,us-strikes-iran-by,Yes,0,Owl88,310.24646
0xd5ecdde8f25c48b4116e28d7e7ad0359fe9c681e,SELL,0x3488f31e6449f9803f99a8b5dd232c7ad883637f1c86e6953305a2ef19c77f20,310.0,0.998,1772264689,"US strikes Iran by February 28, 2026?",us-strikes-iran-by-february-28-2026-227-967-547-688-589-491-592-418-452-924-384-915-464-672-196-157-993-596-269-535-381-391-471-256-988-997-296-225-762-973-292-827-345-182-558-215-794-879-189-761,us-strikes-iran-by,Yes,0,f46nnn,309.38
0x8692b0229f9747922318c949244e50e5e880f6c8,SELL,0x3488f31e6449f9803f99a8b5dd232c7ad883637f1c86e6953305a2ef19c77f20,309.15,0.999,1772269941,"US strikes Iran by February 28, 2026?",us-strikes-iran-by-february-28-2026-227-967-547-688-589-491-592-418-452-924-384-915-464-672-196-157-993-596-269-535-381-391-471-256-988-997-296-225-762-973-292-827-345-182-558-215-794-879-189-761,us-strikes-iran-by,Yes,0,james7rjames7r,308.84085
0x5f94840af656158cb3f7f8d89a9d4392d97fd03e,SELL,0x3488f31e6449f9803f99a8b5dd232c7ad883637f1c86e6953305a2ef19c77f20,308.16,0.999,1772267641,"US strikes Iran by February 28, 2026?",us-strikes-iran-by-february-28-2026-227-967-547-688-589-491-592-418-452-924-384-915-464-672-196-157-993-596-269-535-381-391-471-256-988-997-296-225-762-973-292-827-345-182-558-215-794-879-189-761,us-strikes-iran-by,Yes,0,0x5f94840aF656158CB3F7F8D89a9D4392D97fD03E-1772007699219,307.85184000000004
0xc6b208e3690e6c8cb5c9fff4506118e0dbf7cc5f,BUY,0x3488f31e6449f9803f99a8b5dd232c7ad883637f1c86e6953305a2ef19c77f20,307.525049,0.9979999970669056,1772264237,"US strikes Iran by February 28, 2026?",us-strikes-iran-by-february-28-2026-227-967-547-688-589-491-592-418-452-924-384-915-464-672-196-157-993-596-269-535-381-391-471-256-988-997-296-225-762-973-292-827-345-182-558-215-794-879-189-761,us-strikes-iran-by,Yes,0,trummp,306.90999800000003
0xc97b0b2a2547bb3ed57167092ef8a6e816c347e5,SELL,0x3488f31e6449f9803f99a8b5dd232c7ad883637f1c86e6953305a2ef19c77f20,310.0,0.99,1772263817,"US strikes Iran by February 28, 2026?",us-strikes-iran-by-february-28-2026-227-967-547-688-589-491-592-418-452-924-384-915-464-672-196-157-993-596-269-535-381-391-471-256-988-997-296-225-762-973-292-827-345-182-558-215-794-879-189-761,us-strikes-iran-by,Yes,0,0xC97b0b2A2547bB3eD57167092EF8a6e816C347E5-1770003388001,306.9
0x01b661a91f880753cd9f7f76ee327f138304db89,SELL,0x3488f31e6449f9803f99a8b5dd232c7ad883637f1c86e6953305a2ef19c77f20,307.27,0.998,1772266049,"US strikes Iran by February 28, 2026?",us-strikes-iran-by-february-28-2026-227-967-547-688-589-491-592-418-452-924-384-915-464-672-196-157-993-596-269-535-381-391-471-256-988-997-296-225-762-973-292-827-345-182-558-215-794-879-189-761,us-strikes-iran-by,Yes,0,0x01B661A91f880753cd9F7F76ee327F138304DB89-1771450187001,306.65546
0x9aa6d04cc8b1211b921f9905ce6215b58d7454a4,SELL,0x3488f31e6449f9803f99a8b5dd232c7ad883637f1c86e6953305a2ef19c77f20,306.12,0.999,1772268003,"US strikes Iran by February 28, 2026?",us-strikes-iran-by-february-28-2026-227-967-547-688-589-491-592-418-452-924-384-915-464-672-196-157-993-596-269-535-381-391-471-256-988-997-296-225-762-973-292-827-345-182-558-215-794-879-189-761,us-strikes-iran-by,Yes,0,waytotriffamansion,305.81388
0x25b7ad36c01f16f4186e50b8403c012aa68acc0e,SELL,0x3488f31e6449f9803f99a8b5dd232c7ad883637f1c86e6953305a2ef19c77f20,304.82,0.998,1772264535,"US strikes Iran by February 28, 2026?",us-strikes-iran-by-february-28-2026-227-967-547-688-589-491-592-418-452-924-384-915-464-672-196-157-993-596-269-535-381-391-471-256-988-997-296-225-762-973-292-827-345-182-558-215-794-879-189-761,us-strikes-iran-by,Yes,0,0x25B7AD36C01F16F4186E50B8403c012aa68aCc0e-1772259695473,304.21036
0xdc794a39bc89882e7e3ce813ff1e8b3a40a2021d,SELL,0x3488f31e6449f9803f99a8b5dd232c7ad883637f1c86e6953305a2ef19c77f20,307.89,0.986,1772263429,"US strikes Iran by February 28, 2026?",us-strikes-iran-by-february-28-2026-227-967-547-688-589-491-592-418-452-924-384-915-464-672-196-157-993-596-269-535-381-391-471-256-988-997-296-225-762-973-292-827-345-182-558-215-794-879-189-761,us-strikes-iran-by,Yes,0,0xdC794a39bC89882e7e3Ce813ff1e8b3a40a2021d-1769628192828,303.57954
0x771ca6f453a69e4991cf5c2203ae14845434660c,SELL,0x3488f31e6449f9803f99a8b5dd232c7ad883637f1c86e6953305a2ef19c77f20,303.82,0.999,1772269575,"US strikes Iran by February 28, 2026?",us-strikes-iran-by-february-28-2026-227-967-547-688-589-491-592-418-452-924-384-915-464-672-196-157-993-596-269-535-381-391-471-256-988-997-296-225-762-973-292-827-345-182-558-215-794-879-189-761,us-strikes-iran-by,Yes,0,Thanksforthemoney,303.51618
0xb82e1b169b476dd3e79b65cc8b4a15e43f81bc64,SELL,0x3488f31e6449f9803f99a8b5dd232c7ad883637f1c86e6953305a2ef19c77f20,303.03,0.999,1772271139,"US strikes Iran by February 28, 2026?",us-strikes-iran-by-february-28-2026-227-967-547-688-589-491-592-418-452-924-384-915-464-672-196-157-993-596-269-535-381-391-471-256-988-997-296-225-762-973-292-827-345-182-558-215-794-879-189-761,us-strikes-iran-by,Yes,0,,302.72697
0x40112dc9fb2743225379fd93db8c6525ad809f61,BUY,0x3488f31e6449f9803f99a8b5dd232c7ad883637f1c86e6953305a2ef19c77f20,109603.69,0.002737134123860246,1772264535,"US strikes Iran by February 28, 2026?",us-strikes-iran-by-february-28-2026-227-967-547-688-589-491-592-418-452-924-384-915-464-672-196-157-993-596-269-535-381-391-471-256-988-997-296-225-762-973-292-827-345-182-558-215-794-879-189-761,us-strikes-iran-by,No,1,0x40112dC9Fb2743225379Fd93db8C6525aD809f61-1772113866600,300.0
0x789a4c347bdfb52d8772fa8225917cbfc13a1dda,BUY,0x3488f31e6449f9803f99a8b5dd232c7ad883637f1c86e6953305a2ef19c77f20,304.229142,0.9859999999605561,1772263285,"US strikes Iran by February 28, 2026?",us-strikes-iran-by-february-28-2026-227-967-547-688-589-491-592-418-452-924-384-915-464-672-196-157-993-596-269-535-381-391-471-256-988-997-296-225-762-973-292-827-345-182-558-215-794-879-189-761,us-strikes-iran-by,Yes,0,AboutTime,299.969934
0xe39783f92ee0985f1ab5fe514030f946825abfcb,SELL,0x3488f31e6449f9803f99a8b5dd232c7ad883637f1c86e6953305a2ef19c77f20,300.0,0.999,1772267515,"US strikes Iran by February 28, 2026?",us-strikes-iran-by-february-28-2026-227-967-547-688-589-491-592-418-452-924-384-915-464-672-196-157-993-596-269-535-381-391-471-256-988-997-296-225-762-973-292-827-345-182-558-215-794-879-189-761,us-strikes-iran-by,Yes,0,0xE39783F92EE0985f1aB5fe514030f946825abFCb-1763008583582,299.7
0xe93675c9e43b42697a860787d7868d39329fb7fe,SELL,0x3488f31e6449f9803f99a8b5dd232c7ad883637f1c86e6953305a2ef19c77f20,300.0,0.999,1772270687,"US strikes Iran by February 28, 2026?",us-strikes-iran-by-february-28-2026-227-967-547-688-589-491-592-418-452-924-384-915-464-672-196-157-993-596-269-535-381-391-471-256-988-997-296-225-762-973-292-827-345-182-558-215-794-879-189-761,us-strikes-iran-by,Yes,0,Ale9166,299.7
0x804839addc35c535452b22cf8fd240bfc5aa3838,SELL,0x3488f31e6449f9803f99a8b5dd232c7ad883637f1c86e6953305a2ef19c77f20,300.0,0.998,1772268681,"US strikes Iran by February 28, 2026?",us-strikes-iran-by-february-28-2026-227-967-547-688-589-491-592-418-452-924-384-915-464-672-196-157-993-596-269-535-381-391-471-256-988-997-296-225-762-973-292-827-345-182-558-215-794-879-189-761,us-strikes-iran-by,Yes,0,Arkham1979,299.4
0x2eefe3ec33179e2cb178ae88ba417e555446b716,SELL,0x3488f31e6449f9803f99a8b5dd232c7ad883637f1c86e6953305a2ef19c77f20,300.0,0.998,1772265527,"US strikes Iran by February 28, 2026?",us-strikes-iran-by-february-28-2026-227-967-547-688-589-491-592-418-452-924-384-915-464-672-196-157-993-596-269-535-381-391-471-256-988-997-296-225-762-973-292-827-345-182-558-215-794-879-189-761,us-strikes-iran-by,Yes,0,0x2eefe3Ec33179E2cB178ae88ba417E555446b716-1770922951906,299.4
0xef55c83e8f7c1573408db55f443f6f29a3619eb9,SELL,0x3488f31e6449f9803f99a8b5dd232c7ad883637f1c86e6953305a2ef19c77f20,294.55,0.998,1772266459,"US strikes Iran by February 28, 2026?",us-strikes-iran-by-february-28-2026-227-967-547-688-589-491-592-418-452-924-384-915-464-672-196-157-993-596-269-535-381-391-471-256-988-997-296-225-762-973-292-827-345-182-558-215-794-879-189-761,us-strikes-iran-by,Yes,0,johnthegreat04061990,293.96090000000004
0xfebe4f5dacc4a70a59d0055dbdcc019fd2ed2984,SELL,0x3488f31e6449f9803f99a8b5dd232c7ad883637f1c86e6953305a2ef19c77f20,294.11,0.999,1772270181,"US strikes Iran by February 28, 2026?",us-strikes-iran-by-february-28-2026-227-967-547-688-589-491-592-418-452-924-384-915-464-672-196-157-993-596-269-535-381-391-471-256-988-997-296-225-762-973-292-827-345-182-558-215-794-879-189-761,us-strikes-iran-by,Yes,0,dwaynehindman29,293.81589
0xaab32403acff79799e148a897de5becd104e97ea,SELL,0x3488f31e6449f9803f99a8b5dd232c7ad883637f1c86e6953305a2ef19c77f20,294.11,0.998,1772266113,"US strikes Iran by February 28, 2026?",us-strikes-iran-by-february-28-2026-227-967-547-688-589-491-592-418-452-924-384-915-464-672-196-157-993-596-269-535-381-391-471-256-988-997-296-225-762-973-292-827-345-182-558-215-794-879-189-761,us-strikes-iran-by,Yes,0,kundacikas,293.52178000000004
0xb3333151ac140a488338636747e76a4c94cf0010,SELL,0x3488f31e6449f9803f99a8b5dd232c7ad883637f1c86e6953305a2ef19c77f20,292.11,0.989,1772263783,"US strikes Iran by February 28, 2026?",us-strikes-iran-by-february-28-2026-227-967-547-688-589-491-592-418-452-924-384-915-464-672-196-157-993-596-269-535-381-391-471-256-988-997-296-225-762-973-292-827-345-182-558-215-794-879-189-761,us-strikes-iran-by,Yes,0,0xB3333151aC140a488338636747E76A4c94Cf0010-1768509750988,288.89679
0x86a6bcd9a1d302ef258475cf66e50f8e62e01b3e,SELL,0x3488f31e6449f9803f99a8b5dd232c7ad883637f1c86e6953305a2ef19c77f20,289.47,0.998,1772268423,"US strikes Iran by February 28, 2026?",us-strikes-iran-by-february-28-2026-227-967-547-688-589-491-592-418-452-924-384-915-464-672-196-157-993-596-269-535-381-391-471-256-988-997-296-225-762-973-292-827-345-182-558-215-794-879-189-761,us-strikes-iran-by,Yes,0,velto92,288.89106000000004
0xf954a573e78a0243f7c44e5d96593428e52be097,SELL,0x3488f31e6449f9803f99a8b5dd232c7ad883637f1c86e6953305a2ef19c77f20,285.71,0.994,1772263927,"US strikes Iran by February 28, 2026?",us-strikes-iran-by-february-28-2026-227-967-547-688-589-491-592-418-452-924-384-915-464-672-196-157-993-596-269-535-381-391-471-256-988-997-296-225-762-973-292-827-345-182-558-215-794-879-189-761,us-strikes-iran-by,Yes,0,probablybaron,283.99573999999996
0x1af373539ed8c82326e94b1322925c04e2211d1e,SELL,0x3488f31e6449f9803f99a8b5dd232c7ad883637f1c86e6953305a2ef19c77f20,284.84,0.997,1772264181,"US strikes Iran by February 28, 2026?",us-strikes-iran-by-february-28-2026-227-967-547-688-589-491-592-418-452-924-384-915-464-672-196-157-993-596-269-535-381-391-471-256-988-997-296-225-762-973-292-827-345-182-558-215-794-879-189-761,us-strikes-iran-by,Yes,0,OnlyHope,283.98548
0x280541bd967f90e1c96e6135c47f08c11fc4c6e9,SELL,0x3488f31e6449f9803f99a8b5dd232c7ad883637f1c86e6953305a2ef19c77f20,283.87,0.999,1772270497,"US strikes Iran by February 28, 2026?",us-strikes-iran-by-february-28-2026-227-967-547-688-589-491-592-418-452-924-384-915-464-672-196-157-993-596-269-535-381-391-471-256-988-997-296-225-762-973-292-827-345-182-558-215-794-879-189-761,us-strikes-iran-by,Yes,0,,283.58613
0x20900f3a2938d916f9952b5a9e19090559b32246,SELL,0x3488f31e6449f9803f99a8b5dd232c7ad883637f1c86e6953305a2ef19c77f20,277.78,0.998,1772264427,"US strikes Iran by February 28, 2026?",us-strikes-iran-by-february-28-2026-227-967-547-688-589-491-592-418-452-924-384-915-464-672-196-157-993-596-269-535-381-391-471-256-988-997-296-225-762-973-292-827-345-182-558-215-794-879-189-761,us-strikes-iran-by,Yes,0,dddgen,277.22443999999996
0xe3ad506d74ac688738b7b4235550b71980a56c12,SELL,0x3488f31e6449f9803f99a8b5dd232c7ad883637f1c86e6953305a2ef19c77f20,277.77,0.993,1772263861,"US strikes Iran by February 28, 2026?",us-strikes-iran-by-february-28-2026-227-967-547-688-589-491-592-418-452-924-384-915-464-672-196-157-993-596-269-535-381-391-471-256-988-997-296-225-762-973-292-827-345-182-558-215-794-879-189-761,us-strikes-iran-by,Yes,0,0xE3ad506D74aC688738b7b4235550B71980A56C12-1770920360375,275.82561
0xdb9a3ec19a4ed76bf060fd834b2b5a411b9c6876,SELL,0x3488f31e6449f9803f99a8b5dd232c7ad883637f1c86e6953305a2ef19c77f20,272.04,0.998,1772266733,"US strikes Iran by February 28, 2026?",us-strikes-iran-by-february-28-2026-227-967-547-688-589-491-592-418-452-924-384-915-464-672-196-157-993-596-269-535-381-391-471-256-988-997-296-225-762-973-292-827-345-182-558-215-794-879-189-761,us-strikes-iran-by,Yes,0,stranger666,271.49592
0x97b783b7680a127c49394cfa7ac1a677cbc46843,SELL,0x3488f31e6449f9803f99a8b5dd232c7ad883637f1c86e6953305a2ef19c77f20,267.78,0.998,1772266761,"US strikes Iran by February 28, 2026?",us-strikes-iran-by-february-28-2026-227-967-547-688-589-491-592-418-452-924-384-915-464-672-196-157-993-596-269-535-381-391-471-256-988-997-296-225-762-973-292-827-345-182-558-215-794-879-189-761,us-strikes-iran-by,Yes,0,HCMRL,267.24444
0xdaf5e651e33252d82f0737d5de456cc25692fd17,SELL,0x3488f31e6449f9803f99a8b5dd232c7ad883637f1c86e6953305a2ef19c77f20,266.66,0.997,1772264345,"US strikes Iran by February 28, 2026?",us-strikes-iran-by-february-28-2026-227-967-547-688-589-491-592-418-452-924-384-915-464-672-196-157-993-596-269-535-381-391-471-256-988-997-296-225-762-973-292-827-345-182-558-215-794-879-189-761,us-strikes-iran-by,Yes,0,0xDaf5E651e33252d82F0737D5dE456CC25692fD17-1771868460087,265.86002
0x56fbc403425c0435e9f969bde91bf87412189601,SELL,0x3488f31e6449f9803f99a8b5dd232c7ad883637f1c86e6953305a2ef19c77f20,269.14,0.983,1772263313,"US strikes Iran by February 28, 2026?",us-strikes-iran-by-february-28-2026-227-967-547-688-589-491-592-418-452-924-384-915-464-672-196-157-993-596-269-535-381-391-471-256-988-997-296-225-762-973-292-827-345-182-558-215-794-879-189-761,us-strikes-iran-by,Yes,0,0x56fbc403425c0435E9F969bdE7BF87412189701,264.56462
0x9e87afb3aa606fbb257c47da896bbf34c52357af,SELL,0x3488f31e6449f9803f99a8b5dd232c7ad883637f1c86e6953305a2ef19c77f20,264.16,0.999,1772267003,"US strikes Iran by February 28, 2026?",us-strikes-iran-by-february-28-2026-227-967-547-688-589-491-592-418-452-924-384-915-464-672-196-157-993-596-269-535-381-391-471-256-988-997-296-225-762-973-292-827-345-182-558-215-794-879-189-761,us-strikes-iran-by,Yes,0,Iknowup,263.89584
0xbedafcdd5bf046ed63949aa142d0e390755e77fb,SELL,0x3488f31e6449f9803f99a8b5dd232c7ad883637f1c86e6953305a2ef19c77f20,264.15,0.998,1772268947,"US strikes Iran by February 28, 2026?",us-strikes-iran-by-february-28-2026-227-967-547-688-589-491-592-418-452-924-384-915-464-672-196-157-993-596-269-535-381-391-471-256-988-997-296-225-762-973-292-827-345-182-558-215-794-879-189-761,us-strikes-iran-by,Yes,0,0xbEDAfcDd5BF046eD63949Aa142d0e390755e77Fb-1771020400339,263.6217
0x9db57610748fd17791d07f3d33ed5a56726a37ea,SELL,0x3488f31e6449f9803f99a8b5dd232c7ad883637f1c86e6953305a2ef19c77f20,263.64,0.998,1772264339,"US strikes Iran by February 28, 2026?",us-strikes-iran-by-february-28-2026-227-967-547-688-589-491-592-418-452-924-384-915-464-672-196-157-993-596-269-535-381-391-471-256-988-997-296-225-762-973-292-827-345-182-558-215-794-879-189-761,us-strikes-iran-by,Yes,0,monkeybruh,263.11271999999997
0x2146983e93b1017d65237dee70c52683cca6f13c,SELL,0x3488f31e6449f9803f99a8b5dd232c7ad883637f1c86e6953305a2ef19c77f20,263.16,0.999,1772267647,"US strikes Iran by February 28, 2026?",us-strikes-iran-by-february-28-2026-227-967-547-688-589-491-592-418-452-924-384-915-464-672-196-157-993-596-269-535-381-391-471-256-988-997-296-225-762-973-292-827-345-182-558-215-794-879-189-761,us-strikes-iran-by,Yes,0,0x2146983e93B1017D65237DEE70c52683CCA6F13c-1771426135073,262.89684
0x68651d6ff048f1d5302dc3932ca75ed2d0c3acf8,SELL,0x3488f31e6449f9803f99a8b5dd232c7ad883637f1c86e6953305a2ef19c77f20,262.77,0.998,1772265333,"US strikes Iran by February 28, 2026?",us-strikes-iran-by-february-28-2026-227-967-547-688-589-491-592-418-452-924-384-915-464-672-196-157-993-596-269-535-381-391-471-256-988-997-296-225-762-973-292-827-345-182-558-215-794-879-189-761,us-strikes-iran-by,Yes,0,0x68651D6fF048f1D5302dC3932CA75ed2d0c3AcF8-1771493715545,262.24446
0xf6b3f11b957a404a0ea2360a855ea1eb16a1c587,SELL,0x3488f31e6449f9803f99a8b5dd232c7ad883637f1c86e6953305a2ef19c77f20,261.53,0.999,1772268235,"US strikes Iran by February 28, 2026?",us-strikes-iran-by-february-28-2026-227-967-547-688-589-491-592-418-452-924-384-915-464-672-196-157-993-596-269-535-381-391-471-256-988-997-296-225-762-973-292-827-345-182-558-215-794-879-189-761,us-strikes-iran-by,Yes,0,0xF6B3f11b957a404A0EA2360a855ea1EB16A1C587-1769787848515,261.26847
0xc97b0b2a2547bb3ed57167092ef8a6e816c347e5,SELL,0x3488f31e6449f9803f99a8b5dd232c7ad883637f1c86e6953305a2ef19c77f20,260.0,0.998,1772264461,"US strikes Iran by February 28, 2026?",us-strikes-iran-by-february-28-2026-227-967-547-688-589-491-592-418-452-924-384-915-464-672-196-157-993-596-269-535-381-391-471-256-988-997-296-225-762-973-292-827-345-182-558-215-794-879-189-761,us-strikes-iran-by,Yes,0,0xC97b0b2A2547bB3eD57167092EF8a6e816C347E5-1770003388001,259.48
0xa15c1c337bb853502b24a8faac7dcd134f815a51,SELL,0x3488f31e6449f9803f99a8b5dd232c7ad883637f1c86e6953305a2ef19c77f20,261.15,0.992,1772263875,"US strikes Iran by February 28, 2026?",us-strikes-iran-by-february-28-2026-227-967-547-688-589-491-592-418-452-924-384-915-464-672-196-157-993-596-269-535-381-391-471-256-988-997-296-225-762-973-292-827-345-182-558-215-794-879-189-761,us-strikes-iran-by,Yes,0,aca55,259.0608
0xd616631b6c96fc7e53db0f614945f8dd3a7594e9,SELL,0x3488f31e6449f9803f99a8b5dd232c7ad883637f1c86e6953305a2ef19c77f20,257.89,0.998,1772264763,"US strikes Iran by February 28, 2026?",us-strikes-iran-by-february-28-2026-227-967-547-688-589-491-592-418-452-924-384-915-464-672-196-157-993-596-269-535-381-391-471-256-988-997-296-225-762-973-292-827-345-182-558-215-794-879-189-761,us-strikes-iran-by,Yes,0,0xd616631b6c96fc7e53Db0f614945f8dd3A7594e9-1771453499954,257.37422
0xf333437240ebb04e9763e8d7abeb23b2d4df038c,SELL,0x3488f31e6449f9803f99a8b5dd232c7ad883637f1c86e6953305a2ef19c77f20,258.08,0.986,1772263627,"US strikes Iran by February 28, 2026?",us-strikes-iran-by-february-28-2026-227-967-547-688-589-491-592-418-452-924-384-915-464-672-196-157-993-596-269-535-381-391-471-256-988-997-296-225-762-973-292-827-345-182-558-215-794-879-189-761,us-strikes-iran-by,Yes,0,0xF333437240eBb04E9763e8d7ABeB23B2d4DF038C-1769640813045,254.46687999999997
0xce952b47c0ecb54a3e81e13bea99edc241bce73d,SELL,0x3488f31e6449f9803f99a8b5dd232c7ad883637f1c86e6953305a2ef19c77f20,250.51,0.999,1772266857,"US strikes Iran by February 28, 2026?",us-strikes-iran-by-february-28-2026-227-967-547-688-589-491-592-418-452-924-384-915-464-672-196-157-993-596-269-535-381-391-471-256-988-997-296-225-762-973-292-827-345-182-558-215-794-879-189-761,us-strikes-iran-by,Yes,0,,250.25949
0x33fc314502dffad62855e7a0fbee0c0f8f92ae2f,BUY,0x3488f31e6449f9803f99a8b5dd232c7ad883637f1c86e6953305a2ef19c77f20,250000.0,0.001,1772270027,"US strikes Iran by February 28, 2026?",us-strikes-iran-by-february-28-2026-227-967-547-688-589-491-592-418-452-924-384-915-464-672-196-157-993-596-269-535-381-391-471-256-988-997-296-225-762-973-292-827-345-182-558-215-794-879-189-761,us-strikes-iran-by,No,1,Salu.30,250.0
0xfe35ff861e7018cb5965b807c493372eb9866789,SELL,0x3488f31e6449f9803f99a8b5dd232c7ad883637f1c86e6953305a2ef19c77f20,250.0,0.999,1772269561,"US strikes Iran by February 28, 2026?",us-strikes-iran-by-february-28-2026-227-967-547-688-589-491-592-418-452-924-384-915-464-672-196-157-993-596-269-535-381-391-471-256-988-997-296-225-762-973-292-827-345-182-558-215-794-879-189-761,us-strikes-iran-by,Yes,0,GUIGS,249.75
0x9f5e86db1566dc70e657be435543950b4907da72,SELL,0x3488f31e6449f9803f99a8b5dd232c7ad883637f1c86e6953305a2ef19c77f20,250.0,0.999,1772267363,"US strikes Iran by February 28, 2026?",us-strikes-iran-by-february-28-2026-227-967-547-688-589-491-592-418-452-924-384-915-464-672-196-157-993-596-269-535-381-391-471-256-988-997-296-225-762-973-292-827-345-182-558-215-794-879-189-761,us-strikes-iran-by,Yes,0,Puffdaddy19,249.75
0x46bf91d358007f8655793373d2c4e5196c2a4ea7,SELL,0x3488f31e6449f9803f99a8b5dd232c7ad883637f1c86e6953305a2ef19c77f20,250.0,0.998,1772265387,"US strikes Iran by February 28, 2026?",us-strikes-iran-by-february-28-2026-227-967-547-688-589-491-592-418-452-924-384-915-464-672-196-157-993-596-269-535-381-391-471-256-988-997-296-225-762-973-292-827-345-182-558-215-794-879-189-761,us-strikes-iran-by,Yes,0,0x46bF91d358007F8655793373d2C4e5196C2A4eA7-1772026260214,249.5
0xc97b0b2a2547bb3ed57167092ef8a6e816c347e5,SELL,0x3488f31e6449f9803f99a8b5dd232c7ad883637f1c86e6953305a2ef19c77f20,250.0,0.997,1772264351,"US strikes Iran by February 28, 2026?",us-strikes-iran-by-february-28-2026-227-967-547-688-589-491-592-418-452-924-384-915-464-672-196-157-993-596-269-535-381-391-471-256-988-997-296-225-762-973-292-827-345-182-558-215-794-879-189-761,us-strikes-iran-by,Yes,0,0xC97b0b2A2547bB3eD57167092EF8a6e816C347E5-1770003388001,249.25
0x131c8da468a06b0cf2831da2172b4839ffb56816,BUY,0x3488f31e6449f9803f99a8b5dd232c7ad883637f1c86e6953305a2ef19c77f20,248.997996,0.9979999999678713,1772264401,"US strikes Iran by February 28, 2026?",us-strikes-iran-by-february-28-2026-227-967-547-688-589-491-592-418-452-924-384-915-464-672-196-157-993-596-269-535-381-391-471-256-988-997-296-225-762-973-292-827-345-182-558-215-794-879-189-761,us-strikes-iran-by,Yes,0,0x131c8Da468a06B0Cf2831Da2172B4839Ffb56816-1767815908650,248.5
0x131c8da468a06b0cf2831da2172b4839ffb56816,SELL,0x3488f31e6449f9803f99a8b5dd232c7ad883637f1c86e6953305a2ef19c77f20,248.99,0.998,1772266029,"US strikes Iran by February 28, 2026?",us-strikes-iran-by-february-28-2026-227-967-547-688-589-491-592-418-452-924-384-915-464-672-196-157-993-596-269-535-381-391-471-256-988-997-296-225-762-973-292-827-345-182-558-215-794-879-189-761,us-strikes-iran-by,Yes,0,0x131c8Da468a06B0Cf2831Da2172B4839Ffb56816-1767815908650,248.49202
0x9ad091ca2e8f1bd69f27662edcb49dceeaa5bf3d,BUY,0x3488f31e6449f9803f99a8b5dd232c7ad883637f1c86e6953305a2ef19c77f20,250.0,0.987,1772263619,"US strikes Iran by February 28, 2026?",us-strikes-iran-by-february-28-2026-227-967-547-688-589-491-592-418-452-924-384-915-464-672-196-157-993-596-269-535-381-391-471-256-988-997-296-225-762-973-292-827-345-182-558-215-794-879-189-761,us-strikes-iran-by,Yes,0,PaddyAlpha,246.75
0x958c548ec6858c8d20010f48b737a5639e6ae45e,SELL,0x3488f31e6449f9803f99a8b5dd232c7ad883637f1c86e6953305a2ef19c77f20,244.55,0.999,1772270559,"US strikes Iran by February 28, 2026?",us-strikes-iran-by-february-28-2026-227-967-547-688-589-491-592-418-452-924-384-915-464-672-196-157-993-596-269-535-381-391-471-256-988-997-296-225-762-973-292-827-345-182-558-215-794-879-189-761,us-strikes-iran-by,Yes,0,MrBluem30,244.30545
0x9f66aa958734d9d5af35f5f19a276d23e84f3a50,SELL,0x3488f31e6449f9803f99a8b5dd232c7ad883637f1c86e6953305a2ef19c77f20,244.71,0.998,1772264665,"US strikes Iran by February 28, 2026?",us-strikes-iran-by-february-28-2026-227-967-547-688-589-491-592-418-452-924-384-915-464-672-196-157-993-596-269-535-381-391-471-256-988-997-296-225-762-973-292-827-345-182-558-215-794-879-189-761,us-strikes-iran-by,Yes,0,Rajijaji,244.22058
0xc27830f67a48df607b661ac1417e4d96b2e9a116,SELL,0x3488f31e6449f9803f99a8b5dd232c7ad883637f1c86e6953305a2ef19c77f20,243.58,0.998,1772268359,"US strikes Iran by February 28, 2026?",us-strikes-iran-by-february-28-2026-227-967-547-688-589-491-592-418-452-924-384-915-464-672-196-157-993-596-269-535-381-391-471-256-988-997-296-225-762-973-292-827-345-182-558-215-794-879-189-761,us-strikes-iran-by,Yes,0,CuckOne69,243.09284000000002
0xb100dd0158167729dc405dc91dd7038c3fad1fb6,SELL,0x3488f31e6449f9803f99a8b5dd232c7ad883637f1c86e6953305a2ef19c77f20,240.44,0.999,1772270457,"US strikes Iran by February 28, 2026?",us-strikes-iran-by-february-28-2026-227-967-547-688-589-491-592-418-452-924-384-915-464-672-196-157-993-596-269-535-381-391-471-256-988-997-296-225-762-973-292-827-345-182-558-215-794-879-189-761,us-strikes-iran-by,Yes,0,0xB100dd0158167729dc405dC91dD7038C3fAd1fB6-1767608517252,240.19956
0x43c8af3654fe7e0d7959943bd69bdc70260d6ef6,SELL,0x3488f31e6449f9803f99a8b5dd232c7ad883637f1c86e6953305a2ef19c77f20,241.68,0.989,1772263781,"US strikes Iran by February 28, 2026?",us-strikes-iran-by-february-28-2026-227-967-547-688-589-491-592-418-452-924-384-915-464-672-196-157-993-596-269-535-381-391-471-256-988-997-296-225-762-973-292-827-345-182-558-215-794-879-189-761,us-strikes-iran-by,Yes,0,0x43C8Af3654fE7E0D7959943bd69BdC70260D6ef6-1769253603562,239.02152
0x5aa486b5500863e66ed176aafb36812ffc9623d9,SELL,0x3488f31e6449f9803f99a8b5dd232c7ad883637f1c86e6953305a2ef19c77f20,238.09,0.996,1772263935,"US strikes Iran by February 28, 2026?",us-strikes-iran-by-february-28-2026-227-967-547-688-589-491-592-418-452-924-384-915-464-672-196-157-993-596-269-535-381-391-471-256-988-997-296-225-762-973-292-827-345-182-558-215-794-879-189-761,us-strikes-iran-by,Yes,0,m4kaka,237.13764
0x15785ccba49a42c9e2607a4de357b52690b3d395,SELL,0x3488f31e6449f9803f99a8b5dd232c7ad883637f1c86e6953305a2ef19c77f20,237.77,0.997,1772264159,"US strikes Iran by February 28, 2026?",us-strikes-iran-by-february-28-2026-227-967-547-688-589-491-592-418-452-924-384-915-464-672-196-157-993-596-269-535-381-391-471-256-988-997-296-225-762-973-292-827-345-182-558-215-794-879-189-761,us-strikes-iran-by,Yes,0,Shuf,237.05669
0x9e5c74c0bf46f0bf3fcd1064d17e6201c67fd8e6,SELL,0x3488f31e6449f9803f99a8b5dd232c7ad883637f1c86e6953305a2ef19c77f20,237.77,0.997,1772264165,"US strikes Iran by February 28, 2026?",us-strikes-iran-by-february-28-2026-227-967-547-688-589-491-592-418-452-924-384-915-464-672-196-157-993-596-269-535-381-391-471-256-988-997-296-225-762-973-292-827-345-182-558-215-794-879-189-761,us-strikes-iran-by,Yes,0,sportbet,237.05669
0x9fc04328779787d59935a6649ca8e7694b78cb4b,BUY,0x3488f31e6449f9803f99a8b5dd232c7ad883637f1c86e6953305a2ef19c77f20,236.9,0.985,1772263301,"US strikes Iran by February 28, 2026?",us-strikes-iran-by-february-28-2026-227-967-547-688-589-491-592-418-452-924-384-915-464-672-196-157-993-596-269-535-381-391-471-256-988-997-296-225-762-973-292-827-345-182-558-215-794-879-189-761,us-strikes-iran-by,Yes,0,DorkiPorki,233.3465
0xc3ff18fc2f30cffaddd7bdfbbcf73cdbf970593b,SELL,0x3488f31e6449f9803f99a8b5dd232c7ad883637f1c86e6953305a2ef19c77f20,230.0,0.995,1772263947,"US strikes Iran by February 28, 2026?",us-strikes-iran-by-february-28-2026-227-967-547-688-589-491-592-418-452-924-384-915-464-672-196-157-993-596-269-535-381-391-471-256-988-997-296-225-762-973-292-827-345-182-558-215-794-879-189-761,us-strikes-iran-by,Yes,0,apfsds,228.85
0xb7fa60e222fe7c6b50d854dbe3875574ef65a8f7,SELL,0x3488f31e6449f9803f99a8b5dd232c7ad883637f1c86e6953305a2ef19c77f20,229.27,0.998,1772265223,"US strikes Iran by February 28, 2026?",us-strikes-iran-by-february-28-2026-227-967-547-688-589-491-592-418-452-924-384-915-464-672-196-157-993-596-269-535-381-391-471-256-988-997-296-225-762-973-292-827-345-182-558-215-794-879-189-761,us-strikes-iran-by,Yes,0,Roishtoff,228.81146
0x8c10f338ef2df6745cc15ee48c0048d3e80ded7d,SELL,0x3488f31e6449f9803f99a8b5dd232c7ad883637f1c86e6953305a2ef19c77f20,20000.0,0.011368509,1772263711,"US strikes Iran by February 28, 2026?",us-strikes-iran-by-february-28-2026-227-967-547-688-589-491-592-418-452-924-384-915-464-672-196-157-993-596-269-535-381-391-471-256-988-997-296-225-762-973-292-827-345-182-558-215-794-879-189-761,us-strikes-iran-by,No,1,b3tm0re,227.37018
0x05ded4ca82f5db11007167ed51093fcd0878906e,SELL,0x3488f31e6449f9803f99a8b5dd232c7ad883637f1c86e6953305a2ef19c77f20,223.38,0.998,1772265611,"US strikes Iran by February 28, 2026?",us-strikes-iran-by-february-28-2026-227-967-547-688-589-491-592-418-452-924-384-915-464-672-196-157-993-596-269-535-381-391-471-256-988-997-296-225-762-973-292-827-345-182-558-215-794-879-189-761,us-strikes-iran-by,Yes,0,yanir123,222.93323999999998
0xe8a2057abd53d285f7bea590b8f1dff1f04454c2,SELL,0x3488f31e6449f9803f99a8b5dd232c7ad883637f1c86e6953305a2ef19c77f20,14856.05,0.015,1772263317,"US strikes Iran by February 28, 2026?",us-strikes-iran-by-february-28-2026-227-967-547-688-589-491-592-418-452-924-384-915-464-672-196-157-993-596-269-535-381-391-471-256-988-997-296-225-762-973-292-827-345-182-558-215-794-879-189-761,us-strikes-iran-by,No,1,orderbooks,222.84074999999999
0xf0df89d9f60612e56f005a28d47210e1cb2369c5,SELL,0x3488f31e6449f9803f99a8b5dd232c7ad883637f1c86e6953305a2ef19c77f20,22221.99,0.01,1772263747,"US strikes Iran by February 28, 2026?",us-strikes-iran-by-february-28-2026-227-967-547-688-589-491-592-418-452-924-384-915-464-672-196-157-993-596-269-535-381-391-471-256-988-997-296-225-762-973-292-827-345-182-558-215-794-879-189-761,us-strikes-iran-by,No,1,0xf0df89D9F60612e56F005a28d47210e1CB2369C5-1767791574843,222.21990000000002
0x4ec17ad4d07a0d8b370e6b1d45b712a3f8889001,SELL,0x3488f31e6449f9803f99a8b5dd232c7ad883637f1c86e6953305a2ef19c77f20,222.22,0.999,1772269821,"US strikes Iran by February 28, 2026?",us-strikes-iran-by-february-28-2026-227-967-547-688-589-491-592-418-452-924-384-915-464-672-196-157-993-596-269-535-381-391-471-256-988-997-296-225-762-973-292-827-345-182-558-215-794-879-189-761,us-strikes-iran-by,Yes,0,0x4eC17AD4d07a0D8B370E6b1d45b712A3f8889001-1772225031043,221.99778
0xb500b5fed87a409a04fdbe78e8616ec87339426f,SELL,0x3488f31e6449f9803f99a8b5dd232c7ad883637f1c86e6953305a2ef19c77f20,222.22,0.998,1772264297,"US strikes Iran by February 28, 2026?",us-strikes-iran-by-february-28-2026-227-967-547-688-589-491-592-418-452-924-384-915-464-672-196-157-993-596-269-535-381-391-471-256-988-997-296-225-762-973-292-827-345-182-558-215-794-879-189-761,us-strikes-iran-by,Yes,0,ebk2werd,221.77555999999998
0xad42bc12a46d73de23d88de7711bf1e284d02734,SELL,0x3488f31e6449f9803f99a8b5dd232c7ad883637f1c86e6953305a2ef19c77f20,219.16,0.999,1772268241,"US strikes Iran by February 28, 2026?",us-strikes-iran-by-february-28-2026-227-967-547-688-589-491-592-418-452-924-384-915-464-672-196-157-993-596-269-535-381-391-471-256-988-997-296-225-762-973-292-827-345-182-558-215-794-879-189-761,us-strikes-iran-by,Yes,0,,218.94084
0x1604b15af9eab550175b268dd574a155c5ebff0e,SELL,0x3488f31e6449f9803f99a8b5dd232c7ad883637f1c86e6953305a2ef19c77f20,21505.28,0.01,1772263755,"US strikes Iran by February 28, 2026?",us-strikes-iran-by-february-28-2026-227-967-547-688-589-491-592-418-452-924-384-915-464-672-196-157-993-596-269-535-381-391-471-256-988-997-296-225-762-973-292-827-345-182-558-215-794-879-189-761,us-strikes-iran-by,No,1,spandexter,215.0528
0x84ce039823bb07094bde5eb65b0e89c59734673b,SELL,0x3488f31e6449f9803f99a8b5dd232c7ad883637f1c86e6953305a2ef19c77f20,215.0,0.997,1772264213,"US strikes Iran by February 28, 2026?",us-strikes-iran-by-february-28-2026-227-967-547-688-589-491-592-418-452-924-384-915-464-672-196-157-993-596-269-535-381-391-471-256-988-997-296-225-762-973-292-827-345-182-558-215-794-879-189-761,us-strikes-iran-by,Yes,0,0x84cE039823bB07094BDE5eB65b0E89C59734673B-1768487950143,214.355
0x630793dbeca8a2ca2d4332bd8bfd312ee908a346,SELL,0x3488f31e6449f9803f99a8b5dd232c7ad883637f1c86e6953305a2ef19c77f20,217.39,0.986,1772263429,"US strikes Iran by February 28, 2026?",us-strikes-iran-by-february-28-2026-227-967-547-688-589-491-592-418-452-924-384-915-464-672-196-157-993-596-269-535-381-391-471-256-988-997-296-225-762-973-292-827-345-182-558-215-794-879-189-761,us-strikes-iran-by,Yes,0,0x630793DbeCa8A2CA2D4332bd8bFd312ee908a346-1769061118153,214.34653999999998
0x23e29f1a1a9acc52f17d544ac44ddc057a5a47da,SELL,0x3488f31e6449f9803f99a8b5dd232c7ad883637f1c86e6953305a2ef19c77f20,214.28,0.998,1772266729,"US strikes Iran by February 28, 2026?",us-strikes-iran-by-february-28-2026-227-967-547-688-589-491-592-418-452-924-384-915-464-672-196-157-993-596-269-535-381-391-471-256-988-997-296-225-762-973-292-827-345-182-558-215-794-879-189-761,us-strikes-iran-by,Yes,0,0x23e29F1A1A9ACC52f17d544AC44DdC057A5A47da-1769180615551,213.85144
0x64b732250c8a2206ccf0c54f1b1a776082335caf,SELL,0x3488f31e6449f9803f99a8b5dd232c7ad883637f1c86e6953305a2ef19c77f20,216.48,0.986,1772263469,"US strikes Iran by February 28, 2026?",us-strikes-iran-by-february-28-2026-227-967-547-688-589-491-592-418-452-924-384-915-464-672-196-157-993-596-269-535-381-391-471-256-988-997-296-225-762-973-292-827-345-182-558-215-794-879-189-761,us-strikes-iran-by,Yes,0,Matanel,213.44928
0xa05aef44a981f7f783d33c4bf51b4d198bebcc49,BUY,0x3488f31e6449f9803f99a8b5dd232c7ad883637f1c86e6953305a2ef19c77f20,213.43,0.999,1772264933,"US strikes Iran by February 28, 2026?",us-strikes-iran-by-february-28-2026-227-967-547-688-589-491-592-418-452-924-384-915-464-672-196-157-993-596-269-535-381-391-471-256-988-997-296-225-762-973-292-827-345-182-558-215-794-879-189-761,us-strikes-iran-by,Yes,0,shaoange,213.21657000000002
0x75ea02e118b2161f99a02e7be52eabda31461616,SELL,0x3488f31e6449f9803f99a8b5dd232c7ad883637f1c86e6953305a2ef19c77f20,215.55,0.987,1772263507,"US strikes Iran by February 28, 2026?",us-strikes-iran-by-february-28-2026-227-967-547-688-589-491-592-418-452-924-384-915-464-672-196-157-993-596-269-535-381-391-471-256-988-997-296-225-762-973-292-827-345-182-558-215-794-879-189-761,us-strikes-iran-by,Yes,0,,212.74785
0x06dfd53e0c6196c58de8a3bb82ace3de4dd552de,SELL,0x3488f31e6449f9803f99a8b5dd232c7ad883637f1c86e6953305a2ef19c77f20,214.81,0.989,1772263765,"US strikes Iran by February 28, 2026?",us-strikes-iran-by-february-28-2026-227-967-547-688-589-491-592-418-452-924-384-915-464-672-196-157-993-596-269-535-381-391-471-256-988-997-296-225-762-973-292-827-345-182-558-215-794-879-189-761,us-strikes-iran-by,Yes,0,Finaflex9,212.44709
0xc21be9277a84523f3cc2dad3466aa4bf3efa31d1,SELL,0x3488f31e6449f9803f99a8b5dd232c7ad883637f1c86e6953305a2ef19c77f20,211.95,0.998,1772266655,"US strikes Iran by February 28, 2026?",us-strikes-iran-by-february-28-2026-227-967-547-688-589-491-592-418-452-924-384-915-464-672-196-157-993-596-269-535-381-391-471-256-988-997-296-225-762-973-292-827-345-182-558-215-794-879-189-761,us-strikes-iran-by,Yes,0,Geepiti,211.52609999999999
0x198a843b90e1a52d573c6021e2bd6c5d1a093ca3,SELL,0x3488f31e6449f9803f99a8b5dd232c7ad883637f1c86e6953305a2ef19c77f20,17532.06,0.012,1772263639,"US strikes Iran by February 28, 2026?",us-strikes-iran-by-february-28-2026-227-967-547-688-589-491-592-418-452-924-384-915-464-672-196-157-993-596-269-535-381-391-471-256-988-997-296-225-762-973-292-827-345-182-558-215-794-879-189-761,us-strikes-iran-by,No,1,il1,210.38472000000002
0xc4c1246af95cf0cfe70448f08a1a3655b6e77324,SELL,0x3488f31e6449f9803f99a8b5dd232c7ad883637f1c86e6953305a2ef19c77f20,210.52,0.999,1772269507,"US strikes Iran by February 28, 2026?",us-strikes-iran-by-february-28-2026-227-967-547-688-589-491-592-418-452-924-384-915-464-672-196-157-993-596-269-535-381-391-471-256-988-997-296-225-762-973-292-827-345-182-558-215-794-879-189-761,us-strikes-iran-by,Yes,0,Cattail,210.30948
0x8c726255b86c18d8127520077f64fd68f997893e,SELL,0x3488f31e6449f9803f99a8b5dd232c7ad883637f1c86e6953305a2ef19c77f20,211.8,0.992,1772263829,"US strikes Iran by February 28, 2026?",us-strikes-iran-by-february-28-2026-227-967-547-688-589-491-592-418-452-924-384-915-464-672-196-157-993-596-269-535-381-391-471-256-988-997-296-225-762-973-292-827-345-182-558-215-794-879-189-761,us-strikes-iran-by,Yes,0,0x8c726255B86C18D8127520077f64Fd68f997893E-1769902533987,210.1056
0xd550332c4393dac929c7202e45741042b96fe673,SELL,0x3488f31e6449f9803f99a8b5dd232c7ad883637f1c86e6953305a2ef19c77f20,210.52,0.997,1772264627,"US strikes Iran by February 28, 2026?",us-strikes-iran-by-february-28-2026-227-967-547-688-589-491-592-418-452-924-384-915-464-672-196-157-993-596-269-535-381-391-471-256-988-997-296-225-762-973-292-827-345-182-558-215-794-879-189-761,us-strikes-iran-by,Yes,0,0xd550332c4393dAc929C7202e45741042B96fE673-1768256207503,209.88844
0xe900596565646716dde040591ad7b319bec5bb13,SELL,0x3488f31e6449f9803f99a8b5dd232c7ad883637f1c86e6953305a2ef19c77f20,210.0,0.998,1772264759,"US strikes Iran by February 28, 2026?",us-strikes-iran-by-february-28-2026-227-967-547-688-589-491-592-418-452-924-384-915-464-672-196-157-993-596-269-535-381-391-471-256-988-997-296-225-762-973-292-827-345-182-558-215-794-879-189-761,us-strikes-iran-by,Yes,0,holymaria,209.58
0x6f754c9ac077042fc79feedb02fb989bd978ca52,SELL,0x3488f31e6449f9803f99a8b5dd232c7ad883637f1c86e6953305a2ef19c77f20,212.15,0.987,1772263667,"US strikes Iran by February 28, 2026?",us-strikes-iran-by-february-28-2026-227-967-547-688-589-491-592-418-452-924-384-915-464-672-196-157-993-596-269-535-381-391-471-256-988-997-296-225-762-973-292-827-345-182-558-215-794-879-189-761,us-strikes-iran-by,Yes,0,,209.39205
0xd227e5ed941cc7175b2014b897453c37b96a0e69,SELL,0x3488f31e6449f9803f99a8b5dd232c7ad883637f1c86e6953305a2ef19c77f20,212.46,0.985,1772263581,"US strikes Iran by February 28, 2026?",us-strikes-iran-by-february-28-2026-227-967-547-688-589-491-592-418-452-924-384-915-464-672-196-157-993-596-269-535-381-391-471-256-988-997-296-225-762-973-292-827-345-182-558-215-794-879-189-761,us-strikes-iran-by,Yes,0,Kkkddd1998,209.2731
0x0efb34a6c6995f405c155c67df1efb7bd9425b43,SELL,0x3488f31e6449f9803f99a8b5dd232c7ad883637f1c86e6953305a2ef19c77f20,208.33,0.999,1772270195,"US strikes Iran by February 28, 2026?",us-strikes-iran-by-february-28-2026-227-967-547-688-589-491-592-418-452-924-384-915-464-672-196-157-993-596-269-535-381-391-471-256-988-997-296-225-762-973-292-827-345-182-558-215-794-879-189-761,us-strikes-iran-by,Yes,0,,208.12167000000002
0xc9724c3b9d0e61b1ececa07638b665320d425dc4,SELL,0x3488f31e6449f9803f99a8b5dd232c7ad883637f1c86e6953305a2ef19c77f20,208.33,0.998,1772264423,"US strikes Iran by February 28, 2026?",us-strikes-iran-by-february-28-2026-227-967-547-688-589-491-592-418-452-924-384-915-464-672-196-157-993-596-269-535-381-391-471-256-988-997-296-225-762-973-292-827-345-182-558-215-794-879-189-761,us-strikes-iran-by,Yes,0,bazell,207.91334
0xf3e17b40eafc80101adaf46737eed461801f6845,SELL,0x3488f31e6449f9803f99a8b5dd232c7ad883637f1c86e6953305a2ef19c77f20,208.33,0.998,1772268185,"US strikes Iran by February 28, 2026?",us-strikes-iran-by-february-28-2026-227-967-547-688-589-491-592-418-452-924-384-915-464-672-196-157-993-596-269-535-381-391-471-256-988-997-296-225-762-973-292-827-345-182-558-215-794-879-189-761,us-strikes-iran-by,Yes,0,0xf3E17b40Eafc80101adaf46737EED461801F6845-1767658026685,207.91334
0x19e586bec1508c8baf7cdbd4dd1bd86bf6342069,SELL,0x3488f31e6449f9803f99a8b5dd232c7ad883637f1c86e6953305a2ef19c77f20,208.33,0.998,1772266123,"US strikes Iran by February 28, 2026?",us-strikes-iran-by-february-28-2026-227-967-547-688-589-491-592-418-452-924-384-915-464-672-196-157-993-596-269-535-381-391-471-256-988-997-296-225-762-973-292-827-345-182-558-215-794-879-189-761,us-strikes-iran-by,Yes,0,,207.91334
0xb611dd476dcd34d7ad51edb18db4f10155f82d08,SELL,0x3488f31e6449f9803f99a8b5dd232c7ad883637f1c86e6953305a2ef19c77f20,207.6,0.999,1772269401,"US strikes Iran by February 28, 2026?",us-strikes-iran-by-february-28-2026-227-967-547-688-589-491-592-418-452-924-384-915-464-672-196-157-993-596-269-535-381-391-471-256-988-997-296-225-762-973-292-827-345-182-558-215-794-879-189-761,us-strikes-iran-by,Yes,0,0xB611DD476dcD34d7ad51eDB18DB4f10155F82d08-1771840594193,207.39239999999998
0xd216cbb44d42376cec902d742447274ae8c83972,SELL,0x3488f31e6449f9803f99a8b5dd232c7ad883637f1c86e6953305a2ef19c77f20,210.52,0.985,1772263527,"US strikes Iran by February 28, 2026?",us-strikes-iran-by-february-28-2026-227-967-547-688-589-491-592-418-452-924-384-915-464-672-196-157-993-596-269-535-381-391-471-256-988-997-296-225-762-973-292-827-345-182-558-215-794-879-189-761,us-strikes-iran-by,Yes,0,ponygal,207.3622
0xd32e37924a80de40b0e5550f852938bf16b935b7,SELL,0x3488f31e6449f9803f99a8b5dd232c7ad883637f1c86e6953305a2ef19c77f20,206.46,0.998,1772266499,"US strikes Iran by February 28, 2026?",us-strikes-iran-by-february-28-2026-227-967-547-688-589-491-592-418-452-924-384-915-464-672-196-157-993-596-269-535-381-391-471-256-988-997-296-225-762-973-292-827-345-182-558-215-794-879-189-761,us-strikes-iran-by,Yes,0,Unique90,206.04708
0x4a3d1942db78df09ec63adb4606f09442f17c3aa,SELL,0x3488f31e6449f9803f99a8b5dd232c7ad883637f1c86e6953305a2ef19c77f20,205.81,0.999,1772270727,"US strikes Iran by February 28, 2026?",us-strikes-iran-by-february-28-2026-227-967-547-688-589-491-592-418-452-924-384-915-464-672-196-157-993-596-269-535-381-391-471-256-988-997-296-225-762-973-292-827-345-182-558-215-794-879-189-761,us-strikes-iran-by,Yes,0,Dexter89,205.60419
0x3d8d5e4fe6e837ce33dc6009f45ebf2e84b137fa,SELL,0x3488f31e6449f9803f99a8b5dd232c7ad883637f1c86e6953305a2ef19c77f20,207.0,0.991,1772263819,"US strikes Iran by February 28, 2026?",us-strikes-iran-by-february-28-2026-227-967-547-688-589-491-592-418-452-924-384-915-464-672-196-157-993-596-269-535-381-391-471-256-988-997-296-225-762-973-292-827-345-182-558-215-794-879-189-761,us-strikes-iran-by,Yes,0,omer5594,205.137
0x35786444c2198472b63f462528fc0535455ed9fe,BUY,0x3488f31e6449f9803f99a8b5dd232c7ad883637f1c86e6953305a2ef19c77f20,72465.923333,0.0028102864164743285,1772264503,"US strikes Iran by February 28, 2026?",us-strikes-iran-by-february-28-2026-227-967-547-688-589-491-592-418-452-924-384-915-464-672-196-157-993-596-269-535-381-391-471-256-988-997-296-225-762-973-292-827-345-182-558-215-794-879-189-761,us-strikes-iran-by,No,1,Sydhavn,203.65
0x20b238572fbac81f2ef1a28059169af8ac0ba243,SELL,0x3488f31e6449f9803f99a8b5dd232c7ad883637f1c86e6953305a2ef19c77f20,203.57,0.997,1772264067,"US strikes Iran by February 28, 2026?",us-strikes-iran-by-february-28-2026-227-967-547-688-589-491-592-418-452-924-384-915-464-672-196-157-993-596-269-535-381-391-471-256-988-997-296-225-762-973-292-827-345-182-558-215-794-879-189-761,us-strikes-iran-by,Yes,0,,202.95928999999998
0x650ff1bffb7ad9dacfb8ebcfba44e602ee41a3e5,SELL,0x3488f31e6449f9803f99a8b5dd232c7ad883637f1c86e6953305a2ef19c77f20,203.67,0.991,1772263825,"US strikes Iran by February 28, 2026?",us-strikes-iran-by-february-28-2026-227-967-547-688-589-491-592-418-452-924-384-915-464-672-196-157-993-596-269-535-381-391-471-256-988-997-296-225-762-973-292-827-345-182-558-215-794-879-189-761,us-strikes-iran-by,Yes,0,BM-M10,201.83696999999998
0x666ce2c3f02c802abc194eea963c66c232e3e97e,SELL,0x3488f31e6449f9803f99a8b5dd232c7ad883637f1c86e6953305a2ef19c77f20,203.42,0.986,1772263467,"US strikes Iran by February 28, 2026?",us-strikes-iran-by-february-28-2026-227-967-547-688-589-491-592-418-452-924-384-915-464-672-196-157-993-596-269-535-381-391-471-256-988-997-296-225-762-973-292-827-345-182-558-215-794-879-189-761,us-strikes-iran-by,Yes,0,0x666ce2C3f02C802abC194Eea963C66C232e3e97e-1770315293742,200.57211999999998
0xd191362b7a41ef4566b92c70592e703b70c585df,SELL,0x3488f31e6449f9803f99a8b5dd232c7ad883637f1c86e6953305a2ef19c77f20,200.88,0.998,1772265483,"US strikes Iran by February 28, 2026?",us-strikes-iran-by-february-28-2026-227-967-547-688-589-491-592-418-452-924-384-915-464-672-196-157-993-596-269-535-381-391-471-256-988-997-296-225-762-973-292-827-345-182-558-215-794-879-189-761,us-strikes-iran-by,Yes,0,tpb.bubbles,200.47824
0x8ecd3174ae0ae74553c1689dec3572692aa17546,BUY,0x3488f31e6449f9803f99a8b5dd232c7ad883637f1c86e6953305a2ef19c77f20,202.63423,0.98699999995065,1772263693,"US strikes Iran by February 28, 2026?",us-strikes-iran-by-february-28-2026-227-967-547-688-589-491-592-418-452-924-384-915-464-672-196-157-993-596-269-535-381-391-471-256-988-997-296-225-762-973-292-827-345-182-558-215-794-879-189-761,us-strikes-iran-by,Yes,0,DepthWatcher,199.999985
0x357f5575c5e8cd947eb7bd674752712d6bbab6c5,BUY,0x3488f31e6449f9803f99a8b5dd232c7ad883637f1c86e6953305a2ef19c77f20,203.045666,0.98499999995075,1772263297,"US strikes Iran by February 28, 2026?",us-strikes-iran-by-february-28-2026-227-967-547-688-589-491-592-418-452-924-384-915-464-672-196-157-993-596-269-535-381-391-471-256-988-997-296-225-762-973-292-827-345-182-558-215-794-879-189-761,us-strikes-iran-by,Yes,0,ForestIsMyHome,199.99998100000002
0x96abfb2e6cc8ba90a23e289df3515138ce7d9d65,SELL,0x3488f31e6449f9803f99a8b5dd232c7ad883637f1c86e6953305a2ef19c77f20,202.88,0.985,1772263383,"US strikes Iran by February 28, 2026?",us-strikes-iran-by-february-28-2026-227-967-547-688-589-491-592-418-452-924-384-915-464-672-196-157-993-596-269-535-381-391-471-256-988-997-296-225-762-973-292-827-345-182-558-215-794-879-189-761,us-strikes-iran-by,Yes,0,0x96abfb2e6CC8ba90a23e289df3515138CE7d9d65-1772210629140,199.83679999999998
0x4d0c88c5801df474e7f0b07b113b96a2cbc6e082,SELL,0x3488f31e6449f9803f99a8b5dd232c7ad883637f1c86e6953305a2ef19c77f20,200.0,0.999,1772267595,"US strikes Iran by February 28, 2026?",us-strikes-iran-by-february-28-2026-227-967-547-688-589-491-592-418-452-924-384-915-464-672-196-157-993-596-269-535-381-391-471-256-988-997-296-225-762-973-292-827-345-182-558-215-794-879-189-761,us-strikes-iran-by,Yes,0,Attae,199.8
0x503916e914991c4af6c278431805e6047d3151cc,SELL,0x3488f31e6449f9803f99a8b5dd232c7ad883637f1c86e6953305a2ef19c77f20,200.0,0.999,1772266943,"US strikes Iran by February 28, 2026?",us-strikes-iran-by-february-28-2026-227-967-547-688-589-491-592-418-452-924-384-915-464-672-196-157-993-596-269-535-381-391-471-256-988-997-296-225-762-973-292-827-345-182-558-215-794-879-189-761,us-strikes-iran-by,Yes,0,Andrii1512,199.8
0x353db3c369288ea60f182165872388d16ad250f0,BUY,0x3488f31e6449f9803f99a8b5dd232c7ad883637f1c86e6953305a2ef19c77f20,200.0,0.998,1772264275,"US strikes Iran by February 28, 2026?",us-strikes-iran-by-february-28-2026-227-967-547-688-589-491-592-418-452-924-384-915-464-672-196-157-993-596-269-535-381-391-471-256-988-997-296-225-762-973-292-827-345-182-558-215-794-879-189-761,us-strikes-iran-by,Yes,0,Alhemic,199.6
0x8fb585c97a356bb987c1a12027f34ee63326c269,SELL,0x3488f31e6449f9803f99a8b5dd232c7ad883637f1c86e6953305a2ef19c77f20,200.0,0.998,1772268517,"US strikes Iran by February 28, 2026?",us-strikes-iran-by-february-28-2026-227-967-547-688-589-491-592-418-452-924-384-915-464-672-196-157-993-596-269-535-381-391-471-256-988-997-296-225-762-973-292-827-345-182-558-215-794-879-189-761,us-strikes-iran-by,Yes,0,Jjoe231,199.6
0x89bab49d8bc1772c9f5528243b4fa7bc0ab065fa,SELL,0x3488f31e6449f9803f99a8b5dd232c7ad883637f1c86e6953305a2ef19c77f20,200.0,0.998,1772265583,"US strikes Iran by February 28, 2026?",us-strikes-iran-by-february-28-2026-227-967-547-688-589-491-592-418-452-924-384-915-464-672-196-157-993-596-269-535-381-391-471-256-988-997-296-225-762-973-292-827-345-182-558-215-794-879-189-761,us-strikes-iran-by,Yes,0,primavalle,199.6
0x1c884674d129380bde4350cb02304c96bc0ae675,SELL,0x3488f31e6449f9803f99a8b5dd232c7ad883637f1c86e6953305a2ef19c77f20,200.0,0.997,1772264061,"US strikes Iran by February 28, 2026?",us-strikes-iran-by-february-28-2026-227-967-547-688-589-491-592-418-452-924-384-915-464-672-196-157-993-596-269-535-381-391-471-256-988-997-296-225-762-973-292-827-345-182-558-215-794-879-189-761,us-strikes-iran-by,Yes,0,RamiroG57,199.4
0x0f118a3be8064b9b688910d7270e537529f09c68,BUY,0x3488f31e6449f9803f99a8b5dd232c7ad883637f1c86e6953305a2ef19c77f20,99635.0,0.002,1772266401,"US strikes Iran by February 28, 2026?",us-strikes-iran-by-february-28-2026-227-967-547-688-589-491-592-418-452-924-384-915-464-672-196-157-993-596-269-535-381-391-471-256-988-997-296-225-762-973-292-827-345-182-558-215-794-879-189-761,us-strikes-iran-by,No,1,Ceko234,199.27
0x4834a7af73e77e61fd56da064069fa6752fe0eb9,BUY,0x3488f31e6449f9803f99a8b5dd232c7ad883637f1c86e6953305a2ef19c77f20,28428.571428,0.007000000000140704,1772263883,"US strikes Iran by February 28, 2026?",us-strikes-iran-by-february-28-2026-227-967-547-688-589-491-592-418-452-924-384-915-464-672-196-157-993-596-269-535-381-391-471-256-988-997-296-225-762-973-292-827-345-182-558-215-794-879-189-761,us-strikes-iran-by,No,1,ogden2026,199.0
0x4db83a92fff38e4574d2992fc36a3019ad0dd718,SELL,0x3488f31e6449f9803f99a8b5dd232c7ad883637f1c86e6953305a2ef19c77f20,201.38,0.987,1772263507,"US strikes Iran by February 28, 2026?",us-strikes-iran-by-february-28-2026-227-967-547-688-589-491-592-418-452-924-384-915-464-672-196-157-993-596-269-535-381-391-471-256-988-997-296-225-762-973-292-827-345-182-558-215-794-879-189-761,us-strikes-iran-by,Yes,0,0x4Db83a92FFF38E4574d2992Fc36a3019AD0Dd718-1771044621092,198.76206
0x02388370985ec313bcc199911073f91f52b6eb0b,SELL,0x3488f31e6449f9803f99a8b5dd232c7ad883637f1c86e6953305a2ef19c77f20,200.99,0.983,1772263319,"US strikes Iran by February 28, 2026?",us-strikes-iran-by-february-28-2026-227-967-547-688-589-491-592-418-452-924-384-915-464-672-196-157-993-596-269-535-381-391-471-256-988-997-296-225-762-973-292-827-345-182-558-215-794-879-189-761,us-strikes-iran-by,Yes,0,DoloresZ,197.57317
0x2ed9e2849da145642ed88b4d9e92c72096c13e01,SELL,0x3488f31e6449f9803f99a8b5dd232c7ad883637f1c86e6953305a2ef19c77f20,197.63,0.999,1772267109,"US strikes Iran by February 28, 2026?",us-strikes-iran-by-february-28-2026-227-967-547-688-589-491-592-418-452-924-384-915-464-672-196-157-993-596-269-535-381-391-471-256-988-997-296-225-762-973-292-827-345-182-558-215-794-879-189-761,us-strikes-iran-by,Yes,0,realarbor,197.43237
0x76a47c08d783fcb1ce8fb295bfae7f89461c55ea,SELL,0x3488f31e6449f9803f99a8b5dd232c7ad883637f1c86e6953305a2ef19c77f20,200.0,0.985,1772263345,"US strikes Iran by February 28, 2026?",us-strikes-iran-by-february-28-2026-227-967-547-688-589-491-592-418-452-924-384-915-464-672-196-157-993-596-269-535-381-391-471-256-988-997-296-225-762-973-292-827-345-182-558-215-794-879-189-761,us-strikes-iran-by,Yes,0,SamsonTech,197.0
0xce4bbfa3917bba3c1f2be2a92bdc19af4e1cbb90,BUY,0x3488f31e6449f9803f99a8b5dd232c7ad883637f1c86e6953305a2ef19c77f20,196.33,0.998,1772264845,"US strikes Iran by February 28, 2026?",us-strikes-iran-by-february-28-2026-227-967-547-688-589-491-592-418-452-924-384-915-464-672-196-157-993-596-269-535-381-391-471-256-988-997-296-225-762-973-292-827-345-182-558-215-794-879-189-761,us-strikes-iran-by,Yes,0,lhlh7455,195.93734
0xae03009e068594078fc6df19e47f15d175c22282,SELL,0x3488f31e6449f9803f99a8b5dd232c7ad883637f1c86e6953305a2ef19c77f20,195.89,0.998,1772266717,"US strikes Iran by February 28, 2026?",us-strikes-iran-by-february-28-2026-227-967-547-688-589-491-592-418-452-924-384-915-464-672-196-157-993-596-269-535-381-391-471-256-988-997-296-225-762-973-292-827-345-182-558-215-794-879-189-761,us-strikes-iran-by,Yes,0,honza.provaznik,195.49821999999998
0x3908b9fd955dcaa0828d910d32d1559d5e1bc8c4,SELL,0x3488f31e6449f9803f99a8b5dd232c7ad883637f1c86e6953305a2ef19c77f20,196.07,0.997,1772264051,"US strikes Iran by February 28, 2026?",us-strikes-iran-by-february-28-2026-227-967-547-688-589-491-592-418-452-924-384-915-464-672-196-157-993-596-269-535-381-391-471-256-988-997-296-225-762-973-292-827-345-182-558-215-794-879-189-761,us-strikes-iran-by,Yes,0,test-0914,195.48179
0xadb153c5867442164245efc20659209874b4fa88,SELL,0x3488f31e6449f9803f99a8b5dd232c7ad883637f1c86e6953305a2ef19c77f20,192.3,0.998,1772268929,"US strikes Iran by February 28, 2026?",us-strikes-iran-by-february-28-2026-227-967-547-688-589-491-592-418-452-924-384-915-464-672-196-157-993-596-269-535-381-391-471-256-988-997-296-225-762-973-292-827-345-182-558-215-794-879-189-761,us-strikes-iran-by,Yes,0,0xAdb153C5867442164245efc20659209874B4fa88-1771409450069,191.9154
0xd6639bff2beb2bcc0cfedc27e0f7980964e1ca64,SELL,0x3488f31e6449f9803f99a8b5dd232c7ad883637f1c86e6953305a2ef19c77f20,188.52,0.998,1772266045,"US strikes Iran by February 28, 2026?",us-strikes-iran-by-february-28-2026-227-967-547-688-589-491-592-418-452-924-384-915-464-672-196-157-993-596-269-535-381-391-471-256-988-997-296-225-762-973-292-827-345-182-558-215-794-879-189-761,us-strikes-iran-by,Yes,0,qcp3,188.14296000000002
0x03333d95db408fe009101662285b728ddea217be,SELL,0x3488f31e6449f9803f99a8b5dd232c7ad883637f1c86e6953305a2ef19c77f20,188.76,0.985,1772263373,"US strikes Iran by February 28, 2026?",us-strikes-iran-by-february-28-2026-227-967-547-688-589-491-592-418-452-924-384-915-464-672-196-157-993-596-269-535-381-391-471-256-988-997-296-225-762-973-292-827-345-182-558-215-794-879-189-761,us-strikes-iran-by,Yes,0,,185.9286
0x2e65c00a104baf5a8fe3a4f91bd85fee58cd77e1,SELL,0x3488f31e6449f9803f99a8b5dd232c7ad883637f1c86e6953305a2ef19c77f20,185.18,0.999,1772266851,"US strikes Iran by February 28, 2026?",us-strikes-iran-by-february-28-2026-227-967-547-688-589-491-592-418-452-924-384-915-464-672-196-157-993-596-269-535-381-391-471-256-988-997-296-225-762-973-292-827-345-182-558-215-794-879-189-761,us-strikes-iran-by,Yes,0,EkelJekel,184.99482
0x104bd4af8baca8d89ed2d3f55de0bc4aadcf4be1,SELL,0x3488f31e6449f9803f99a8b5dd232c7ad883637f1c86e6953305a2ef19c77f20,183.2,0.999,1772267403,"US strikes Iran by February 28, 2026?",us-strikes-iran-by-february-28-2026-227-967-547-688-589-491-592-418-452-924-384-915-464-672-196-157-993-596-269-535-381-391-471-256-988-997-296-225-762-973-292-827-345-182-558-215-794-879-189-761,us-strikes-iran-by,Yes,0,0x104Bd4aF8BAca8D89ed2D3f55dE0bC4aaDCF4Be1-1765111112257,183.0168
0x413d0661d9de9a295308c977d2ed6f90b55f97b8,SELL,0x3488f31e6449f9803f99a8b5dd232c7ad883637f1c86e6953305a2ef19c77f20,182.73,0.999,1772270801,"US strikes Iran by February 28, 2026?",us-strikes-iran-by-february-28-2026-227-967-547-688-589-491-592-418-452-924-384-915-464-672-196-157-993-596-269-535-381-391-471-256-988-997-296-225-762-973-292-827-345-182-558-215-794-879-189-761,us-strikes-iran-by,Yes,0,Qmam2,182.54727
0x0aa3744338ddf9f39fb3a80bc9c916179d0b64e9,BUY,0x3488f31e6449f9803f99a8b5dd232c7ad883637f1c86e6953305a2ef19c77f20,26072.2,0.007,1772263861,"US strikes Iran by February 28, 2026?",us-strikes-iran-by-february-28-2026-227-967-547-688-589-491-592-418-452-924-384-915-464-672-196-157-993-596-269-535-381-391-471-256-988-997-296-225-762-973-292-827-345-182-558-215-794-879-189-761,us-strikes-iran-by,No,1,DimasXT,182.5054
0x2ca7acdfa8ff5300ad535f177c01083588c449dc,SELL,0x3488f31e6449f9803f99a8b5dd232c7ad883637f1c86e6953305a2ef19c77f20,181.81,0.998,1772266141,"US strikes Iran by February 28, 2026?",us-strikes-iran-by-february-28-2026-227-967-547-688-589-491-592-418-452-924-384-915-464-672-196-157-993-596-269-535-381-391-471-256-988-997-296-225-762-973-292-827-345-182-558-215-794-879-189-761,us-strikes-iran-by,Yes,0,2caf,181.44638
0x0455ae523f4a5e4e9d7fdf591743014a8d0f4398,SELL,0x3488f31e6449f9803f99a8b5dd232c7ad883637f1c86e6953305a2ef19c77f20,181.51,0.998,1772265761,"US strikes Iran by February 28, 2026?",us-strikes-iran-by-february-28-2026-227-967-547-688-589-491-592-418-452-924-384-915-464-672-196-157-993-596-269-535-381-391-471-256-988-997-296-225-762-973-292-827-345-182-558-215-794-879-189-761,us-strikes-iran-by,Yes,0,,181.14697999999999
0x7caa8bcf1d7477d9459d68bb4bf3b3668d0d08ea,SELL,0x3488f31e6449f9803f99a8b5dd232c7ad883637f1c86e6953305a2ef19c77f20,181.48,0.996,1772263935,"US strikes Iran by February 28, 2026?",us-strikes-iran-by-february-28-2026-227-967-547-688-589-491-592-418-452-924-384-915-464-672-196-157-993-596-269-535-381-391-471-256-988-997-296-225-762-973-292-827-345-182-558-215-794-879-189-761,us-strikes-iran-by,Yes,0,0x7CAA8bCf1D7477D9459d68Bb4BF3b3668D0D08ea-1769593653118,180.75408
0xf9b71663d723d28fa455db659098e1dacde860a4,SELL,0x3488f31e6449f9803f99a8b5dd232c7ad883637f1c86e6953305a2ef19c77f20,15000.0,0.012,1772263419,"US strikes Iran by February 28, 2026?",us-strikes-iran-by-february-28-2026-227-967-547-688-589-491-592-418-452-924-384-915-464-672-196-157-993-596-269-535-381-391-471-256-988-997-296-225-762-973-292-827-345-182-558-215-794-879-189-761,us-strikes-iran-by,No,1,siick,180.0
0x742014452aa6edad8706ff128b8b3b830d0eaedd,SELL,0x3488f31e6449f9803f99a8b5dd232c7ad883637f1c86e6953305a2ef19c77f20,180.0,0.9974480555555556,1772264101,"US strikes Iran by February 28, 2026?",us-strikes-iran-by-february-28-2026-227-967-547-688-589-491-592-418-452-924-384-915-464-672-196-157-993-596-269-535-381-391-471-256-988-997-296-225-762-973-292-827-345-182-558-215-794-879-189-761,us-strikes-iran-by,Yes,0,Pop5,179.54065
0xc97b0b2a2547bb3ed57167092ef8a6e816c347e5,SELL,0x3488f31e6449f9803f99a8b5dd232c7ad883637f1c86e6953305a2ef19c77f20,180.0,0.997,1772264121,"US strikes Iran by February 28, 2026?",us-strikes-iran-by-february-28-2026-227-967-547-688-589-491-592-418-452-924-384-915-464-672-196-157-993-596-269-535-381-391-471-256-988-997-296-225-762-973-292-827-345-182-558-215-794-879-189-761,us-strikes-iran-by,Yes,0,0xC97b0b2A2547bB3eD57167092EF8a6e816C347E5-1770003388001,179.46
0x5fc726a232646540771c47506486f058985d0e61,SELL,0x3488f31e6449f9803f99a8b5dd232c7ad883637f1c86e6953305a2ef19c77f20,179.23,0.997,1772264291,"US strikes Iran by February 28, 2026?",us-strikes-iran-by-february-28-2026-227-967-547-688-589-491-592-418-452-924-384-915-464-672-196-157-993-596-269-535-381-391-471-256-988-997-296-225-762-973-292-827-345-182-558-215-794-879-189-761,us-strikes-iran-by,Yes,0,0x5fc726a232646540771c47506486F058985D0E61-1771522297365,178.69231
0x58de2a7224b2ed15a6e1b64e07f92b91850a83af,SELL,0x3488f31e6449f9803f99a8b5dd232c7ad883637f1c86e6953305a2ef19c77f20,15648.38,0.011419119423224641,1772263669,"US strikes Iran by February 28, 2026?",us-strikes-iran-by-february-28-2026-227-967-547-688-589-491-592-418-452-924-384-915-464-672-196-157-993-596-269-535-381-391-471-256-988-997-296-225-762-973-292-827-345-182-558-215-794-879-189-761,us-strikes-iran-by,No,1,skyww,178.69072
0x0956c00ae11bb7e668bb3c26c6516d148259d99a,BUY,0x3488f31e6449f9803f99a8b5dd232c7ad883637f1c86e6953305a2ef19c77f20,178.8975,0.998,1772264087,"US strikes Iran by February 28, 2026?",us-strikes-iran-by-february-28-2026-227-967-547-688-589-491-592-418-452-924-384-915-464-672-196-157-993-596-269-535-381-391-471-256-988-997-296-225-762-973-292-827-345-182-558-215-794-879-189-761,us-strikes-iran-by,Yes,0,dancingqueen,178.539705
0x617b8e86c4613ea341fff4c182beaf4d2cbc546b,BUY,0x3488f31e6449f9803f99a8b5dd232c7ad883637f1c86e6953305a2ef19c77f20,178.547093,0.9979999954409787,1772264649,"US strikes Iran by February 28, 2026?",us-strikes-iran-by-february-28-2026-227-967-547-688-589-491-592-418-452-924-384-915-464-672-196-157-993-596-269-535-381-391-471-256-988-997-296-225-762-973-292-827-345-182-558-215-794-879-189-761,us-strikes-iran-by,Yes,0,edlockbs,178.189998
0xcb7096b072aa00b861a2d2e9b16fd9cdc73c0573,SELL,0x3488f31e6449f9803f99a8b5dd232c7ad883637f1c86e6953305a2ef19c77f20,177.88,0.999,1772269365,"US strikes Iran by February 28, 2026?",us-strikes-iran-by-february-28-2026-227-967-547-688-589-491-592-418-452-924-384-915-464-672-196-157-993-596-269-535-381-391-471-256-988-997-296-225-762-973-292-827-345-182-558-215-794-879-189-761,us-strikes-iran-by,Yes,0,Morpheus223,177.70212
0x694d59e02ec5016edb7bd97856a6a6cb49dce13f,SELL,0x3488f31e6449f9803f99a8b5dd232c7ad883637f1c86e6953305a2ef19c77f20,180.0,0.985,1772263367,"US strikes Iran by February 28, 2026?",us-strikes-iran-by-february-28-2026-227-967-547-688-589-491-592-418-452-924-384-915-464-672-196-157-993-596-269-535-381-391-471-256-988-997-296-225-762-973-292-827-345-182-558-215-794-879-189-761,us-strikes-iran-by,Yes,0,0x694d59E02Ec5016edB7Bd97856A6A6cB49DcE13F-1772063867305,177.3
0xbe19d64bc5f8b4f7cf63cef49ab2d8ebb59d9155,SELL,0x3488f31e6449f9803f99a8b5dd232c7ad883637f1c86e6953305a2ef19c77f20,176.94,0.998,1772268863,"US strikes Iran by February 28, 2026?",us-strikes-iran-by-february-28-2026-227-967-547-688-589-491-592-418-452-924-384-915-464-672-196-157-993-596-269-535-381-391-471-256-988-997-296-225-762-973-292-827-345-182-558-215-794-879-189-761,us-strikes-iran-by,Yes,0,iamna6ar,176.58612
0xa3f3f6092f9017ead93df43f87da0794482c492f,SELL,0x3488f31e6449f9803f99a8b5dd232c7ad883637f1c86e6953305a2ef19c77f20,176.47,0.998,1772264911,"US strikes Iran by February 28, 2026?",us-strikes-iran-by-february-28-2026-227-967-547-688-589-491-592-418-452-924-384-915-464-672-196-157-993-596-269-535-381-391-471-256-988-997-296-225-762-973-292-827-345-182-558-215-794-879-189-761,us-strikes-iran-by,Yes,0,verysmart,176.11706
0x50677ce405977e5c3eee8f53c391f1ad5382ba4f,SELL,0x3488f31e6449f9803f99a8b5dd232c7ad883637f1c86e6953305a2ef19c77f20,176.1,0.998,1772265105,"US strikes Iran by February 28, 2026?",us-strikes-iran-by-february-28-2026-227-967-547-688-589-491-592-418-452-924-384-915-464-672-196-157-993-596-269-535-381-391-471-256-988-997-296-225-762-973-292-827-345-182-558-215-794-879-189-761,us-strikes-iran-by,Yes,0,Kneel2NEIL,175.74779999999998
0x9be69b8ebae6f8279dccaf7123e6c98769a37535,SELL,0x3488f31e6449f9803f99a8b5dd232c7ad883637f1c86e6953305a2ef19c77f20,175.0,0.999,1772269275,"US strikes Iran by February 28, 2026?",us-strikes-iran-by-february-28-2026-227-967-547-688-589-491-592-418-452-924-384-915-464-672-196-157-993-596-269-535-381-391-471-256-988-997-296-225-762-973-292-827-345-182-558-215-794-879-189-761,us-strikes-iran-by,Yes,0,0x9BE69b8EbAE6F8279DcCaF7123E6C98769a37535-1768421960788,174.825
0x7aab1dcd6b5ad60d161fc9f737b7a1e4756fbb94,SELL,0x3488f31e6449f9803f99a8b5dd232c7ad883637f1c86e6953305a2ef19c77f20,175.0,0.998,1772268049,"US strikes Iran by February 28, 2026?",us-strikes-iran-by-february-28-2026-227-967-547-688-589-491-592-418-452-924-384-915-464-672-196-157-993-596-269-535-381-391-471-256-988-997-296-225-762-973-292-827-345-182-558-215-794-879-189-761,us-strikes-iran-by,Yes,0,,174.65
0x3948d741c8c0d046fa2c6eba633560a61ba88700,SELL,0x3488f31e6449f9803f99a8b5dd232c7ad883637f1c86e6953305a2ef19c77f20,175.8,0.985,1772263385,"US strikes Iran by February 28, 2026?",us-strikes-iran-by-february-28-2026-227-967-547-688-589-491-592-418-452-924-384-915-464-672-196-157-993-596-269-535-381-391-471-256-988-997-296-225-762-973-292-827-345-182-558-215-794-879-189-761,us-strikes-iran-by,Yes,0,chainedbird,173.163
0x76f20bcd8ddd114c3329a40d32d55a514b735398,SELL,0x3488f31e6449f9803f99a8b5dd232c7ad883637f1c86e6953305a2ef19c77f20,173.2,0.997,1772264605,"US strikes Iran by February 28, 2026?",us-strikes-iran-by-february-28-2026-227-967-547-688-589-491-592-418-452-924-384-915-464-672-196-157-993-596-269-535-381-391-471-256-988-997-296-225-762-973-292-827-345-182-558-215-794-879-189-761,us-strikes-iran-by,Yes,0,jamiljadaon,172.6804
0xda9999548da007b5af12e0325515889da2ca65a1,SELL,0x3488f31e6449f9803f99a8b5dd232c7ad883637f1c86e6953305a2ef19c77f20,172.41,0.998,1772264311,"US strikes Iran by February 28, 2026?",us-strikes-iran-by-february-28-2026-227-967-547-688-589-491-592-418-452-924-384-915-464-672-196-157-993-596-269-535-381-391-471-256-988-997-296-225-762-973-292-827-345-182-558-215-794-879-189-761,us-strikes-iran-by,Yes,0,Nerow94,172.06518
0x28a5ff2a73eb516399c12090a9a644f2ac5b3a87,SELL,0x3488f31e6449f9803f99a8b5dd232c7ad883637f1c86e6953305a2ef19c77f20,172.11,0.998,1772268523,"US strikes Iran by February 28, 2026?",us-strikes-iran-by-february-28-2026-227-967-547-688-589-491-592-418-452-924-384-915-464-672-196-157-993-596-269-535-381-391-471-256-988-997-296-225-762-973-292-827-345-182-558-215-794-879-189-761,us-strikes-iran-by,Yes,0,Broly19,171.76578
0xa614367911f504ae7cb605a9d8c18c97ba427d4c,SELL,0x3488f31e6449f9803f99a8b5dd232c7ad883637f1c86e6953305a2ef19c77f20,171.42,0.999,1772270195,"US strikes Iran by February 28, 2026?",us-strikes-iran-by-february-28-2026-227-967-547-688-589-491-592-418-452-924-384-915-464-672-196-157-993-596-269-535-381-391-471-256-988-997-296-225-762-973-292-827-345-182-558-215-794-879-189-761,us-strikes-iran-by,Yes,0,Thorkel07,171.24857999999998
0xf9d535772359fc53979a44b98bd69f5a82ebfba3,BUY,0x3488f31e6449f9803f99a8b5dd232c7ad883637f1c86e6953305a2ef19c77f20,10000.0,0.017,1772263315,"US strikes Iran by February 28, 2026?",us-strikes-iran-by-february-28-2026-227-967-547-688-589-491-592-418-452-924-384-915-464-672-196-157-993-596-269-535-381-391-471-256-988-997-296-225-762-973-292-827-345-182-558-215-794-879-189-761,us-strikes-iran-by,No,1,SOLE214,170.0
0x711e745e785170ed427ff837642429c76fb94d43,SELL,0x3488f31e6449f9803f99a8b5dd232c7ad883637f1c86e6953305a2ef19c77f20,170.17,0.998,1772264899,"US strikes Iran by February 28, 2026?",us-strikes-iran-by-february-28-2026-227-967-547-688-589-491-592-418-452-924-384-915-464-672-196-157-993-596-269-535-381-391-471-256-988-997-296-225-762-973-292-827-345-182-558-215-794-879-189-761,us-strikes-iran-by,Yes,0,0x711e745e785170ed427fF837642429C76fb94d43-1769117755947,169.82966
0xd51773376a7df1efa20338c5bfdda573611c5f34,SELL,0x3488f31e6449f9803f99a8b5dd232c7ad883637f1c86e6953305a2ef19c77f20,169.1,0.995,1772263985,"US strikes Iran by February 28, 2026?",us-strikes-iran-by-february-28-2026-227-967-547-688-589-491-592-418-452-924-384-915-464-672-196-157-993-596-269-535-381-391-471-256-988-997-296-225-762-973-292-827-345-182-558-215-794-879-189-761,us-strikes-iran-by,Yes,0,soolmate,168.2545
0xb05edc59030d0cdff1ad185bff3c5147c836596a,SELL,0x3488f31e6449f9803f99a8b5dd232c7ad883637f1c86e6953305a2ef19c77f20,168.42,0.999,1772267415,"US strikes Iran by February 28, 2026?",us-strikes-iran-by-february-28-2026-227-967-547-688-589-491-592-418-452-924-384-915-464-672-196-157-993-596-269-535-381-391-471-256-988-997-296-225-762-973-292-827-345-182-558-215-794-879-189-761,us-strikes-iran-by,Yes,0,0xb05edC59030D0cdFF1ad185Bff3C5147c836596A-1772187551933,168.25158
0x7982692d6c72b146ec92c0abcbaae4687c809f04,SELL,0x3488f31e6449f9803f99a8b5dd232c7ad883637f1c86e6953305a2ef19c77f20,167.82,0.998,1772265815,"US strikes Iran by February 28, 2026?",us-strikes-iran-by-february-28-2026-227-967-547-688-589-491-592-418-452-924-384-915-464-672-196-157-993-596-269-535-381-391-471-256-988-997-296-225-762-973-292-827-345-182-558-215-794-879-189-761,us-strikes-iran-by,Yes,0,lollypopman,167.48435999999998
0x9848e375b735619a9ea43d24d9e600546e19a531,SELL,0x3488f31e6449f9803f99a8b5dd232c7ad883637f1c86e6953305a2ef19c77f20,167.64,0.998,1772268285,"US strikes Iran by February 28, 2026?",us-strikes-iran-by-february-28-2026-227-967-547-688-589-491-592-418-452-924-384-915-464-672-196-157-993-596-269-535-381-391-471-256-988-997-296-225-762-973-292-827-345-182-558-215-794-879-189-761,us-strikes-iran-by,Yes,0,Wilox,167.30471999999997
0x11ef1860c37afd292e40ebb2cd06505cc6701787,SELL,0x3488f31e6449f9803f99a8b5dd232c7ad883637f1c86e6953305a2ef19c77f20,167.64,0.998,1772266229,"US strikes Iran by February 28, 2026?",us-strikes-iran-by-february-28-2026-227-967-547-688-589-491-592-418-452-924-384-915-464-672-196-157-993-596-269-535-381-391-471-256-988-997-296-225-762-973-292-827-345-182-558-215-794-879-189-761,us-strikes-iran-by,Yes,0,0x11Ef1860C37afD292e40EbB2cD06505Cc6701787-1769448772216,167.30471999999997
0x0f74a67327f7494ea67231323b888d508e9e0319,SELL,0x3488f31e6449f9803f99a8b5dd232c7ad883637f1c86e6953305a2ef19c77f20,167.27,0.998,1772266357,"US strikes Iran by February 28, 2026?",us-strikes-iran-by-february-28-2026-227-967-547-688-589-491-592-418-452-924-384-915-464-672-196-157-993-596-269-535-381-391-471-256-988-997-296-225-762-973-292-827-345-182-558-215-794-879-189-761,us-strikes-iran-by,Yes,0,LakyM,166.93546
0x2878eaa37062e3498de26f278ce534c3ef4858bc,SELL,0x3488f31e6449f9803f99a8b5dd232c7ad883637f1c86e6953305a2ef19c77f20,166.66,0.988,1772263737,"US strikes Iran by February 28, 2026?",us-strikes-iran-by-february-28-2026-227-967-547-688-589-491-592-418-452-924-384-915-464-672-196-157-993-596-269-535-381-391-471-256-988-997-296-225-762-973-292-827-345-182-558-215-794-879-189-761,us-strikes-iran-by,Yes,0,EnolderWeise,164.66008
0xcf9444c6d0ffe8c7957b81ee3d107adfa258f666,SELL,0x3488f31e6449f9803f99a8b5dd232c7ad883637f1c86e6953305a2ef19c77f20,164.0,0.999,1772268191,"US strikes Iran by February 28, 2026?",us-strikes-iran-by-february-28-2026-227-967-547-688-589-491-592-418-452-924-384-915-464-672-196-157-993-596-269-535-381-391-471-256-988-997-296-225-762-973-292-827-345-182-558-215-794-879-189-761,us-strikes-iran-by,Yes,0,,163.836
0xdb657fd8dc9a21a28432104b655908b5aa23a419,BUY,0x3488f31e6449f9803f99a8b5dd232c7ad883637f1c86e6953305a2ef19c77f20,164.034166,0.9939999999756148,1772263873,"US strikes Iran by February 28, 2026?",us-strikes-iran-by-february-28-2026-227-967-547-688-589-491-592-418-452-924-384-915-464-672-196-157-993-596-269-535-381-391-471-256-988-997-296-225-762-973-292-827-345-182-558-215-794-879-189-761,us-strikes-iran-by,Yes,0,DataBeforeOpinion1,163.049961
0xcd141c13dd32d7705a6e3eefa4f098b255771481,SELL,0x3488f31e6449f9803f99a8b5dd232c7ad883637f1c86e6953305a2ef19c77f20,161.29,0.998,1772264661,"US strikes Iran by February 28, 2026?",us-strikes-iran-by-february-28-2026-227-967-547-688-589-491-592-418-452-924-384-915-464-672-196-157-993-596-269-535-381-391-471-256-988-997-296-225-762-973-292-827-345-182-558-215-794-879-189-761,us-strikes-iran-by,Yes,0,crct,160.96742
0x1838ba094e24030d8383c99e3cb36ee7644e68f0,SELL,0x3488f31e6449f9803f99a8b5dd232c7ad883637f1c86e6953305a2ef19c77f20,162.11,0.987,1772263481,"US strikes Iran by February 28, 2026?",us-strikes-iran-by-february-28-2026-227-967-547-688-589-491-592-418-452-924-384-915-464-672-196-157-993-596-269-535-381-391-471-256-988-997-296-225-762-973-292-827-345-182-558-215-794-879-189-761,us-strikes-iran-by,Yes,0,0x1838ba094e24030D8383c99E3CB36Ee7644E68F0-1771613533259,160.00257000000002
0x7d2299a379eb0b1c6077c7c419a383da6fb7f0cf,BUY,0x3488f31e6449f9803f99a8b5dd232c7ad883637f1c86e6953305a2ef19c77f20,160.0,0.999,1772266043,"US strikes Iran by February 28, 2026?",us-strikes-iran-by-february-28-2026-227-967-547-688-589-491-592-418-452-924-384-915-464-672-196-157-993-596-269-535-381-391-471-256-988-997-296-225-762-973-292-827-345-182-558-215-794-879-189-761,us-strikes-iran-by,Yes,0,Qtyu,159.84
0x2c45f2be0c74bf01580a4b558bb26979d6e64790,BUY,0x3488f31e6449f9803f99a8b5dd232c7ad883637f1c86e6953305a2ef19c77f20,160.0,0.999,1772265037,"US strikes Iran by February 28, 2026?",us-strikes-iran-by-february-28-2026-227-967-547-688-589-491-592-418-452-924-384-915-464-672-196-157-993-596-269-535-381-391-471-256-988-997-296-225-762-973-292-827-345-182-558-215-794-879-189-761,us-strikes-iran-by,Yes,0,0x2C45f2bE0c74bf01580A4b558bb26979D6e64790-1758033737214,159.84
0x2ff30a11a8d216009682d7097e6f73b0fbe8a188,SELL,0x3488f31e6449f9803f99a8b5dd232c7ad883637f1c86e6953305a2ef19c77f20,160.0,0.992,1772263869,"US strikes Iran by February 28, 2026?",us-strikes-iran-by-february-28-2026-227-967-547-688-589-491-592-418-452-924-384-915-464-672-196-157-993-596-269-535-381-391-471-256-988-997-296-225-762-973-292-827-345-182-558-215-794-879-189-761,us-strikes-iran-by,Yes,0,demster,158.72
0x8f9bda594242a62008870f1d632352b889116c25,SELL,0x3488f31e6449f9803f99a8b5dd232c7ad883637f1c86e6953305a2ef19c77f20,157.89,0.998,1772265001,"US strikes Iran by February 28, 2026?",us-strikes-iran-by-february-28-2026-227-967-547-688-589-491-592-418-452-924-384-915-464-672-196-157-993-596-269-535-381-391-471-256-988-997-296-225-762-973-292-827-345-182-558-215-794-879-189-761,us-strikes-iran-by,Yes,0,AYMR,157.57422
0x0122e1874fec6df86816708934791fb0505a45e6,SELL,0x3488f31e6449f9803f99a8b5dd232c7ad883637f1c86e6953305a2ef19c77f20,157.89,0.998,1772265381,"US strikes Iran by February 28, 2026?",us-strikes-iran-by-february-28-2026-227-967-547-688-589-491-592-418-452-924-384-915-464-672-196-157-993-596-269-535-381-391-471-256-988-997-296-225-762-973-292-827-345-182-558-215-794-879-189-761,us-strikes-iran-by,Yes,0,0x0122E1874fec6Df86816708934791FB0505a45E6-1769902416873,157.57422
0x55e6e9eec674639fa8711275e2e42579a4eb8775,SELL,0x3488f31e6449f9803f99a8b5dd232c7ad883637f1c86e6953305a2ef19c77f20,159.58,0.984,1772263323,"US strikes Iran by February 28, 2026?",us-strikes-iran-by-february-28-2026-227-967-547-688-589-491-592-418-452-924-384-915-464-672-196-157-993-596-269-535-381-391-471-256-988-997-296-225-762-973-292-827-345-182-558-215-794-879-189-761,us-strikes-iran-by,Yes,0,0x55e6E9eeC674639Fa8711275e2E42579a4Eb8775-1769188988227,157.02672
0x24ba5fced6bc4ac3a970af4b8573afeb92979625,SELL,0x3488f31e6449f9803f99a8b5dd232c7ad883637f1c86e6953305a2ef19c77f20,157.2,0.997,1772264027,"US strikes Iran by February 28, 2026?",us-strikes-iran-by-february-28-2026-227-967-547-688-589-491-592-418-452-924-384-915-464-672-196-157-993-596-269-535-381-391-471-256-988-997-296-225-762-973-292-827-345-182-558-215-794-879-189-761,us-strikes-iran-by,Yes,0,0x24bA5fceD6bC4ac3A970af4b8573Afeb92979625-1768416618914,156.7284
0xdd91a7c78b28a4fd0d9230f69ffededa8d0d2659,SELL,0x3488f31e6449f9803f99a8b5dd232c7ad883637f1c86e6953305a2ef19c77f20,157.31,0.986,1772263609,"US strikes Iran by February 28, 2026?",us-strikes-iran-by-february-28-2026-227-967-547-688-589-491-592-418-452-924-384-915-464-672-196-157-993-596-269-535-381-391-471-256-988-997-296-225-762-973-292-827-345-182-558-215-794-879-189-761,us-strikes-iran-by,Yes,0,0xDD91a7C78B28A4FD0D9230f69ffEdEDA8D0D2659-1772040559504,155.10766
0x016a93d04a63096cdc80a675cd980182f9a56f95,SELL,0x3488f31e6449f9803f99a8b5dd232c7ad883637f1c86e6953305a2ef19c77f20,152.17,0.998,1772264415,"US strikes Iran by February 28, 2026?",us-strikes-iran-by-february-28-2026-227-967-547-688-589-491-592-418-452-924-384-915-464-672-196-157-993-596-269-535-381-391-471-256-988-997-296-225-762-973-292-827-345-182-558-215-794-879-189-761,us-strikes-iran-by,Yes,0,whoisjhon,151.86566
0x8eb5507c66ac91566c5872fe52edb461f3824ba6,SELL,0x3488f31e6449f9803f99a8b5dd232c7ad883637f1c86e6953305a2ef19c77f20,152.17,0.997,1772264045,"US strikes Iran by February 28, 2026?",us-strikes-iran-by-february-28-2026-227-967-547-688-589-491-592-418-452-924-384-915-464-672-196-157-993-596-269-535-381-391-471-256-988-997-296-225-762-973-292-827-345-182-558-215-794-879-189-761,us-strikes-iran-by,Yes,0,Galhaim,151.71348999999998
0x23a4cd9240c2fd22f2359d97641843cea549dc16,SELL,0x3488f31e6449f9803f99a8b5dd232c7ad883637f1c86e6953305a2ef19c77f20,150.0,0.999,1772269849,"US strikes Iran by February 28, 2026?",us-strikes-iran-by-february-28-2026-227-967-547-688-589-491-592-418-452-924-384-915-464-672-196-157-993-596-269-535-381-391-471-256-988-997-296-225-762-973-292-827-345-182-558-215-794-879-189-761,us-strikes-iran-by,Yes,0,Ryanbehr,149.85
0x0f118a3be8064b9b688910d7270e537529f09c68,BUY,0x3488f31e6449f9803f99a8b5dd232c7ad883637f1c86e6953305a2ef19c77f20,149440.0,0.001,1772267739,"US strikes Iran by February 28, 2026?",us-strikes-iran-by-february-28-2026-227-967-547-688-589-491-592-418-452-924-384-915-464-672-196-157-993-596-269-535-381-391-471-256-988-997-296-225-762-973-292-827-345-182-558-215-794-879-189-761,us-strikes-iran-by,No,1,Ceko234,149.44
0xf9d535772359fc53979a44b98bd69f5a82ebfba3,SELL,0x3488f31e6449f9803f99a8b5dd232c7ad883637f1c86e6953305a2ef19c77f20,73713.84,0.002,1772263967,"US strikes Iran by February 28, 2026?",us-strikes-iran-by-february-28-2026-227-967-547-688-589-491-592-418-452-924-384-915-464-672-196-157-993-596-269-535-381-391-471-256-988-997-296-225-762-973-292-827-345-182-558-215-794-879-189-761,us-strikes-iran-by,No,1,SOLE214,147.42768
0x01d64e594510d055c35030c47070ad96d567978e,SELL,0x3488f31e6449f9803f99a8b5dd232c7ad883637f1c86e6953305a2ef19c77f20,147.29,0.999,1772269973,"US strikes Iran by February 28, 2026?",us-strikes-iran-by-february-28-2026-227-967-547-688-589-491-592-418-452-924-384-915-464-672-196-157-993-596-269-535-381-391-471-256-988-997-296-225-762-973-292-827-345-182-558-215-794-879-189-761,us-strikes-iran-by,Yes,0,JohannesFSexedy,147.14271
0x3ab8960e5ac40d149879f9e6983651992db17a9f,BUY,0x3488f31e6449f9803f99a8b5dd232c7ad883637f1c86e6953305a2ef19c77f20,147.4345,0.998,1772264625,"US strikes Iran by February 28, 2026?",us-strikes-iran-by-february-28-2026-227-967-547-688-589-491-592-418-452-924-384-915-464-672-196-157-993-596-269-535-381-391-471-256-988-997-296-225-762-973-292-827-345-182-558-215-794-879-189-761,us-strikes-iran-by,Yes,0,0x3aB8960E5aC40d149879F9e6983651992db17a9F-1761990124191,147.139631
0x3ab8960e5ac40d149879f9e6983651992db17a9f,SELL,0x3488f31e6449f9803f99a8b5dd232c7ad883637f1c86e6953305a2ef19c77f20,147.43,0.998,1772265041,"US strikes Iran by February 28, 2026?",us-strikes-iran-by-february-28-2026-227-967-547-688-589-491-592-418-452-924-384-915-464-672-196-157-993-596-269-535-381-391-471-256-988-997-296-225-762-973-292-827-345-182-558-215-794-879-189-761,us-strikes-iran-by,Yes,0,0x3aB8960E5aC40d149879F9e6983651992db17a9F-1761990124191,147.13514
0x6470814e64f3085fe4586cd4939cbf985b53aac7,SELL,0x3488f31e6449f9803f99a8b5dd232c7ad883637f1c86e6953305a2ef19c77f20,147.06,0.998,1772268617,"US strikes Iran by February 28, 2026?",us-strikes-iran-by-february-28-2026-227-967-547-688-589-491-592-418-452-924-384-915-464-672-196-157-993-596-269-535-381-391-471-256-988-997-296-225-762-973-292-827-345-182-558-215-794-879-189-761,us-strikes-iran-by,Yes,0,jackmeof,146.76588
0xf4f933b1fe26dddbe6073bfe5a545d91f7cadd9c,SELL,0x3488f31e6449f9803f99a8b5dd232c7ad883637f1c86e6953305a2ef19c77f20,147.01,0.998,1772264531,"US strikes Iran by February 28, 2026?",us-strikes-iran-by-february-28-2026-227-967-547-688-589-491-592-418-452-924-384-915-464-672-196-157-993-596-269-535-381-391-471-256-988-997-296-225-762-973-292-827-345-182-558-215-794-879-189-761,us-strikes-iran-by,Yes,0,0xF4f933B1FE26dddBe6073Bfe5a545d91F7cADD9C-1767682365984,146.71598
0x5318ce5df6175659c432095b0d0e7cab3499e451,SELL,0x3488f31e6449f9803f99a8b5dd232c7ad883637f1c86e6953305a2ef19c77f20,147.05,0.997,1772264067,"US strikes Iran by February 28, 2026?",us-strikes-iran-by-february-28-2026-227-967-547-688-589-491-592-418-452-924-384-915-464-672-196-157-993-596-269-535-381-391-471-256-988-997-296-225-762-973-292-827-345-182-558-215-794-879-189-761,us-strikes-iran-by,Yes,0,0x5318Ce5df6175659c432095b0D0E7cab3499e451-1772222566555,146.60885000000002
0xa09e8260ef896c7fda0d5d0e551494bebfb12262,BUY,0x3488f31e6449f9803f99a8b5dd232c7ad883637f1c86e6953305a2ef19c77f20,147.4416,0.985,1772263319,"US strikes Iran by February 28, 2026?",us-strikes-iran-by-february-28-2026-227-967-547-688-589-491-592-418-452-924-384-915-464-672-196-157-993-596-269-535-381-391-471-256-988-997-296-225-762-973-292-827-345-182-558-215-794-879-189-761,us-strikes-iran-by,Yes,0,0xA09E8260Ef896c7FDA0D5D0e551494BeBFB12262-1768402838520,145.229976
0x85db00e7efccf46ab477a25d67c1c4bf65c8ef21,BUY,0x3488f31e6449f9803f99a8b5dd232c7ad883637f1c86e6953305a2ef19c77f20,144.144,0.999,1772269035,"US strikes Iran by February 28, 2026?",us-strikes-iran-by-february-28-2026-227-967-547-688-589-491-592-418-452-924-384-915-464-672-196-157-993-596-269-535-381-391-471-256-988-997-296-225-762-973-292-827-345-182-558-215-794-879-189-761,us-strikes-iran-by,Yes,0,godshawk,143.999856
0x135c2a06ab9fc822c9466f18cbd4e87c1ac185e8,SELL,0x3488f31e6449f9803f99a8b5dd232c7ad883637f1c86e6953305a2ef19c77f20,143.92,0.999,1772270355,"US strikes Iran by February 28, 2026?",us-strikes-iran-by-february-28-2026-227-967-547-688-589-491-592-418-452-924-384-915-464-672-196-157-993-596-269-535-381-391-471-256-988-997-296-225-762-973-292-827-345-182-558-215-794-879-189-761,us-strikes-iran-by,Yes,0,BHLilJeff,143.77607999999998
0x0b504d63954f349eccb1257bd99ccb5830e6deda,SELL,0x3488f31e6449f9803f99a8b5dd232c7ad883637f1c86e6953305a2ef19c77f20,144.92,0.989,1772263753,"US strikes Iran by February 28, 2026?",us-strikes-iran-by-february-28-2026-227-967-547-688-589-491-592-418-452-924-384-915-464-672-196-157-993-596-269-535-381-391-471-256-988-997-296-225-762-973-292-827-345-182-558-215-794-879-189-761,us-strikes-iran-by,Yes,0,OrelKo1,143.32587999999998
0x14e7694386ac840e04729d53c656da9740f73a2a,SELL,0x3488f31e6449f9803f99a8b5dd232c7ad883637f1c86e6953305a2ef19c77f20,143.0,0.999,1772269363,"US strikes Iran by February 28, 2026?",us-strikes-iran-by-february-28-2026-227-967-547-688-589-491-592-418-452-924-384-915-464-672-196-157-993-596-269-535-381-391-471-256-988-997-296-225-762-973-292-827-345-182-558-215-794-879-189-761,us-strikes-iran-by,Yes,0,,142.857
0x338bfa9da093ce7ee8a192095009f70dd4ccbf88,BUY,0x3488f31e6449f9803f99a8b5dd232c7ad883637f1c86e6953305a2ef19c77f20,10000.0,0.014147895,1772263341,"US strikes Iran by February 28, 2026?",us-strikes-iran-by-february-28-2026-227-967-547-688-589-491-592-418-452-924-384-915-464-672-196-157-993-596-269-535-381-391-471-256-988-997-296-225-762-973-292-827-345-182-558-215-794-879-189-761,us-strikes-iran-by,No,1,0x338bFA9DA093Ce7ee8A192095009F70dd4ccBF88-1758036776618,141.47895
0xca5f0de5ae1b92aebb9748bd7436b7cea2a3dd36,SELL,0x3488f31e6449f9803f99a8b5dd232c7ad883637f1c86e6953305a2ef19c77f20,141.17,0.998,1772265675,"US strikes Iran by February 28, 2026?",us-strikes-iran-by-february-28-2026-227-967-547-688-589-491-592-418-452-924-384-915-464-672-196-157-993-596-269-535-381-391-471-256-988-997-296-225-762-973-292-827-345-182-558-215-794-879-189-761,us-strikes-iran-by,Yes,0,Bratan007,140.88765999999998
0x763fe0619fdbc286adbb80af983ddf8afb364bb9,SELL,0x3488f31e6449f9803f99a8b5dd232c7ad883637f1c86e6953305a2ef19c77f20,139.98,0.999,1772269483,"US strikes Iran by February 28, 2026?",us-strikes-iran-by-february-28-2026-227-967-547-688-589-491-592-418-452-924-384-915-464-672-196-157-993-596-269-535-381-391-471-256-988-997-296-225-762-973-292-827-345-182-558-215-794-879-189-761,us-strikes-iran-by,Yes,0,0x763Fe0619fdBc286ADBB80AF983ddf8aFb364BB9-1771059307813,139.84001999999998
0x0b3689e1e7fa9a6386d2228ab19173c8f696ab1e,BUY,0x3488f31e6449f9803f99a8b5dd232c7ad883637f1c86e6953305a2ef19c77f20,139.2785,0.998,1772264589,"US strikes Iran by February 28, 2026?",us-strikes-iran-by-february-28-2026-227-967-547-688-589-491-592-418-452-924-384-915-464-672-196-157-993-596-269-535-381-391-471-256-988-997-296-225-762-973-292-827-345-182-558-215-794-879-189-761,us-strikes-iran-by,Yes,0,,138.999943
0xae950f9231d00ee2c1bb1ca73cd31dfd3d91cc44,SELL,0x3488f31e6449f9803f99a8b5dd232c7ad883637f1c86e6953305a2ef19c77f20,139.39,0.997,1772264725,"US strikes Iran by February 28, 2026?",us-strikes-iran-by-february-28-2026-227-967-547-688-589-491-592-418-452-924-384-915-464-672-196-157-993-596-269-535-381-391-471-256-988-997-296-225-762-973-292-827-345-182-558-215-794-879-189-761,us-strikes-iran-by,Yes,0,,138.97182999999998
0x1e316368c038212e2f8e1c37c3fbab788bc42f76,BUY,0x3488f31e6449f9803f99a8b5dd232c7ad883637f1c86e6953305a2ef19c77f20,140.222666,0.9879999999429478,1772263637,"US strikes Iran by February 28, 2026?",us-strikes-iran-by-february-28-2026-227-967-547-688-589-491-592-418-452-924-384-915-464-672-196-157-993-596-269-535-381-391-471-256-988-997-296-225-762-973-292-827-345-182-558-215-794-879-189-761,us-strikes-iran-by,Yes,0,L1B3RT4D-,138.539994
0x05d902ad96710a840cd8a549c558dbd4173c6f76,SELL,0x3488f31e6449f9803f99a8b5dd232c7ad883637f1c86e6953305a2ef19c77f20,138.46,0.999,1772267433,"US strikes Iran by February 28, 2026?",us-strikes-iran-by-february-28-2026-227-967-547-688-589-491-592-418-452-924-384-915-464-672-196-157-993-596-269-535-381-391-471-256-988-997-296-225-762-973-292-827-345-182-558-215-794-879-189-761,us-strikes-iran-by,Yes,0,0x05D902AD96710a840Cd8a549c558dbd4173C6F76-1772134505034,138.32154
0x70892933a0aac0e2587ef5772a6e9ee34131a8d3,BUY,0x3488f31e6449f9803f99a8b5dd232c7ad883637f1c86e6953305a2ef19c77f20,140.0,0.988,1772263633,"US strikes Iran by February 28, 2026?",us-strikes-iran-by-february-28-2026-227-967-547-688-589-491-592-418-452-924-384-915-464-672-196-157-993-596-269-535-381-391-471-256-988-997-296-225-762-973-292-827-345-182-558-215-794-879-189-761,us-strikes-iran-by,Yes,0,decfrgthy,138.32
0x650dd4c434b9ff7043e2cb6bdb76c1d387643934,SELL,0x3488f31e6449f9803f99a8b5dd232c7ad883637f1c86e6953305a2ef19c77f20,135.14,0.998,1772266619,"US strikes Iran by February 28, 2026?",us-strikes-iran-by-february-28-2026-227-967-547-688-589-491-592-418-452-924-384-915-464-672-196-157-993-596-269-535-381-391-471-256-988-997-296-225-762-973-292-827-345-182-558-215-794-879-189-761,us-strikes-iran-by,Yes,0,clawtinger,134.86971999999997
0x21f446c3c5532f1ebfacbd82a190a75fcffd81a6,SELL,0x3488f31e6449f9803f99a8b5dd232c7ad883637f1c86e6953305a2ef19c77f20,13429.33,0.01,1772263747,"US strikes Iran by February 28, 2026?",us-strikes-iran-by-february-28-2026-227-967-547-688-589-491-592-418-452-924-384-915-464-672-196-157-993-596-269-535-381-391-471-256-988-997-296-225-762-973-292-827-345-182-558-215-794-879-189-761,us-strikes-iran-by,No,1,dsfdsddd2,134.2933
0xf3927f431815391850e0c0a1988151916a4c1a08,SELL,0x3488f31e6449f9803f99a8b5dd232c7ad883637f1c86e6953305a2ef19c77f20,134.33,0.998,1772266133,"US strikes Iran by February 28, 2026?",us-strikes-iran-by-february-28-2026-227-967-547-688-589-491-592-418-452-924-384-915-464-672-196-157-993-596-269-535-381-391-471-256-988-997-296-225-762-973-292-827-345-182-558-215-794-879-189-761,us-strikes-iran-by,Yes,0,0xf3927F431815391850E0c0a1988151916A4C1A08-1768367427208,134.06134
0x21c52a310ce110d58270e2d5a9676c217a5e3533,BUY,0x3488f31e6449f9803f99a8b5dd232c7ad883637f1c86e6953305a2ef19c77f20,134.56,0.993,1772263825,"US strikes Iran by February 28, 2026?",us-strikes-iran-by-february-28-2026-227-967-547-688-589-491-592-418-452-924-384-915-464-672-196-157-993-596-269-535-381-391-471-256-988-997-296-225-762-973-292-827-345-182-558-215-794-879-189-761,us-strikes-iran-by,Yes,0,Rin2x,133.61808
0xe34c5e369a6040eb29d78fdb28922cd14f075657,SELL,0x3488f31e6449f9803f99a8b5dd232c7ad883637f1c86e6953305a2ef19c77f20,133.33,0.999,1772270293,"US strikes Iran by February 28, 2026?",us-strikes-iran-by-february-28-2026-227-967-547-688-589-491-592-418-452-924-384-915-464-672-196-157-993-596-269-535-381-391-471-256-988-997-296-225-762-973-292-827-345-182-558-215-794-879-189-761,us-strikes-iran-by,Yes,0,0xe34c5E369a6040eB29D78Fdb28922CD14f075657-1769757643803,133.19667
0xaa4a5f72e24b9f315f43cf70e2d6c0f4a3924f22,SELL,0x3488f31e6449f9803f99a8b5dd232c7ad883637f1c86e6953305a2ef19c77f20,132603.33,0.001,1772265697,"US strikes Iran by February 28, 2026?",us-strikes-iran-by-february-28-2026-227-967-547-688-589-491-592-418-452-924-384-915-464-672-196-157-993-596-269-535-381-391-471-256-988-997-296-225-762-973-292-827-345-182-558-215-794-879-189-761,us-strikes-iran-by,No,1,meepy,132.60333
0xfe185b1295c871f6f84a129adaeefafd8eb3d3a0,SELL,0x3488f31e6449f9803f99a8b5dd232c7ad883637f1c86e6953305a2ef19c77f20,132.47,0.998,1772266363,"US strikes Iran by February 28, 2026?",us-strikes-iran-by-february-28-2026-227-967-547-688-589-491-592-418-452-924-384-915-464-672-196-157-993-596-269-535-381-391-471-256-988-997-296-225-762-973-292-827-345-182-558-215-794-879-189-761,us-strikes-iran-by,Yes,0,Samson-project,132.20506
0x93392310b9c9ba5c60d64cc7bc46cd878116a56f,BUY,0x3488f31e6449f9803f99a8b5dd232c7ad883637f1c86e6953305a2ef19c77f20,41801.32,0.0031461915556733615,1772263983,"US strikes Iran by February 28, 2026?",us-strikes-iran-by-february-28-2026-227-967-547-688-589-491-592-418-452-924-384-915-464-672-196-157-993-596-269-535-381-391-471-256-988-997-296-225-762-973-292-827-345-182-558-215-794-879-189-761,us-strikes-iran-by,No,1,titan5,131.51496
0x1192eebf9ee0ffe235f3846c7d9857c23f15274a,SELL,0x3488f31e6449f9803f99a8b5dd232c7ad883637f1c86e6953305a2ef19c77f20,131.57,0.999,1772267835,"US strikes Iran by February 28, 2026?",us-strikes-iran-by-february-28-2026-227-967-547-688-589-491-592-418-452-924-384-915-464-672-196-157-993-596-269-535-381-391-471-256-988-997-296-225-762-973-292-827-345-182-558-215-794-879-189-761,us-strikes-iran-by,Yes,0,0x1192eeBf9Ee0fFe235f3846C7d9857c23F15274a-1772211424756,131.43842999999998
0x77e929f6b4024fb885d9d2822716cfe22a802c06,SELL,0x3488f31e6449f9803f99a8b5dd232c7ad883637f1c86e6953305a2ef19c77f20,131.57,0.998,1772268349,"US strikes Iran by February 28, 2026?",us-strikes-iran-by-february-28-2026-227-967-547-688-589-491-592-418-452-924-384-915-464-672-196-157-993-596-269-535-381-391-471-256-988-997-296-225-762-973-292-827-345-182-558-215-794-879-189-761,us-strikes-iran-by,Yes,0,Cesd,131.30686
0xeebf48d20549f58dc74a9a26ac87d74014aee603,SELL,0x3488f31e6449f9803f99a8b5dd232c7ad883637f1c86e6953305a2ef19c77f20,131.38,0.999,1772269567,"US strikes Iran by February 28, 2026?",us-strikes-iran-by-february-28-2026-227-967-547-688-589-491-592-418-452-924-384-915-464-672-196-157-993-596-269-535-381-391-471-256-988-997-296-225-762-973-292-827-345-182-558-215-794-879-189-761,us-strikes-iran-by,Yes,0,0xeEbF48D20549F58dc74A9a26ac87d74014aee603-1769168137269,131.24862
0x88bd568e0e4b504b432d717bbb079059dd77cddb,SELL,0x3488f31e6449f9803f99a8b5dd232c7ad883637f1c86e6953305a2ef19c77f20,130.55,0.998,1772265315,"US strikes Iran by February 28, 2026?",us-strikes-iran-by-february-28-2026-227-967-547-688-589-491-592-418-452-924-384-915-464-672-196-157-993-596-269-535-381-391-471-256-988-997-296-225-762-973-292-827-345-182-558-215-794-879-189-761,us-strikes-iran-by,Yes,0,Wangwagller,130.2889
0x14f267fb08ae58fb40a7738965ab9ec2547a0e03,SELL,0x3488f31e6449f9803f99a8b5dd232c7ad883637f1c86e6953305a2ef19c77f20,129.29,0.999,1772270387,"US strikes Iran by February 28, 2026?",us-strikes-iran-by-february-28-2026-227-967-547-688-589-491-592-418-452-924-384-915-464-672-196-157-993-596-269-535-381-391-471-256-988-997-296-225-762-973-292-827-345-182-558-215-794-879-189-761,us-strikes-iran-by,Yes,0,TuffPigeon,129.16071
0x4680cd6ca33319c9302bced30469d8e5729f21a6,SELL,0x3488f31e6449f9803f99a8b5dd232c7ad883637f1c86e6953305a2ef19c77f20,128.94,0.997,1772264207,"US strikes Iran by February 28, 2026?",us-strikes-iran-by-february-28-2026-227-967-547-688-589-491-592-418-452-924-384-915-464-672-196-157-993-596-269-535-381-391-471-256-988-997-296-225-762-973-292-827-345-182-558-215-794-879-189-761,us-strikes-iran-by,Yes,0,rambofish,128.55318
0x364e7730e442a598176a3ca65f49d68e511ba2c7,SELL,0x3488f31e6449f9803f99a8b5dd232c7ad883637f1c86e6953305a2ef19c77f20,128.33,0.998,1772268113,"US strikes Iran by February 28, 2026?",us-strikes-iran-by-february-28-2026-227-967-547-688-589-491-592-418-452-924-384-915-464-672-196-157-993-596-269-535-381-391-471-256-988-997-296-225-762-973-292-827-345-182-558-215-794-879-189-761,us-strikes-iran-by,Yes,0,0x364e7730E442a598176A3cA65F49D68E511BA2C7-1767839385167,128.07334
0xeeb458b1f1ed1d5e85e97344e934301de20c521e,SELL,0x3488f31e6449f9803f99a8b5dd232c7ad883637f1c86e6953305a2ef19c77f20,128.0,0.997,1772264267,"US strikes Iran by February 28, 2026?",us-strikes-iran-by-february-28-2026-227-967-547-688-589-491-592-418-452-924-384-915-464-672-196-157-993-596-269-535-381-391-471-256-988-997-296-225-762-973-292-827-345-182-558-215-794-879-189-761,us-strikes-iran-by,Yes,0,Ghouls1,127.616
0x28c0ee4e451e92675b80871f60643748679fcedf,BUY,0x3488f31e6449f9803f99a8b5dd232c7ad883637f1c86e6953305a2ef19c77f20,7500.0,0.017,1772263305,"US strikes Iran by February 28, 2026?",us-strikes-iran-by-february-28-2026-227-967-547-688-589-491-592-418-452-924-384-915-464-672-196-157-993-596-269-535-381-391-471-256-988-997-296-225-762-973-292-827-345-182-558-215-794-879-189-761,us-strikes-iran-by,No,1,SMWong,127.50000000000001
0x520c187fbc3bae3d5bab8c6e6d08865f2ffcbd6d,SELL,0x3488f31e6449f9803f99a8b5dd232c7ad883637f1c86e6953305a2ef19c77f20,127.36,0.998,1772266689,"US strikes Iran by February 28, 2026?",us-strikes-iran-by-february-28-2026-227-967-547-688-589-491-592-418-452-924-384-915-464-672-196-157-993-596-269-535-381-391-471-256-988-997-296-225-762-973-292-827-345-182-558-215-794-879-189-761,us-strikes-iran-by,Yes,0,br1984,127.10528
0x7d6e99ec94e5cbee6301a53c538b40964f8db59e,SELL,0x3488f31e6449f9803f99a8b5dd232c7ad883637f1c86e6953305a2ef19c77f20,126.27,0.998,1772264809,"US strikes Iran by February 28, 2026?",us-strikes-iran-by-february-28-2026-227-967-547-688-589-491-592-418-452-924-384-915-464-672-196-157-993-596-269-535-381-391-471-256-988-997-296-225-762-973-292-827-345-182-558-215-794-879-189-761,us-strikes-iran-by,Yes,0,zhuzhumi,126.01746
0xa0d41d69366f93feba18be65a80b0d764dbac535,SELL,0x3488f31e6449f9803f99a8b5dd232c7ad883637f1c86e6953305a2ef19c77f20,125.17,0.999,1772270647,"US strikes Iran by February 28, 2026?",us-strikes-iran-by-february-28-2026-227-967-547-688-589-491-592-418-452-924-384-915-464-672-196-157-993-596-269-535-381-391-471-256-988-997-296-225-762-973-292-827-345-182-558-215-794-879-189-761,us-strikes-iran-by,Yes,0,0xa0d41d69366F93fEBa18Be65a80B0d764DbAc535-1771452545314,125.04483
0xc39636f73d38945d0e0ac4424ce0bb44e4c6f127,SELL,0x3488f31e6449f9803f99a8b5dd232c7ad883637f1c86e6953305a2ef19c77f20,126.27,0.99,1772263797,"US strikes Iran by February 28, 2026?",us-strikes-iran-by-february-28-2026-227-967-547-688-589-491-592-418-452-924-384-915-464-672-196-157-993-596-269-535-381-391-471-256-988-997-296-225-762-973-292-827-345-182-558-215-794-879-189-761,us-strikes-iran-by,Yes,0,Tukef,125.0073
0x174edb9f0bd4809103fed16563fc34500ed186bc,SELL,0x3488f31e6449f9803f99a8b5dd232c7ad883637f1c86e6953305a2ef19c77f20,125.0,0.999,1772267899,"US strikes Iran by February 28, 2026?",us-strikes-iran-by-february-28-2026-227-967-547-688-589-491-592-418-452-924-384-915-464-672-196-157-993-596-269-535-381-391-471-256-988-997-296-225-762-973-292-827-345-182-558-215-794-879-189-761,us-strikes-iran-by,Yes,0,misspolly,124.875
0xc652b37b021eb64eb95fe7db0b1d4561bf5a11b1,SELL,0x3488f31e6449f9803f99a8b5dd232c7ad883637f1c86e6953305a2ef19c77f20,125.0,0.997,1772264283,"US strikes Iran by February 28, 2026?",us-strikes-iran-by-february-28-2026-227-967-547-688-589-491-592-418-452-924-384-915-464-672-196-157-993-596-269-535-381-391-471-256-988-997-296-225-762-973-292-827-345-182-558-215-794-879-189-761,us-strikes-iran-by,Yes,0,0xC652B37b021eb64Eb95fE7dB0B1D4561bF5a11B1-1748123995820,124.625
0x87e1e4525a3743e00af749f4a0c532f9ca1bec9e,SELL,0x3488f31e6449f9803f99a8b5dd232c7ad883637f1c86e6953305a2ef19c77f20,123.79,0.999,1772271035,"US strikes Iran by February 28, 2026?",us-strikes-iran-by-february-28-2026-227-967-547-688-589-491-592-418-452-924-384-915-464-672-196-157-993-596-269-535-381-391-471-256-988-997-296-225-762-973-292-827-345-182-558-215-794-879-189-761,us-strikes-iran-by,Yes,0,0x87e1e4525A3743e00AF749F4a0C532f9cA1bec9e-1770227189794,123.66621
0xc409f2c947acf69ca8837fe29e90e6e496b86276,SELL,0x3488f31e6449f9803f99a8b5dd232c7ad883637f1c86e6953305a2ef19c77f20,124.99,0.987,1772263709,"US strikes Iran by February 28, 2026?",us-strikes-iran-by-february-28-2026-227-967-547-688-589-491-592-418-452-924-384-915-464-672-196-157-993-596-269-535-381-391-471-256-988-997-296-225-762-973-292-827-345-182-558-215-794-879-189-761,us-strikes-iran-by,Yes,0,3ADPOT,123.36513
0xf6c116008bcdcf861d763611ea2e34006037ffab,SELL,0x3488f31e6449f9803f99a8b5dd232c7ad883637f1c86e6953305a2ef19c77f20,125.0,0.983,1772263313,"US strikes Iran by February 28, 2026?",us-strikes-iran-by-february-28-2026-227-967-547-688-589-491-592-418-452-924-384-915-464-672-196-157-993-596-269-535-381-391-471-256-988-997-296-225-762-973-292-827-345-182-558-215-794-879-189-761,us-strikes-iran-by,Yes,0,0xFBI,122.875
0x4741eb0ef88b6438634c6fb6fea87e03d4a5e6ca,BUY,0x3488f31e6449f9803f99a8b5dd232c7ad883637f1c86e6953305a2ef19c77f20,122.655309,0.9979999968855812,1772263967,"US strikes Iran by February 28, 2026?",us-strikes-iran-by-february-28-2026-227-967-547-688-589-491-592-418-452-924-384-915-464-672-196-157-993-596-269-535-381-391-471-256-988-997-296-225-762-973-292-827-345-182-558-215-794-879-189-761,us-strikes-iran-by,Yes,0,longhu,122.409998
0x7ff11de5efdefe74dfec0704079a70873dc28eb8,SELL,0x3488f31e6449f9803f99a8b5dd232c7ad883637f1c86e6953305a2ef19c77f20,122.63,0.997,1772264029,"US strikes Iran by February 28, 2026?",us-strikes-iran-by-february-28-2026-227-967-547-688-589-491-592-418-452-924-384-915-464-672-196-157-993-596-269-535-381-391-471-256-988-997-296-225-762-973-292-827-345-182-558-215-794-879-189-761,us-strikes-iran-by,Yes,0,Valeryhila,122.26210999999999
0x65fb8755f27dae5b2fda5b4f428e814b5dc47136,SELL,0x3488f31e6449f9803f99a8b5dd232c7ad883637f1c86e6953305a2ef19c77f20,121.95,0.992,1772263865,"US strikes Iran by February 28, 2026?",us-strikes-iran-by-february-28-2026-227-967-547-688-589-491-592-418-452-924-384-915-464-672-196-157-993-596-269-535-381-391-471-256-988-997-296-225-762-973-292-827-345-182-558-215-794-879-189-761,us-strikes-iran-by,Yes,0,0x65FB8755f27daE5B2FDA5b4f428E814B5dC47136-1772037612472,120.9744
0xb898e929c4f74ed40e25a13a38648359a80a9517,SELL,0x3488f31e6449f9803f99a8b5dd232c7ad883637f1c86e6953305a2ef19c77f20,120.83,0.999,1772267725,"US strikes Iran by February 28, 2026?",us-strikes-iran-by-february-28-2026-227-967-547-688-589-491-592-418-452-924-384-915-464-672-196-157-993-596-269-535-381-391-471-256-988-997-296-225-762-973-292-827-345-182-558-215-794-879-189-761,us-strikes-iran-by,Yes,0,Obiez,120.70917
0x476dcbb7e2e91829c4cf44581578fa31fd6267c6,SELL,0x3488f31e6449f9803f99a8b5dd232c7ad883637f1c86e6953305a2ef19c77f20,30169.31,0.004,1772263931,"US strikes Iran by February 28, 2026?",us-strikes-iran-by-february-28-2026-227-967-547-688-589-491-592-418-452-924-384-915-464-672-196-157-993-596-269-535-381-391-471-256-988-997-296-225-762-973-292-827-345-182-558-215-794-879-189-761,us-strikes-iran-by,No,1,kd35,120.67724000000001
0x604f102e4934a5ad345ec3d8c53fb99d9869f149,BUY,0x3488f31e6449f9803f99a8b5dd232c7ad883637f1c86e6953305a2ef19c77f20,9230.769229,0.012999999894158334,1772263485,"US strikes Iran by February 28, 2026?",us-strikes-iran-by-february-28-2026-227-967-547-688-589-491-592-418-452-924-384-915-464-672-196-157-993-596-269-535-381-391-471-256-988-997-296-225-762-973-292-827-345-182-558-215-794-879-189-761,us-strikes-iran-by,No,1,BitKiller,119.999999
0x79f7e846bd39733826c397f2403902d4470b087c,BUY,0x3488f31e6449f9803f99a8b5dd232c7ad883637f1c86e6953305a2ef19c77f20,59920.0,0.002,1772266253,"US strikes Iran by February 28, 2026?",us-strikes-iran-by-february-28-2026-227-967-547-688-589-491-592-418-452-924-384-915-464-672-196-157-993-596-269-535-381-391-471-256-988-997-296-225-762-973-292-827-345-182-558-215-794-879-189-761,us-strikes-iran-by,No,1,F.U.C.KYEAD,119.84
0xd2b2d41c18158c1473ebc09cc7975744c278477d,BUY,0x3488f31e6449f9803f99a8b5dd232c7ad883637f1c86e6953305a2ef19c77f20,119.529,0.999,1772268943,"US strikes Iran by February 28, 2026?",us-strikes-iran-by-february-28-2026-227-967-547-688-589-491-592-418-452-924-384-915-464-672-196-157-993-596-269-535-381-391-471-256-988-997-296-225-762-973-292-827-345-182-558-215-794-879-189-761,us-strikes-iran-by,Yes,0,nmghdvxg,119.409471
0xd7dc203795c98446521a228a26b88279166a9a0c,SELL,0x3488f31e6449f9803f99a8b5dd232c7ad883637f1c86e6953305a2ef19c77f20,119.3,0.998,1772265947,"US strikes Iran by February 28, 2026?",us-strikes-iran-by-february-28-2026-227-967-547-688-589-491-592-418-452-924-384-915-464-672-196-157-993-596-269-535-381-391-471-256-988-997-296-225-762-973-292-827-345-182-558-215-794-879-189-761,us-strikes-iran-by,Yes,0,0xd7dc203795c98446521a228A26b88279166A9A0c-1772028917316,119.06139999999999
0x22b658861a5a4f64ac9023dda5fac00c740c0186,SELL,0x3488f31e6449f9803f99a8b5dd232c7ad883637f1c86e6953305a2ef19c77f20,119.04,0.998,1772268393,"US strikes Iran by February 28, 2026?",us-strikes-iran-by-february-28-2026-227-967-547-688-589-491-592-418-452-924-384-915-464-672-196-157-993-596-269-535-381-391-471-256-988-997-296-225-762-973-292-827-345-182-558-215-794-879-189-761,us-strikes-iran-by,Yes,0,0x22B658861a5a4F64ac9023dda5faC00C740c0186-1771621861733,118.80192000000001
0x1575fb0abd00278b1708bef3871e8b8bb137b309,SELL,0x3488f31e6449f9803f99a8b5dd232c7ad883637f1c86e6953305a2ef19c77f20,119.04,0.997,1772264837,"US strikes Iran by February 28, 2026?",us-strikes-iran-by-february-28-2026-227-967-547-688-589-491-592-418-452-924-384-915-464-672-196-157-993-596-269-535-381-391-471-256-988-997-296-225-762-973-292-827-345-182-558-215-794-879-189-761,us-strikes-iran-by,Yes,0,0x1575Fb0AbD00278B1708bEf3871e8B8BB137B309-1771453275311,118.68288000000001
0xb1ab5e06b58b6837b62fe23e905fdfbacefe1c6e,SELL,0x3488f31e6449f9803f99a8b5dd232c7ad883637f1c86e6953305a2ef19c77f20,117.64,0.999,1772269173,"US strikes Iran by February 28, 2026?",us-strikes-iran-by-february-28-2026-227-967-547-688-589-491-592-418-452-924-384-915-464-672-196-157-993-596-269-535-381-391-471-256-988-997-296-225-762-973-292-827-345-182-558-215-794-879-189-761,us-strikes-iran-by,Yes,0,finickygyroscope,117.52236
0xb4ac50de85b5b4a83df96d95e3cfa8d1553329d5,SELL,0x3488f31e6449f9803f99a8b5dd232c7ad883637f1c86e6953305a2ef19c77f20,117.64,0.997,1772264163,"US strikes Iran by February 28, 2026?",us-strikes-iran-by-february-28-2026-227-967-547-688-589-491-592-418-452-924-384-915-464-672-196-157-993-596-269-535-381-391-471-256-988-997-296-225-762-973-292-827-345-182-558-215-794-879-189-761,us-strikes-iran-by,Yes,0,resilientcrow,117.28708
0x51b9f404658fca9301804867b738ea7ea2c5d2a7,SELL,0x3488f31e6449f9803f99a8b5dd232c7ad883637f1c86e6953305a2ef19c77f20,119.04,0.985,1772263349,"US strikes Iran by February 28, 2026?",us-strikes-iran-by-february-28-2026-227-967-547-688-589-491-592-418-452-924-384-915-464-672-196-157-993-596-269-535-381-391-471-256-988-997-296-225-762-973-292-827-345-182-558-215-794-879-189-761,us-strikes-iran-by,Yes,0,photonintrique,117.2544
0x4571ca43002151e3c84937c2698e40ceff2036ad,SELL,0x3488f31e6449f9803f99a8b5dd232c7ad883637f1c86e6953305a2ef19c77f20,117.42,0.997,1772264649,"US strikes Iran by February 28, 2026?",us-strikes-iran-by-february-28-2026-227-967-547-688-589-491-592-418-452-924-384-915-464-672-196-157-993-596-269-535-381-391-471-256-988-997-296-225-762-973-292-827-345-182-558-215-794-879-189-761,us-strikes-iran-by,Yes,0,Trumpkamala,117.06774
0x6d5f693c94f78acb4aa70a0bbf29d1be7e466dfc,BUY,0x3488f31e6449f9803f99a8b5dd232c7ad883637f1c86e6953305a2ef19c77f20,58500.0,0.002,1772264001,"US strikes Iran by February 28, 2026?",us-strikes-iran-by-february-28-2026-227-967-547-688-589-491-592-418-452-924-384-915-464-672-196-157-993-596-269-535-381-391-471-256-988-997-296-225-762-973-292-827-345-182-558-215-794-879-189-761,us-strikes-iran-by,No,1,,117.0
0xdb90d39170fffdafaba515d9cc61636a846c8641,SELL,0x3488f31e6449f9803f99a8b5dd232c7ad883637f1c86e6953305a2ef19c77f20,117.28,0.996,1772263951,"US strikes Iran by February 28, 2026?",us-strikes-iran-by-february-28-2026-227-967-547-688-589-491-592-418-452-924-384-915-464-672-196-157-993-596-269-535-381-391-471-256-988-997-296-225-762-973-292-827-345-182-558-215-794-879-189-761,us-strikes-iran-by,Yes,0,Bld9416,116.81088
0x9fc04328779787d59935a6649ca8e7694b78cb4b,BUY,0x3488f31e6449f9803f99a8b5dd232c7ad883637f1c86e6953305a2ef19c77f20,117.64,0.986,1772263337,"US strikes Iran by February 28, 2026?",us-strikes-iran-by-february-28-2026-227-967-547-688-589-491-592-418-452-924-384-915-464-672-196-157-993-596-269-535-381-391-471-256-988-997-296-225-762-973-292-827-345-182-558-215-794-879-189-761,us-strikes-iran-by,Yes,0,DorkiPorki,115.99304
0x0f2e0259c033aa270a0dbc2e10f01b06f08c0abf,SELL,0x3488f31e6449f9803f99a8b5dd232c7ad883637f1c86e6953305a2ef19c77f20,115.78,0.999,1772271129,"US strikes Iran by February 28, 2026?",us-strikes-iran-by-february-28-2026-227-967-547-688-589-491-592-418-452-924-384-915-464-672-196-157-993-596-269-535-381-391-471-256-988-997-296-225-762-973-292-827-345-182-558-215-794-879-189-761,us-strikes-iran-by,Yes,0,,115.66422
0x51dba8b764793155ee362be919be2043d6f51d58,SELL,0x3488f31e6449f9803f99a8b5dd232c7ad883637f1c86e6953305a2ef19c77f20,115.38,0.997,1772264355,"US strikes Iran by February 28, 2026?",us-strikes-iran-by-february-28-2026-227-967-547-688-589-491-592-418-452-924-384-915-464-672-196-157-993-596-269-535-381-391-471-256-988-997-296-225-762-973-292-827-345-182-558-215-794-879-189-761,us-strikes-iran-by,Yes,0,Clemon2000,115.03385999999999
0x353e109ccfeaf78de2d7f557702689c615e06b4d,SELL,0x3488f31e6449f9803f99a8b5dd232c7ad883637f1c86e6953305a2ef19c77f20,114.37,0.999,1772269201,"US strikes Iran by February 28, 2026?",us-strikes-iran-by-february-28-2026-227-967-547-688-589-491-592-418-452-924-384-915-464-672-196-157-993-596-269-535-381-391-471-256-988-997-296-225-762-973-292-827-345-182-558-215-794-879-189-761,us-strikes-iran-by,Yes,0,SBGG,114.25563000000001
0xa1ea8993696d91c981dfea2d2fa7b3580d94aed0,SELL,0x3488f31e6449f9803f99a8b5dd232c7ad883637f1c86e6953305a2ef19c77f20,114.28,0.999,1772270721,"US strikes Iran by February 28, 2026?",us-strikes-iran-by-february-28-2026-227-967-547-688-589-491-592-418-452-924-384-915-464-672-196-157-993-596-269-535-381-391-471-256-988-997-296-225-762-973-292-827-345-182-558-215-794-879-189-761,us-strikes-iran-by,Yes,0,Alkantar,114.16572000000001
0x53da324a69637bea7161311a03aa6aa8b038995a,SELL,0x3488f31e6449f9803f99a8b5dd232c7ad883637f1c86e6953305a2ef19c77f20,114.28,0.998,1772264501,"US strikes Iran by February 28, 2026?",us-strikes-iran-by-february-28-2026-227-967-547-688-589-491-592-418-452-924-384-915-464-672-196-157-993-596-269-535-381-391-471-256-988-997-296-225-762-973-292-827-345-182-558-215-794-879-189-761,us-strikes-iran-by,Yes,0,,114.05144
0xe30ef0883368872dbd55b9b59d6ab908b3f460ac,SELL,0x3488f31e6449f9803f99a8b5dd232c7ad883637f1c86e6953305a2ef19c77f20,114.11,0.998,1772265499,"US strikes Iran by February 28, 2026?",us-strikes-iran-by-february-28-2026-227-967-547-688-589-491-592-418-452-924-384-915-464-672-196-157-993-596-269-535-381-391-471-256-988-997-296-225-762-973-292-827-345-182-558-215-794-879-189-761,us-strikes-iran-by,Yes,0,MechantTarba,113.88178
0x66ce4765891a1acfa4a622379ad8563ab05f78a1,SELL,0x3488f31e6449f9803f99a8b5dd232c7ad883637f1c86e6953305a2ef19c77f20,113.83,0.997,1772264639,"US strikes Iran by February 28, 2026?",us-strikes-iran-by-february-28-2026-227-967-547-688-589-491-592-418-452-924-384-915-464-672-196-157-993-596-269-535-381-391-471-256-988-997-296-225-762-973-292-827-345-182-558-215-794-879-189-761,us-strikes-iran-by,Yes,0,Goylover,113.48850999999999
0x288638a10e3b557c256d64867269cf7cefc819a3,SELL,0x3488f31e6449f9803f99a8b5dd232c7ad883637f1c86e6953305a2ef19c77f20,113.75,0.997,1772264119,"US strikes Iran by February 28, 2026?",us-strikes-iran-by-february-28-2026-227-967-547-688-589-491-592-418-452-924-384-915-464-672-196-157-993-596-269-535-381-391-471-256-988-997-296-225-762-973-292-827-345-182-558-215-794-879-189-761,us-strikes-iran-by,Yes,0,0x288638A10E3b557c256d64867269CF7cEfc819a3-1768400046440,113.40875
0x5b2eae9b18ef9c9c0536027e5ff20e676a9ab373,SELL,0x3488f31e6449f9803f99a8b5dd232c7ad883637f1c86e6953305a2ef19c77f20,112.74,0.986,1772263637,"US strikes Iran by February 28, 2026?",us-strikes-iran-by-february-28-2026-227-967-547-688-589-491-592-418-452-924-384-915-464-672-196-157-993-596-269-535-381-391-471-256-988-997-296-225-762-973-292-827-345-182-558-215-794-879-189-761,us-strikes-iran-by,Yes,0,0x5B2eAe9B18EF9C9C0536027e5Ff20E676a9aB373-1762856199449,111.16163999999999
0x633e584379f70a2e7278d665daaa1fe050279a04,SELL,0x3488f31e6449f9803f99a8b5dd232c7ad883637f1c86e6953305a2ef19c77f20,111.11,0.998,1772268693,"US strikes Iran by February 28, 2026?",us-strikes-iran-by-february-28-2026-227-967-547-688-589-491-592-418-452-924-384-915-464-672-196-157-993-596-269-535-381-391-471-256-988-997-296-225-762-973-292-827-345-182-558-215-794-879-189-761,us-strikes-iran-by,Yes,0,Joseaa,110.88777999999999
0x7ae4f89b5688c77b83eb9fc16be3ab49849a0281,SELL,0x3488f31e6449f9803f99a8b5dd232c7ad883637f1c86e6953305a2ef19c77f20,111.11,0.998,1772265639,"US strikes Iran by February 28, 2026?",us-strikes-iran-by-february-28-2026-227-967-547-688-589-491-592-418-452-924-384-915-464-672-196-157-993-596-269-535-381-391-471-256-988-997-296-225-762-973-292-827-345-182-558-215-794-879-189-761,us-strikes-iran-by,Yes,0,0x7Ae4f89b5688c77B83EB9fc16BE3AB49849a0281-1771969076166,110.88777999999999
0x984af00ee3034e0485781751d0e1c146d09c2726,SELL,0x3488f31e6449f9803f99a8b5dd232c7ad883637f1c86e6953305a2ef19c77f20,111.11,0.998,1772265205,"US strikes Iran by February 28, 2026?",us-strikes-iran-by-february-28-2026-227-967-547-688-589-491-592-418-452-924-384-915-464-672-196-157-993-596-269-535-381-391-471-256-988-997-296-225-762-973-292-827-345-182-558-215-794-879-189-761,us-strikes-iran-by,Yes,0,Kingslayer2026,110.88777999999999
0x1931bf887c2c0e66abaa5a332097055913f17da6,SELL,0x3488f31e6449f9803f99a8b5dd232c7ad883637f1c86e6953305a2ef19c77f20,111.11,0.997,1772264287,"US strikes Iran by February 28, 2026?",us-strikes-iran-by-february-28-2026-227-967-547-688-589-491-592-418-452-924-384-915-464-672-196-157-993-596-269-535-381-391-471-256-988-997-296-225-762-973-292-827-345-182-558-215-794-879-189-761,us-strikes-iran-by,Yes,0,0x1931bF887c2C0e66ABAA5A332097055913F17DA6-1767904082587,110.77667
0xf0cecdae4fa7671f43545c90e11ec708f0d45310,SELL,0x3488f31e6449f9803f99a8b5dd232c7ad883637f1c86e6953305a2ef19c77f20,111.11,0.996,1772263935,"US strikes Iran by February 28, 2026?",us-strikes-iran-by-february-28-2026-227-967-547-688-589-491-592-418-452-924-384-915-464-672-196-157-993-596-269-535-381-391-471-256-988-997-296-225-762-973-292-827-345-182-558-215-794-879-189-761,us-strikes-iran-by,Yes,0,0xf0cEcdAE4FA7671F43545C90E11Ec708f0d45310-1758128305623,110.66556
0xc35c85495113be4d85fc49027968177ef7213a4a,SELL,0x3488f31e6449f9803f99a8b5dd232c7ad883637f1c86e6953305a2ef19c77f20,110.52,0.998,1772264975,"US strikes Iran by February 28, 2026?",us-strikes-iran-by-february-28-2026-227-967-547-688-589-491-592-418-452-924-384-915-464-672-196-157-993-596-269-535-381-391-471-256-988-997-296-225-762-973-292-827-345-182-558-215-794-879-189-761,us-strikes-iran-by,Yes,0,0xC35C85495113Be4D85fc49027968177Ef7213a4A-1770812819474,110.29896
0x6dc2a3bf99f08598a341debd70477c34312e2f88,BUY,0x3488f31e6449f9803f99a8b5dd232c7ad883637f1c86e6953305a2ef19c77f20,10000.0,0.011,1772263785,"US strikes Iran by February 28, 2026?",us-strikes-iran-by-february-28-2026-227-967-547-688-589-491-592-418-452-924-384-915-464-672-196-157-993-596-269-535-381-391-471-256-988-997-296-225-762-973-292-827-345-182-558-215-794-879-189-761,us-strikes-iran-by,No,1,0x6dc2A3BF99f08598A341DeBD70477C34312e2F88-1771996837393,110.0
0xc1d400187164df5e8d9a6f8f4429a0cc8a2912d7,BUY,0x3488f31e6449f9803f99a8b5dd232c7ad883637f1c86e6953305a2ef19c77f20,7682.222665,0.014318772547580148,1772263601,"US strikes Iran by February 28, 2026?",us-strikes-iran-by-february-28-2026-227-967-547-688-589-491-592-418-452-924-384-915-464-672-196-157-993-596-269-535-381-391-471-256-988-997-296-225-762-973-292-827-345-182-558-215-794-879-189-761,us-strikes-iran-by,No,1,0xc1d400187164dF5E8D9A6f8F4429A0Cc8a2912D7-1772262922455,109.99999900000002
0x6e149dce71bd912b7ca694eb271be1a5c47bd58c,SELL,0x3488f31e6449f9803f99a8b5dd232c7ad883637f1c86e6953305a2ef19c77f20,110.0,0.999,1772268199,"US strikes Iran by February 28, 2026?",us-strikes-iran-by-february-28-2026-227-967-547-688-589-491-592-418-452-924-384-915-464-672-196-157-993-596-269-535-381-391-471-256-988-997-296-225-762-973-292-827-345-182-558-215-794-879-189-761,us-strikes-iran-by,Yes,0,Alexalways25,109.89
0xb442b3e92da23077418bba852287aa127c7abed7,SELL,0x3488f31e6449f9803f99a8b5dd232c7ad883637f1c86e6953305a2ef19c77f20,110.09,0.998,1772265717,"US strikes Iran by February 28, 2026?",us-strikes-iran-by-february-28-2026-227-967-547-688-589-491-592-418-452-924-384-915-464-672-196-157-993-596-269-535-381-391-471-256-988-997-296-225-762-973-292-827-345-182-558-215-794-879-189-761,us-strikes-iran-by,Yes,0,Tomer12,109.86982
0xad94d3fc807deeeaab3979ab059bbb6ed59556de,BUY,0x3488f31e6449f9803f99a8b5dd232c7ad883637f1c86e6953305a2ef19c77f20,109.44,0.999,1772264517,"US strikes Iran by February 28, 2026?",us-strikes-iran-by-february-28-2026-227-967-547-688-589-491-592-418-452-924-384-915-464-672-196-157-993-596-269-535-381-391-471-256-988-997-296-225-762-973-292-827-345-182-558-215-794-879-189-761,us-strikes-iran-by,Yes,0,LIUMING04,109.33055999999999
0xb83f717cd03598dde412bc63e8ec1f18914fb5b2,BUY,0x3488f31e6449f9803f99a8b5dd232c7ad883637f1c86e6953305a2ef19c77f20,110.996947,0.9829999918826596,1772263273,"US strikes Iran by February 28, 2026?",us-strikes-iran-by-february-28-2026-227-967-547-688-589-491-592-418-452-924-384-915-464-672-196-157-993-596-269-535-381-391-471-256-988-997-296-225-762-973-292-827-345-182-558-215-794-879-189-761,us-strikes-iran-by,Yes,0,,109.109998
0xd4f4c4522cd5ddb9a3bacecb607e2cb163fd47a8,SELL,0x3488f31e6449f9803f99a8b5dd232c7ad883637f1c86e6953305a2ef19c77f20,108.88,0.998,1772268927,"US strikes Iran by February 28, 2026?",us-strikes-iran-by-february-28-2026-227-967-547-688-589-491-592-418-452-924-384-915-464-672-196-157-993-596-269-535-381-391-471-256-988-997-296-225-762-973-292-827-345-182-558-215-794-879-189-761,us-strikes-iran-by,Yes,0,,108.66224
0x9a1bcd3fc8dcf86f9a80ab65ad8b100c35ab1b6d,SELL,0x3488f31e6449f9803f99a8b5dd232c7ad883637f1c86e6953305a2ef19c77f20,107.52,0.999,1772269367,"US strikes Iran by February 28, 2026?",us-strikes-iran-by-february-28-2026-227-967-547-688-589-491-592-418-452-924-384-915-464-672-196-157-993-596-269-535-381-391-471-256-988-997-296-225-762-973-292-827-345-182-558-215-794-879-189-761,us-strikes-iran-by,Yes,0,CSwizzle,107.41248
0xe96d128343d79989421fe58515890591dbdaa9a8,BUY,0x3488f31e6449f9803f99a8b5dd232c7ad883637f1c86e6953305a2ef19c77f20,6357.5,0.01684624459300039,1772263311,"US strikes Iran by February 28, 2026?",us-strikes-iran-by-february-28-2026-227-967-547-688-589-491-592-418-452-924-384-915-464-672-196-157-993-596-269-535-381-391-471-256-988-997-296-225-762-973-292-827-345-182-558-215-794-879-189-761,us-strikes-iran-by,No,1,Mikymaus77,107.1
0x251d19f16df3051a05e9e0935f7bad65b20e502b,SELL,0x3488f31e6449f9803f99a8b5dd232c7ad883637f1c86e6953305a2ef19c77f20,105.74,0.999,1772267349,"US strikes Iran by February 28, 2026?",us-strikes-iran-by-february-28-2026-227-967-547-688-589-491-592-418-452-924-384-915-464-672-196-157-993-596-269-535-381-391-471-256-988-997-296-225-762-973-292-827-345-182-558-215-794-879-189-761,us-strikes-iran-by,Yes,0,0x251D19f16Df3051a05E9e0935F7bAd65B20E502B-1769199184135,105.63426
0x5d497ebb0ac47af280b3d1fde6411119ac9c1067,SELL,0x3488f31e6449f9803f99a8b5dd232c7ad883637f1c86e6953305a2ef19c77f20,105.75,0.998,1772265231,"US strikes Iran by February 28, 2026?",us-strikes-iran-by-february-28-2026-227-967-547-688-589-491-592-418-452-924-384-915-464-672-196-157-993-596-269-535-381-391-471-256-988-997-296-225-762-973-292-827-345-182-558-215-794-879-189-761,us-strikes-iran-by,Yes,0,Phil.guts5,105.5385
0x58f7d1152d2711cdc6670b27c482d942caf602ac,SELL,0x3488f31e6449f9803f99a8b5dd232c7ad883637f1c86e6953305a2ef19c77f20,105.26,0.999,1772270209,"US strikes Iran by February 28, 2026?",us-strikes-iran-by-february-28-2026-227-967-547-688-589-491-592-418-452-924-384-915-464-672-196-157-993-596-269-535-381-391-471-256-988-997-296-225-762-973-292-827-345-182-558-215-794-879-189-761,us-strikes-iran-by,Yes,0,KevinGsong,105.15474
0xc701ec6e10497f8212bcf904df2f7da4e014cdf3,SELL,0x3488f31e6449f9803f99a8b5dd232c7ad883637f1c86e6953305a2ef19c77f20,105.01,0.998,1772266163,"US strikes Iran by February 28, 2026?",us-strikes-iran-by-february-28-2026-227-967-547-688-589-491-592-418-452-924-384-915-464-672-196-157-993-596-269-535-381-391-471-256-988-997-296-225-762-973-292-827-345-182-558-215-794-879-189-761,us-strikes-iran-by,Yes,0,TotalAccount,104.79998
0xf54a8eea8c1b29e719a7cd364dd0f51d920adb1d,SELL,0x3488f31e6449f9803f99a8b5dd232c7ad883637f1c86e6953305a2ef19c77f20,105.0,0.998,1772265037,"US strikes Iran by February 28, 2026?",us-strikes-iran-by-february-28-2026-227-967-547-688-589-491-592-418-452-924-384-915-464-672-196-157-993-596-269-535-381-391-471-256-988-997-296-225-762-973-292-827-345-182-558-215-794-879-189-761,us-strikes-iran-by,Yes,0,0xf54a8EEA8C1B29e719a7cD364Dd0f51d920ADb1d-1739995107539,104.79
0xc701ec6e10497f8212bcf904df2f7da4e014cdf3,SELL,0x3488f31e6449f9803f99a8b5dd232c7ad883637f1c86e6953305a2ef19c77f20,104.77,0.998,1772265277,"US strikes Iran by February 28, 2026?",us-strikes-iran-by-february-28-2026-227-967-547-688-589-491-592-418-452-924-384-915-464-672-196-157-993-596-269-535-381-391-471-256-988-997-296-225-762-973-292-827-345-182-558-215-794-879-189-761,us-strikes-iran-by,Yes,0,TotalAccount,104.56045999999999
0xfb8701a57d49ee5ec155fbeef3396870fbfba45d,SELL,0x3488f31e6449f9803f99a8b5dd232c7ad883637f1c86e6953305a2ef19c77f20,104.16,0.999,1772271153,"US strikes Iran by February 28, 2026?",us-strikes-iran-by-february-28-2026-227-967-547-688-589-491-592-418-452-924-384-915-464-672-196-157-993-596-269-535-381-391-471-256-988-997-296-225-762-973-292-827-345-182-558-215-794-879-189-761,us-strikes-iran-by,Yes,0,mertk,104.05584
0x8c46f4ff14462b2936590659a2f78974c1e2fc02,BUY,0x3488f31e6449f9803f99a8b5dd232c7ad883637f1c86e6953305a2ef19c77f20,7065.129332,0.014572981634414615,1772263621,"US strikes Iran by February 28, 2026?",us-strikes-iran-by-february-28-2026-227-967-547-688-589-491-592-418-452-924-384-915-464-672-196-157-993-596-269-535-381-391-471-256-988-997-296-225-762-973-292-827-345-182-558-215-794-879-189-761,us-strikes-iran-by,No,1,Burnny852,102.96000000000001
0xa219ff2b9deae4f8d2353570d028f246583c5035,SELL,0x3488f31e6449f9803f99a8b5dd232c7ad883637f1c86e6953305a2ef19c77f20,102.94,0.998,1772265615,"US strikes Iran by February 28, 2026?",us-strikes-iran-by-february-28-2026-227-967-547-688-589-491-592-418-452-924-384-915-464-672-196-157-993-596-269-535-381-391-471-256-988-997-296-225-762-973-292-827-345-182-558-215-794-879-189-761,us-strikes-iran-by,Yes,0,0xA219Ff2b9DEAe4f8D2353570d028f246583c5035-1761538040063,102.73412
0x1cab7fa34194466134b861ea9f2382f9e64b1c52,SELL,0x3488f31e6449f9803f99a8b5dd232c7ad883637f1c86e6953305a2ef19c77f20,104.17,0.986,1772263557,"US strikes Iran by February 28, 2026?",us-strikes-iran-by-february-28-2026-227-967-547-688-589-491-592-418-452-924-384-915-464-672-196-157-993-596-269-535-381-391-471-256-988-997-296-225-762-973-292-827-345-182-558-215-794-879-189-761,us-strikes-iran-by,Yes,0,Hakakak12020,102.71162
0x827723f5f157fdc678f1f10049769dd3a40406d8,SELL,0x3488f31e6449f9803f99a8b5dd232c7ad883637f1c86e6953305a2ef19c77f20,103.51,0.992,1772263859,"US strikes Iran by February 28, 2026?",us-strikes-iran-by-february-28-2026-227-967-547-688-589-491-592-418-452-924-384-915-464-672-196-157-993-596-269-535-381-391-471-256-988-997-296-225-762-973-292-827-345-182-558-215-794-879-189-761,us-strikes-iran-by,Yes,0,ACryptoBeggar,102.68192
0xa9582a01ac62357beac440527e44a5ad1fb1dce1,SELL,0x3488f31e6449f9803f99a8b5dd232c7ad883637f1c86e6953305a2ef19c77f20,102.25,0.998,1772268649,"US strikes Iran by February 28, 2026?",us-strikes-iran-by-february-28-2026-227-967-547-688-589-491-592-418-452-924-384-915-464-672-196-157-993-596-269-535-381-391-471-256-988-997-296-225-762-973-292-827-345-182-558-215-794-879-189-761,us-strikes-iran-by,Yes,0,NiggaCat,102.0455
0x8fc20c1879aaf693f6f7af344e2d620d5b72c9a3,SELL,0x3488f31e6449f9803f99a8b5dd232c7ad883637f1c86e6953305a2ef19c77f20,9756.3,0.010409991492676527,1772263461,"US strikes Iran by February 28, 2026?",us-strikes-iran-by-february-28-2026-227-967-547-688-589-491-592-418-452-924-384-915-464-672-196-157-993-596-269-535-381-391-471-256-988-997-296-225-762-973-292-827-345-182-558-215-794-879-189-761,us-strikes-iran-by,No,1,0x8fC20C1879aAF693f6f7af344e2d620D5B72c9A3-1771371446473,101.56299999999999
0xa0dcc762f4b5ebcf9e869f5ed8884e653237740e,SELL,0x3488f31e6449f9803f99a8b5dd232c7ad883637f1c86e6953305a2ef19c77f20,101.44,0.998,1772268903,"US strikes Iran by February 28, 2026?",us-strikes-iran-by-february-28-2026-227-967-547-688-589-491-592-418-452-924-384-915-464-672-196-157-993-596-269-535-381-391-471-256-988-997-296-225-762-973-292-827-345-182-558-215-794-879-189-761,us-strikes-iran-by,Yes,0,,101.23712
0x01c59a2278cbf35a3684a6f61245f1837ce5704b,SELL,0x3488f31e6449f9803f99a8b5dd232c7ad883637f1c86e6953305a2ef19c77f20,101.52,0.997,1772264281,"US strikes Iran by February 28, 2026?",us-strikes-iran-by-february-28-2026-227-967-547-688-589-491-592-418-452-924-384-915-464-672-196-157-993-596-269-535-381-391-471-256-988-997-296-225-762-973-292-827-345-182-558-215-794-879-189-761,us-strikes-iran-by,Yes,0,99797,101.21544
0xb0162b01035fbe47a773488aa3cffa5a7cbd1477,BUY,0x3488f31e6449f9803f99a8b5dd232c7ad883637f1c86e6953305a2ef19c77f20,50040.0,0.002,1772268717,"US strikes Iran by February 28, 2026?",us-strikes-iran-by-february-28-2026-227-967-547-688-589-491-592-418-452-924-384-915-464-672-196-157-993-596-269-535-381-391-471-256-988-997-296-225-762-973-292-827-345-182-558-215-794-879-189-761,us-strikes-iran-by,No,1,Connectin,100.08
0xc98d7443ba1bf44f44adf92f269e11d1824c61ec,BUY,0x3488f31e6449f9803f99a8b5dd232c7ad883637f1c86e6953305a2ef19c77f20,8333.333332,0.01200000000192,1772263719,"US strikes Iran by February 28, 2026?",us-strikes-iran-by-february-28-2026-227-967-547-688-589-491-592-418-452-924-384-915-464-672-196-157-993-596-269-535-381-391-471-256-988-997-296-225-762-973-292-827-345-182-558-215-794-879-189-761,us-strikes-iran-by,No,1,Hunt3r.w1n,100.00000000000001
0x35786444c2198472b63f462528fc0535455ed9fe,BUY,0x3488f31e6449f9803f99a8b5dd232c7ad883637f1c86e6953305a2ef19c77f20,33333.333333,0.00300000000003,1772264369,"US strikes Iran by February 28, 2026?",us-strikes-iran-by-february-28-2026-227-967-547-688-589-491-592-418-452-924-384-915-464-672-196-157-993-596-269-535-381-391-471-256-988-997-296-225-762-973-292-827-345-182-558-215-794-879-189-761,us-strikes-iran-by,No,1,Sydhavn,100.0
0x40112dc9fb2743225379fd93db8c6525ad809f61,BUY,0x3488f31e6449f9803f99a8b5dd232c7ad883637f1c86e6953305a2ef19c77f20,33333.333332,0.00300000000012,1772264589,"US strikes Iran by February 28, 2026?",us-strikes-iran-by-february-28-2026-227-967-547-688-589-491-592-418-452-924-384-915-464-672-196-157-993-596-269-535-381-391-471-256-988-997-296-225-762-973-292-827-345-182-558-215-794-879-189-761,us-strikes-iran-by,No,1,0x40112dC9Fb2743225379Fd93db8C6525aD809f61-1772113866600,100.0
0x60c19fda558e17279f880d0ebc0b4afc88a9ff45,BUY,0x3488f31e6449f9803f99a8b5dd232c7ad883637f1c86e6953305a2ef19c77f20,50000.0,0.002,1772265613,"US strikes Iran by February 28, 2026?",us-strikes-iran-by-february-28-2026-227-967-547-688-589-491-592-418-452-924-384-915-464-672-196-157-993-596-269-535-381-391-471-256-988-997-296-225-762-973-292-827-345-182-558-215-794-879-189-761,us-strikes-iran-by,No,1,0x60C19fDa558E17279f880D0ebc0B4afc88A9ff45-1768414565429,100.0
0x304a41b3d5713672321789231a83dd37ff02d4cb,BUY,0x3488f31e6449f9803f99a8b5dd232c7ad883637f1c86e6953305a2ef19c77f20,7692.307691,0.01300000000221,1772263475,"US strikes Iran by February 28, 2026?",us-strikes-iran-by-february-28-2026-227-967-547-688-589-491-592-418-452-924-384-915-464-672-196-157-993-596-269-535-381-391-471-256-988-997-296-225-762-973-292-827-345-182-558-215-794-879-189-761,us-strikes-iran-by,No,1,marangulo,100.0
0xf2c09d791d096758bf7b43ae10e497b86ef8755d,BUY,0x3488f31e6449f9803f99a8b5dd232c7ad883637f1c86e6953305a2ef19c77f20,12500.0,0.008,1772263867,"US strikes Iran by February 28, 2026?",us-strikes-iran-by-february-28-2026-227-967-547-688-589-491-592-418-452-924-384-915-464-672-196-157-993-596-269-535-381-391-471-256-988-997-296-225-762-973-292-827-345-182-558-215-794-879-189-761,us-strikes-iran-by,No,1,Juicewayne,100.0
0x8870e8af587b3b9f952841ad658fb2add2185a34,BUY,0x3488f31e6449f9803f99a8b5dd232c7ad883637f1c86e6953305a2ef19c77f20,33333.333332,0.00300000000012,1772264069,"US strikes Iran by February 28, 2026?",us-strikes-iran-by-february-28-2026-227-967-547-688-589-491-592-418-452-924-384-915-464-672-196-157-993-596-269-535-381-391-471-256-988-997-296-225-762-973-292-827-345-182-558-215-794-879-189-761,us-strikes-iran-by,No,1,0x8870E8Af587B3b9f952841AD658FB2Add2185a34-1771731518863,100.0
0x160e45540efe934e88e2da7f78ace7bc733040f2,BUY,0x3488f31e6449f9803f99a8b5dd232c7ad883637f1c86e6953305a2ef19c77f20,7652.89,0.013066959018096432,1772263677,"US strikes Iran by February 28, 2026?",us-strikes-iran-by-february-28-2026-227-967-547-688-589-491-592-418-452-924-384-915-464-672-196-157-993-596-269-535-381-391-471-256-988-997-296-225-762-973-292-827-345-182-558-215-794-879-189-761,us-strikes-iran-by,No,1,0x160e45540eFE934E88E2dA7F78aCe7bC733040F2-1772214392192,100.0
0xd460854d9c6a75a1054da1215f68f9c89e6a6316,BUY,0x3488f31e6449f9803f99a8b5dd232c7ad883637f1c86e6953305a2ef19c77f20,50000.0,0.002,1772265419,"US strikes Iran by February 28, 2026?",us-strikes-iran-by-february-28-2026-227-967-547-688-589-491-592-418-452-924-384-915-464-672-196-157-993-596-269-535-381-391-471-256-988-997-296-225-762-973-292-827-345-182-558-215-794-879-189-761,us-strikes-iran-by,No,1,,100.0
0xd460854d9c6a75a1054da1215f68f9c89e6a6316,BUY,0x3488f31e6449f9803f99a8b5dd232c7ad883637f1c86e6953305a2ef19c77f20,50000.0,0.002,1772265407,"US strikes Iran by February 28, 2026?",us-strikes-iran-by-february-28-2026-227-967-547-688-589-491-592-418-452-924-384-915-464-672-196-157-993-596-269-535-381-391-471-256-988-997-296-225-762-973-292-827-345-182-558-215-794-879-189-761,us-strikes-iran-by,No,1,,100.0
0x53d6a35968fec0bfcbb2ffba55b14250f756bdd7,BUY,0x3488f31e6449f9803f99a8b5dd232c7ad883637f1c86e6953305a2ef19c77f20,5882.352941,0.01700000000051,1772263311,"US strikes Iran by February 28, 2026?",us-strikes-iran-by-february-28-2026-227-967-547-688-589-491-592-418-452-924-384-915-464-672-196-157-993-596-269-535-381-391-471-256-988-997-296-225-762-973-292-827-345-182-558-215-794-879-189-761,us-strikes-iran-by,No,1,hvjhvjnkbjkj,100.0
0xc5fc5449ec54d666fa7aeb6d6574e7e82aa4b579,BUY,0x3488f31e6449f9803f99a8b5dd232c7ad883637f1c86e6953305a2ef19c77f20,7333.571427,0.0136359209145806,1772263657,"US strikes Iran by February 28, 2026?",us-strikes-iran-by-february-28-2026-227-967-547-688-589-491-592-418-452-924-384-915-464-672-196-157-993-596-269-535-381-391-471-256-988-997-296-225-762-973-292-827-345-182-558-215-794-879-189-761,us-strikes-iran-by,No,1,YYzzy,99.99999999999999
0x5cc56e313f916a9ebdc038c10bab3982eecbd713,BUY,0x3488f31e6449f9803f99a8b5dd232c7ad883637f1c86e6953305a2ef19c77f20,7142.857141,0.01399999986364,1772263341,"US strikes Iran by February 28, 2026?",us-strikes-iran-by-february-28-2026-227-967-547-688-589-491-592-418-452-924-384-915-464-672-196-157-993-596-269-535-381-391-471-256-988-997-296-225-762-973-292-827-345-182-558-215-794-879-189-761,us-strikes-iran-by,No,1,SnipeTheDollas,99.99999900000002
0xefc9a3d319adf4ba1259feb39bbd28dddcb0a0b9,BUY,0x3488f31e6449f9803f99a8b5dd232c7ad883637f1c86e6953305a2ef19c77f20,6666.666665,0.01499999985375,1772263359,"US strikes Iran by February 28, 2026?",us-strikes-iran-by-february-28-2026-227-967-547-688-589-491-592-418-452-924-384-915-464-672-196-157-993-596-269-535-381-391-471-256-988-997-296-225-762-973-292-827-345-182-558-215-794-879-189-761,us-strikes-iran-by,No,1,forkpath,99.99999899999999
0x7537ca8c7b49830588907835d48f70e09499520d,BUY,0x3488f31e6449f9803f99a8b5dd232c7ad883637f1c86e6953305a2ef19c77f20,6666.666665,0.01499999985375,1772263389,"US strikes Iran by February 28, 2026?",us-strikes-iran-by-february-28-2026-227-967-547-688-589-491-592-418-452-924-384-915-464-672-196-157-993-596-269-535-381-391-471-256-988-997-296-225-762-973-292-827-345-182-558-215-794-879-189-761,us-strikes-iran-by,No,1,0x7537cA8C7b49830588907835D48f70E09499520d-1772260522601,99.99999899999999
0x3e490a787c1d3b78cf381da4bd00aa0c0a6d36a1,BUY,0x3488f31e6449f9803f99a8b5dd232c7ad883637f1c86e6953305a2ef19c77f20,101.0101,0.99,1772263747,"US strikes Iran by February 28, 2026?",us-strikes-iran-by-february-28-2026-227-967-547-688-589-491-592-418-452-924-384-915-464-672-196-157-993-596-269-535-381-391-471-256-988-997-296-225-762-973-292-827-345-182-558-215-794-879-189-761,us-strikes-iran-by,Yes,0,huaishushu,99.99999899999999
0xf3c71fdcc82ca36579ce41604a29fdf94c0b92f8,BUY,0x3488f31e6449f9803f99a8b5dd232c7ad883637f1c86e6953305a2ef19c77f20,101.419857,0.98599999998028,1772263541,"US strikes Iran by February 28, 2026?",us-strikes-iran-by-february-28-2026-227-967-547-688-589-491-592-418-452-924-384-915-464-672-196-157-993-596-269-535-381-391-471-256-988-997-296-225-762-973-292-827-345-182-558-215-794-879-189-761,us-strikes-iran-by,Yes,0,onchaingambit,99.999979
0x01c59a2278cbf35a3684a6f61245f1837ce5704b,BUY,0x3488f31e6449f9803f99a8b5dd232c7ad883637f1c86e6953305a2ef19c77f20,101.5228,0.985,1772263291,"US strikes Iran by February 28, 2026?",us-strikes-iran-by-february-28-2026-227-967-547-688-589-491-592-418-452-924-384-915-464-672-196-157-993-596-269-535-381-391-471-256-988-997-296-225-762-973-292-827-345-182-558-215-794-879-189-761,us-strikes-iran-by,Yes,0,99797,99.999958
0x0b8c53d1a99ffc0225efca0651d1656950d8a00b,BUY,0x3488f31e6449f9803f99a8b5dd232c7ad883637f1c86e6953305a2ef19c77f20,101.342384,0.9867533114279214,1772263363,"US strikes Iran by February 28, 2026?",us-strikes-iran-by-february-28-2026-227-967-547-688-589-491-592-418-452-924-384-915-464-672-196-157-993-596-269-535-381-391-471-256-988-997-296-225-762-973-292-827-345-182-558-215-794-879-189-761,us-strikes-iran-by,Yes,0,Ikkk852,99.999933
0x47c4e4e6304e9b5a524aa850df252f06bde32696,BUY,0x3488f31e6449f9803f99a8b5dd232c7ad883637f1c86e6953305a2ef19c77f20,101.2145,0.988,1772263625,"US strikes Iran by February 28, 2026?",us-strikes-iran-by-february-28-2026-227-967-547-688-589-491-592-418-452-924-384-915-464-672-196-157-993-596-269-535-381-391-471-256-988-997-296-225-762-973-292-827-345-182-558-215-794-879-189-761,us-strikes-iran-by,Yes,0,jcakli,99.999926
0x0b8c53d1a99ffc0225efca0651d1656950d8a00b,BUY,0x3488f31e6449f9803f99a8b5dd232c7ad883637f1c86e6953305a2ef19c77f20,101.2145,0.988,1772263587,"US strikes Iran by February 28, 2026?",us-strikes-iran-by-february-28-2026-227-967-547-688-589-491-592-418-452-924-384-915-464-672-196-157-993-596-269-535-381-391-471-256-988-997-296-225-762-973-292-827-345-182-558-215-794-879-189-761,us-strikes-iran-by,Yes,0,Ikkk852,99.999926
0xaddb58ef59491bd7a184ad9e8deda168f1e37c73,BUY,0x3488f31e6449f9803f99a8b5dd232c7ad883637f1c86e6953305a2ef19c77f20,100.1,0.999,1772266561,"US strikes Iran by February 28, 2026?",us-strikes-iran-by-february-28-2026-227-967-547-688-589-491-592-418-452-924-384-915-464-672-196-157-993-596-269-535-381-391-471-256-988-997-296-225-762-973-292-827-345-182-558-215-794-879-189-761,us-strikes-iran-by,Yes,0,xxsdwnc,99.9999
0x4d2dd9a9729332a79719f91ea4b03004f254c755,BUY,0x3488f31e6449f9803f99a8b5dd232c7ad883637f1c86e6953305a2ef19c77f20,100.0,0.999,1772265629,"US strikes Iran by February 28, 2026?",us-strikes-iran-by-february-28-2026-227-967-547-688-589-491-592-418-452-924-384-915-464-672-196-157-993-596-269-535-381-391-471-256-988-997-296-225-762-973-292-827-345-182-558-215-794-879-189-761,us-strikes-iran-by,Yes,0,CluelessEyes,99.9
0xf45ca2b45755b35327fecf04cb003fd81e897e16,SELL,0x3488f31e6449f9803f99a8b5dd232c7ad883637f1c86e6953305a2ef19c77f20,100.0,0.999,1772269427,"US strikes Iran by February 28, 2026?",us-strikes-iran-by-february-28-2026-227-967-547-688-589-491-592-418-452-924-384-915-464-672-196-157-993-596-269-535-381-391-471-256-988-997-296-225-762-973-292-827-345-182-558-215-794-879-189-761,us-strikes-iran-by,Yes,0,AlvinJJ,99.9
0x5ad5faafa77744f6f5dda81d22a5a83be6ac18bc,BUY,0x3488f31e6449f9803f99a8b5dd232c7ad883637f1c86e6953305a2ef19c77f20,100.0,0.999,1772266545,"US strikes Iran by February 28, 2026?",us-strikes-iran-by-february-28-2026-227-967-547-688-589-491-592-418-452-924-384-915-464-672-196-157-993-596-269-535-381-391-471-256-988-997-296-225-762-973-292-827-345-182-558-215-794-879-189-761,us-strikes-iran-by,Yes,0,MoonCA,99.9
0x107a054d8976bd788929f113d21bd33eac18fb0d,SELL,0x3488f31e6449f9803f99a8b5dd232c7ad883637f1c86e6953305a2ef19c77f20,100.0,0.999,1772269719,"US strikes Iran by February 28, 2026?",us-strikes-iran-by-february-28-2026-227-967-547-688-589-491-592-418-452-924-384-915-464-672-196-157-993-596-269-535-381-391-471-256-988-997-296-225-762-973-292-827-345-182-558-215-794-879-189-761,us-strikes-iran-by,Yes,0,ANiLatipshim,99.9
0xc748bd9e5abb1f14feedf8e93a9244e8d5dde8c1,SELL,0x3488f31e6449f9803f99a8b5dd232c7ad883637f1c86e6953305a2ef19c77f20,100.0,0.999,1772267627,"US strikes Iran by February 28, 2026?",us-strikes-iran-by-february-28-2026-227-967-547-688-589-491-592-418-452-924-384-915-464-672-196-157-993-596-269-535-381-391-471-256-988-997-296-225-762-973-292-827-345-182-558-215-794-879-189-761,us-strikes-iran-by,Yes,0,0xC748Bd9e5ABB1F14fEEDf8E93A9244e8d5dDe8c1-1760668946417,99.9
0xe67b39a8285e4f4d89c6b5dd45aaa8e692cf6c74,SELL,0x3488f31e6449f9803f99a8b5dd232c7ad883637f1c86e6953305a2ef19c77f20,100.0,0.999,1772268145,"US strikes Iran by February 28, 2026?",us-strikes-iran-by-february-28-2026-227-967-547-688-589-491-592-418-452-924-384-915-464-672-196-157-993-596-269-535-381-391-471-256-988-997-296-225-762-973-292-827-345-182-558-215-794-879-189-761,us-strikes-iran-by,Yes,0,0xE67B39A8285E4f4D89C6B5dd45Aaa8E692cf6c74-1768242625256,99.9
0xc384e1b6cec119d1b1c6edf4a50b1a3eb5442388,SELL,0x3488f31e6449f9803f99a8b5dd232c7ad883637f1c86e6953305a2ef19c77f20,100.0,0.999,1772270947,"US strikes Iran by February 28, 2026?",us-strikes-iran-by-february-28-2026-227-967-547-688-589-491-592-418-452-924-384-915-464-672-196-157-993-596-269-535-381-391-471-256-988-997-296-225-762-973-292-827-345-182-558-215-794-879-189-761,us-strikes-iran-by,Yes,0,yuvalxyz,99.9
0xaa9924fa3a3073a5110efbc18e1afe2b3296f152,BUY,0x3488f31e6449f9803f99a8b5dd232c7ad883637f1c86e6953305a2ef19c77f20,100.0,0.999,1772265573,"US strikes Iran by February 28, 2026?",us-strikes-iran-by-february-28-2026-227-967-547-688-589-491-592-418-452-924-384-915-464-672-196-157-993-596-269-535-381-391-471-256-988-997-296-225-762-973-292-827-345-182-558-215-794-879-189-761,us-strikes-iran-by,Yes,0,moonwing,99.9
0x35b10c410de4f9306a3a91354abe27d4458a8962,SELL,0x3488f31e6449f9803f99a8b5dd232c7ad883637f1c86e6953305a2ef19c77f20,101.0,0.989,1772263783,"US strikes Iran by February 28, 2026?",us-strikes-iran-by-february-28-2026-227-967-547-688-589-491-592-418-452-924-384-915-464-672-196-157-993-596-269-535-381-391-471-256-988-997-296-225-762-973-292-827-345-182-558-215-794-879-189-761,us-strikes-iran-by,Yes,0,Stami1,99.889
0x71734c757da8e52cf47b54d71379f3e0a8427157,SELL,0x3488f31e6449f9803f99a8b5dd232c7ad883637f1c86e6953305a2ef19c77f20,101.1,0.988,1772263735,"US strikes Iran by February 28, 2026?",us-strikes-iran-by-february-28-2026-227-967-547-688-589-491-592-418-452-924-384-915-464-672-196-157-993-596-269-535-381-391-471-256-988-997-296-225-762-973-292-827-345-182-558-215-794-879-189-761,us-strikes-iran-by,Yes,0,,99.8868
0xfd93c80fef3c448033cb9708be469ebcea1652d1,BUY,0x3488f31e6449f9803f99a8b5dd232c7ad883637f1c86e6953305a2ef19c77f20,39484.123333,0.002529371088164208,1772264671,"US strikes Iran by February 28, 2026?",us-strikes-iran-by-february-28-2026-227-967-547-688-589-491-592-418-452-924-384-915-464-672-196-157-993-596-269-535-381-391-471-256-988-997-296-225-762-973-292-827-345-182-558-215-794-879-189-761,us-strikes-iran-by,No,1,leo767,99.87000000000002
0xb08ddf4bf6022d81f7a2ddeaf89187c27f41d759,SELL,0x3488f31e6449f9803f99a8b5dd232c7ad883637f1c86e6953305a2ef19c77f20,100.0,0.998,1772264661,"US strikes Iran by February 28, 2026?",us-strikes-iran-by-february-28-2026-227-967-547-688-589-491-592-418-452-924-384-915-464-672-196-157-993-596-269-535-381-391-471-256-988-997-296-225-762-973-292-827-345-182-558-215-794-879-189-761,us-strikes-iran-by,Yes,0,0xb08DdF4Bf6022D81F7A2ddEAF89187c27F41d759-1770127409826,99.8
0x2aa772c631e9e3732c541cb13b5119004cb0003f,SELL,0x3488f31e6449f9803f99a8b5dd232c7ad883637f1c86e6953305a2ef19c77f20,100.0,0.998,1772265483,"US strikes Iran by February 28, 2026?",us-strikes-iran-by-february-28-2026-227-967-547-688-589-491-592-418-452-924-384-915-464-672-196-157-993-596-269-535-381-391-471-256-988-997-296-225-762-973-292-827-345-182-558-215-794-879-189-761,us-strikes-iran-by,Yes,0,,99.8
0xc40456a27151a4591cac129eca3e4264dd2a8f4f,BUY,0x3488f31e6449f9803f99a8b5dd232c7ad883637f1c86e6953305a2ef19c77f20,100.0,0.998,1772264713,"US strikes Iran by February 28, 2026?",us-strikes-iran-by-february-28-2026-227-967-547-688-589-491-592-418-452-924-384-915-464-672-196-157-993-596-269-535-381-391-471-256-988-997-296-225-762-973-292-827-345-182-558-215-794-879-189-761,us-strikes-iran-by,Yes,0,the-bandit,99.8
0x9c83182cc3066bf1e8920a4f5de1428fb9d28a22,SELL,0x3488f31e6449f9803f99a8b5dd232c7ad883637f1c86e6953305a2ef19c77f20,100.0,0.998,1772264893,"US strikes Iran by February 28, 2026?",us-strikes-iran-by-february-28-2026-227-967-547-688-589-491-592-418-452-924-384-915-464-672-196-157-993-596-269-535-381-391-471-256-988-997-296-225-762-973-292-827-345-182-558-215-794-879-189-761,us-strikes-iran-by,Yes,0,Yomas,99.8
0xd5ecdde8f25c48b4116e28d7e7ad0359fe9c681e,BUY,0x3488f31e6449f9803f99a8b5dd232c7ad883637f1c86e6953305a2ef19c77f20,100.0,0.998,1772264399,"US strikes Iran by February 28, 2026?",us-strikes-iran-by-february-28-2026-227-967-547-688-589-491-592-418-452-924-384-915-464-672-196-157-993-596-269-535-381-391-471-256-988-997-296-225-762-973-292-827-345-182-558-215-794-879-189-761,us-strikes-iran-by,Yes,0,f46nnn,99.8
0xaa3fd43549bb53ff8a09ea1249db95ce7c2cf384,SELL,0x3488f31e6449f9803f99a8b5dd232c7ad883637f1c86e6953305a2ef19c77f20,100.0,0.998,1772264491,"US strikes Iran by February 28, 2026?",us-strikes-iran-by-february-28-2026-227-967-547-688-589-491-592-418-452-924-384-915-464-672-196-157-993-596-269-535-381-391-471-256-988-997-296-225-762-973-292-827-345-182-558-215-794-879-189-761,us-strikes-iran-by,Yes,0,0xaA3Fd43549bb53fF8a09EA1249db95cE7c2CF384-1769714918317,99.8
0xdb4b7bf7a5d084bb089ba81a4646e57340180b46,SELL,0x3488f31e6449f9803f99a8b5dd232c7ad883637f1c86e6953305a2ef19c77f20,99.99,0.998,1772266197,"US strikes Iran by February 28, 2026?",us-strikes-iran-by-february-28-2026-227-967-547-688-589-491-592-418-452-924-384-915-464-672-196-157-993-596-269-535-381-391-471-256-988-997-296-225-762-973-292-827-345-182-558-215-794-879-189-761,us-strikes-iran-by,Yes,0,,99.79002
0x10197f4ab6c7d21bd31afaae3e007e632da5e97a,BUY,0x3488f31e6449f9803f99a8b5dd232c7ad883637f1c86e6953305a2ef19c77f20,49880.0,0.002,1772265687,"US strikes Iran by February 28, 2026?",us-strikes-iran-by-february-28-2026-227-967-547-688-589-491-592-418-452-924-384-915-464-672-196-157-993-596-269-535-381-391-471-256-988-997-296-225-762-973-292-827-345-182-558-215-794-879-189-761,us-strikes-iran-by,No,1,0x10197f4Ab6C7d21bD31AfAae3e007E632da5e97a-1772147120222,99.76
0x1d94920103c9a6f49060146d17548df32feaf692,SELL,0x3488f31e6449f9803f99a8b5dd232c7ad883637f1c86e6953305a2ef19c77f20,100.0,0.997,1772264269,"US strikes Iran by February 28, 2026?",us-strikes-iran-by-february-28-2026-227-967-547-688-589-491-592-418-452-924-384-915-464-672-196-157-993-596-269-535-381-391-471-256-988-997-296-225-762-973-292-827-345-182-558-215-794-879-189-761,us-strikes-iran-by,Yes,0,Arter97,99.7
0xa8049f90deb3ccfe1f366d1d6cedd443c6243624,SELL,0x3488f31e6449f9803f99a8b5dd232c7ad883637f1c86e6953305a2ef19c77f20,100.0,0.997,1772264619,"US strikes Iran by February 28, 2026?",us-strikes-iran-by-february-28-2026-227-967-547-688-589-491-592-418-452-924-384-915-464-672-196-157-993-596-269-535-381-391-471-256-988-997-296-225-762-973-292-827-345-182-558-215-794-879-189-761,us-strikes-iran-by,Yes,0,0xA8049f90Deb3ccfe1f366D1d6ceDd443c6243624-1771706687255,99.7
0x8030cba32d1f231499d1d0c972bcecb2aeaa063d,BUY,0x3488f31e6449f9803f99a8b5dd232c7ad883637f1c86e6953305a2ef19c77f20,99.719,0.999,1772268921,"US strikes Iran by February 28, 2026?",us-strikes-iran-by-february-28-2026-227-967-547-688-589-491-592-418-452-924-384-915-464-672-196-157-993-596-269-535-381-391-471-256-988-997-296-225-762-973-292-827-345-182-558-215-794-879-189-761,us-strikes-iran-by,Yes,0,jvfdvhch,99.619281
0x125a40062a44641d706bdba6a740549917519301,BUY,0x3488f31e6449f9803f99a8b5dd232c7ad883637f1c86e6953305a2ef19c77f20,99.61,0.999,1772268385,"US strikes Iran by February 28, 2026?",us-strikes-iran-by-february-28-2026-227-967-547-688-589-491-592-418-452-924-384-915-464-672-196-157-993-596-269-535-381-391-471-256-988-997-296-225-762-973-292-827-345-182-558-215-794-879-189-761,us-strikes-iran-by,Yes,0,0x125a40062a44641d706bDba6A740549917519301-1772092143381,99.51039
0x33bcb6e9bd44be709122b2940c55e34f1a7e37dc,BUY,0x3488f31e6449f9803f99a8b5dd232c7ad883637f1c86e6953305a2ef19c77f20,100.0,0.994,1772263833,"US strikes Iran by February 28, 2026?",us-strikes-iran-by-february-28-2026-227-967-547-688-589-491-592-418-452-924-384-915-464-672-196-157-993-596-269-535-381-391-471-256-988-997-296-225-762-973-292-827-345-182-558-215-794-879-189-761,us-strikes-iran-by,Yes,0,StudyPrediction,99.4
0x057c367652c08ea1a05e5379babae521aa7233fa,SELL,0x3488f31e6449f9803f99a8b5dd232c7ad883637f1c86e6953305a2ef19c77f20,100.0,0.993,1772263861,"US strikes Iran by February 28, 2026?",us-strikes-iran-by-february-28-2026-227-967-547-688-589-491-592-418-452-924-384-915-464-672-196-157-993-596-269-535-381-391-471-256-988-997-296-225-762-973-292-827-345-182-558-215-794-879-189-761,us-strikes-iran-by,Yes,0,0x057C367652c08eA1a05e5379babae521AA7233Fa-1769891205153,99.3
0x9cdda449d7cedf1072d74982a5dc2349df3d3e97,BUY,0x3488f31e6449f9803f99a8b5dd232c7ad883637f1c86e6953305a2ef19c77f20,100.0,0.991,1772263797,"US strikes Iran by February 28, 2026?",us-strikes-iran-by-february-28-2026-227-967-547-688-589-491-592-418-452-924-384-915-464-672-196-157-993-596-269-535-381-391-471-256-988-997-296-225-762-973-292-827-345-182-558-215-794-879-189-761,us-strikes-iran-by,Yes,0,Robbb,99.1
0x4938ae06c0aa08d7bf4d1151e40075c6ac25986e,BUY,0x3488f31e6449f9803f99a8b5dd232c7ad883637f1c86e6953305a2ef19c77f20,99.179,0.999,1772266229,"US strikes Iran by February 28, 2026?",us-strikes-iran-by-february-28-2026-227-967-547-688-589-491-592-418-452-924-384-915-464-672-196-157-993-596-269-535-381-391-471-256-988-997-296-225-762-973-292-827-345-182-558-215-794-879-189-761,us-strikes-iran-by,Yes,0,LewisTJr,99.079821
0x2283d7d358369bb834df95b5fa06f786fa1b4b65,BUY,0x3488f31e6449f9803f99a8b5dd232c7ad883637f1c86e6953305a2ef19c77f20,7806.066922,0.012682443154693723,1772263719,"US strikes Iran by February 28, 2026?",us-strikes-iran-by-february-28-2026-227-967-547-688-589-491-592-418-452-924-384-915-464-672-196-157-993-596-269-535-381-391-471-256-988-997-296-225-762-973-292-827-345-182-558-215-794-879-189-761,us-strikes-iran-by,No,1,0x2283d7D358369bb834Df95b5Fa06f786Fa1B4b65-1772261761476,99.0
0x1d734b9e3b9c20b920f6cfbf913e92b75bd665ee,BUY,0x3488f31e6449f9803f99a8b5dd232c7ad883637f1c86e6953305a2ef19c77f20,99.188,0.998,1772264071,"US strikes Iran by February 28, 2026?",us-strikes-iran-by-february-28-2026-227-967-547-688-589-491-592-418-452-924-384-915-464-672-196-157-993-596-269-535-381-391-471-256-988-997-296-225-762-973-292-827-345-182-558-215-794-879-189-761,us-strikes-iran-by,Yes,0,0x1d734B9e3B9C20B920f6CFbf913E92b75bD665eE-1760849303379,98.989624
0x01c0029dbca08b52722780974d8b69888d5ee3e5,BUY,0x3488f31e6449f9803f99a8b5dd232c7ad883637f1c86e6953305a2ef19c77f20,100.0,0.988,1772263711,"US strikes Iran by February 28, 2026?",us-strikes-iran-by-february-28-2026-227-967-547-688-589-491-592-418-452-924-384-915-464-672-196-157-993-596-269-535-381-391-471-256-988-997-296-225-762-973-292-827-345-182-558-215-794-879-189-761,us-strikes-iran-by,Yes,0,kismiska,98.8
0x57dedd62596dd4f85c7ebe5317e07d22795ecd90,BUY,0x3488f31e6449f9803f99a8b5dd232c7ad883637f1c86e6953305a2ef19c77f20,100.0,0.986,1772263553,"US strikes Iran by February 28, 2026?",us-strikes-iran-by-february-28-2026-227-967-547-688-589-491-592-418-452-924-384-915-464-672-196-157-993-596-269-535-381-391-471-256-988-997-296-225-762-973-292-827-345-182-558-215-794-879-189-761,us-strikes-iran-by,Yes,0,LCQZJJ,98.6
0x6b1338ad341369a3208a8557ab84c9700311a72b,SELL,0x3488f31e6449f9803f99a8b5dd232c7ad883637f1c86e6953305a2ef19c77f20,98.5,0.999,1772270371,"US strikes Iran by February 28, 2026?",us-strikes-iran-by-february-28-2026-227-967-547-688-589-491-592-418-452-924-384-915-464-672-196-157-993-596-269-535-381-391-471-256-988-997-296-225-762-973-292-827-345-182-558-215-794-879-189-761,us-strikes-iran-by,Yes,0,MiddleEastPro,98.4015
0xe78b2917a2cbb1ae2e2cbf9e6f7e264d8b79206e,BUY,0x3488f31e6449f9803f99a8b5dd232c7ad883637f1c86e6953305a2ef19c77f20,99.290769,0.9869999999697857,1772263371,"US strikes Iran by February 28, 2026?",us-strikes-iran-by-february-28-2026-227-967-547-688-589-491-592-418-452-924-384-915-464-672-196-157-993-596-269-535-381-391-471-256-988-997-296-225-762-973-292-827-345-182-558-215-794-879-189-761,us-strikes-iran-by,Yes,0,NoFear,97.999989
0x51beb062965112eba215b5896afc728e76c6c0dc,SELL,0x3488f31e6449f9803f99a8b5dd232c7ad883637f1c86e6953305a2ef19c77f20,97.31,0.998,1772266223,"US strikes Iran by February 28, 2026?",us-strikes-iran-by-february-28-2026-227-967-547-688-589-491-592-418-452-924-384-915-464-672-196-157-993-596-269-535-381-391-471-256-988-997-296-225-762-973-292-827-345-182-558-215-794-879-189-761,us-strikes-iran-by,Yes,0,,97.11538
0xfc0ac46706a267b1447eb0fb5b02dc4db15ec2c4,BUY,0x3488f31e6449f9803f99a8b5dd232c7ad883637f1c86e6953305a2ef19c77f20,6000.0,0.016,1772263375,"US strikes Iran by February 28, 2026?",us-strikes-iran-by-february-28-2026-227-967-547-688-589-491-592-418-452-924-384-915-464-672-196-157-993-596-269-535-381-391-471-256-988-997-296-225-762-973-292-827-345-182-558-215-794-879-189-761,us-strikes-iran-by,No,1,Willis2025,96.0
0x77789126ba2033dd082548e668323a344870261d,SELL,0x3488f31e6449f9803f99a8b5dd232c7ad883637f1c86e6953305a2ef19c77f20,96.0,0.999,1772266855,"US strikes Iran by February 28, 2026?",us-strikes-iran-by-february-28-2026-227-967-547-688-589-491-592-418-452-924-384-915-464-672-196-157-993-596-269-535-381-391-471-256-988-997-296-225-762-973-292-827-345-182-558-215-794-879-189-761,us-strikes-iran-by,Yes,0,xixxix,95.904
0x1d7fde668dd56ace7c3c2219e88f5bd4c663a878,SELL,0x3488f31e6449f9803f99a8b5dd232c7ad883637f1c86e6953305a2ef19c77f20,7961.99,0.012,1772263607,"US strikes Iran by February 28, 2026?",us-strikes-iran-by-february-28-2026-227-967-547-688-589-491-592-418-452-924-384-915-464-672-196-157-993-596-269-535-381-391-471-256-988-997-296-225-762-973-292-827-345-182-558-215-794-879-189-761,us-strikes-iran-by,No,1,Obilic,95.54388
0x53f77ad797fb6852957867598b8aa6e3e14f0799,SELL,0x3488f31e6449f9803f99a8b5dd232c7ad883637f1c86e6953305a2ef19c77f20,94.29,0.999,1772270019,"US strikes Iran by February 28, 2026?",us-strikes-iran-by-february-28-2026-227-967-547-688-589-491-592-418-452-924-384-915-464-672-196-157-993-596-269-535-381-391-471-256-988-997-296-225-762-973-292-827-345-182-558-215-794-879-189-761,us-strikes-iran-by,Yes,0,0x53F77ad797FB6852957867598B8aa6E3E14f0799-1767545150181,94.19571
0x0b7f0954de5283e1c9556d6db808faed3e3707f2,BUY,0x3488f31e6449f9803f99a8b5dd232c7ad883637f1c86e6953305a2ef19c77f20,6206.65,0.01483720042212788,1772263575,"US strikes Iran by February 28, 2026?",us-strikes-iran-by-february-28-2026-227-967-547-688-589-491-592-418-452-924-384-915-464-672-196-157-993-596-269-535-381-391-471-256-988-997-296-225-762-973-292-827-345-182-558-215-794-879-189-761,us-strikes-iran-by,No,1,,92.08931
0x30918dfbf7e13076fc52642c6274b1208f227911,SELL,0x3488f31e6449f9803f99a8b5dd232c7ad883637f1c86e6953305a2ef19c77f20,91.76,0.998,1772264887,"US strikes Iran by February 28, 2026?",us-strikes-iran-by-february-28-2026-227-967-547-688-589-491-592-418-452-924-384-915-464-672-196-157-993-596-269-535-381-391-471-256-988-997-296-225-762-973-292-827-345-182-558-215-794-879-189-761,us-strikes-iran-by,Yes,0,0x30918dfbF7e13076Fc52642c6274B1208F227911-1772203170432,91.57648
0x1945f8eecf775b14ec74e78e5fd86414e605749d,SELL,0x3488f31e6449f9803f99a8b5dd232c7ad883637f1c86e6953305a2ef19c77f20,91.66,0.992,1772263891,"US strikes Iran by February 28, 2026?",us-strikes-iran-by-february-28-2026-227-967-547-688-589-491-592-418-452-924-384-915-464-672-196-157-993-596-269-535-381-391-471-256-988-997-296-225-762-973-292-827-345-182-558-215-794-879-189-761,us-strikes-iran-by,Yes,0,,90.92671999999999
0x2150d0878c2514c81fbded2a7e309abb89c9581b,SELL,0x3488f31e6449f9803f99a8b5dd232c7ad883637f1c86e6953305a2ef19c77f20,90.95,0.999,1772266997,"US strikes Iran by February 28, 2026?",us-strikes-iran-by-february-28-2026-227-967-547-688-589-491-592-418-452-924-384-915-464-672-196-157-993-596-269-535-381-391-471-256-988-997-296-225-762-973-292-827-345-182-558-215-794-879-189-761,us-strikes-iran-by,Yes,0,Waelth,90.85905
0x790813f4cf6617b6166a68dc9e127cda26103362,SELL,0x3488f31e6449f9803f99a8b5dd232c7ad883637f1c86e6953305a2ef19c77f20,90.9,0.998,1772265277,"US strikes Iran by February 28, 2026?",us-strikes-iran-by-february-28-2026-227-967-547-688-589-491-592-418-452-924-384-915-464-672-196-157-993-596-269-535-381-391-471-256-988-997-296-225-762-973-292-827-345-182-558-215-794-879-189-761,us-strikes-iran-by,Yes,0,LiminalMineral,90.71820000000001
0x7adfbb38379b1df0c5ad99c11e10e6eec7ec825a,SELL,0x3488f31e6449f9803f99a8b5dd232c7ad883637f1c86e6953305a2ef19c77f20,90.9,0.997,1772264837,"US strikes Iran by February 28, 2026?",us-strikes-iran-by-february-28-2026-227-967-547-688-589-491-592-418-452-924-384-915-464-672-196-157-993-596-269-535-381-391-471-256-988-997-296-225-762-973-292-827-345-182-558-215-794-879-189-761,us-strikes-iran-by,Yes,0,,90.6273
0xf10ab232f34bcac24c52b4434669e01d577bb4b0,BUY,0x3488f31e6449f9803f99a8b5dd232c7ad883637f1c86e6953305a2ef19c77f20,6000.0,0.015,1772263439,"US strikes Iran by February 28, 2026?",us-strikes-iran-by-february-28-2026-227-967-547-688-589-491-592-418-452-924-384-915-464-672-196-157-993-596-269-535-381-391-471-256-988-997-296-225-762-973-292-827-345-182-558-215-794-879-189-761,us-strikes-iran-by,No,1,wwwbh,90.0
0x3bc4763cbd88e7047a05aaee27386565547da06a,BUY,0x3488f31e6449f9803f99a8b5dd232c7ad883637f1c86e6953305a2ef19c77f20,7183.883845,0.012528042204167904,1772263481,"US strikes Iran by February 28, 2026?",us-strikes-iran-by-february-28-2026-227-967-547-688-589-491-592-418-452-924-384-915-464-672-196-157-993-596-269-535-381-391-471-256-988-997-296-225-762-973-292-827-345-182-558-215-794-879-189-761,us-strikes-iran-by,No,1,0x3bC4763CbD88E7047a05aAEE27386565547DA06A-1771943482602,90.0
0x85c1de23d0164ffcda77deab86a0d436e622c1a4,BUY,0x3488f31e6449f9803f99a8b5dd232c7ad883637f1c86e6953305a2ef19c77f20,90.909089,0.98999999879,1772263747,"US strikes Iran by February 28, 2026?",us-strikes-iran-by-february-28-2026-227-967-547-688-589-491-592-418-452-924-384-915-464-672-196-157-993-596-269-535-381-391-471-256-988-997-296-225-762-973-292-827-345-182-558-215-794-879-189-761,us-strikes-iran-by,Yes,0,jetLLLLLLLL,89.99999799999999
0xf0ac254f686a26a1eda1165d9d43b6d92db85713,SELL,0x3488f31e6449f9803f99a8b5dd232c7ad883637f1c86e6953305a2ef19c77f20,89.36,0.997,1772264347,"US strikes Iran by February 28, 2026?",us-strikes-iran-by-february-28-2026-227-967-547-688-589-491-592-418-452-924-384-915-464-672-196-157-993-596-269-535-381-391-471-256-988-997-296-225-762-973-292-827-345-182-558-215-794-879-189-761,us-strikes-iran-by,Yes,0,,89.09192
0x4ea04f2c390e3a2630996fa13e90569aff11cd32,SELL,0x3488f31e6449f9803f99a8b5dd232c7ad883637f1c86e6953305a2ef19c77f20,89.22,0.998,1772268669,"US strikes Iran by February 28, 2026?",us-strikes-iran-by-february-28-2026-227-967-547-688-589-491-592-418-452-924-384-915-464-672-196-157-993-596-269-535-381-391-471-256-988-997-296-225-762-973-292-827-345-182-558-215-794-879-189-761,us-strikes-iran-by,Yes,0,RollTheDiceX,89.04156
0x33d52314bea601a9e798ac7eb86c2a41e7071103,SELL,0x3488f31e6449f9803f99a8b5dd232c7ad883637f1c86e6953305a2ef19c77f20,88.88,0.999,1772267937,"US strikes Iran by February 28, 2026?",us-strikes-iran-by-february-28-2026-227-967-547-688-589-491-592-418-452-924-384-915-464-672-196-157-993-596-269-535-381-391-471-256-988-997-296-225-762-973-292-827-345-182-558-215-794-879-189-761,us-strikes-iran-by,Yes,0,0x33d52314bEa601A9E798aC7EB86C2a41e7071103-1757499049088,88.79111999999999
0x3bec11488ec47170cc4f4e1176d320ef9c912af5,SELL,0x3488f31e6449f9803f99a8b5dd232c7ad883637f1c86e6953305a2ef19c77f20,88.66,0.999,1772267339,"US strikes Iran by February 28, 2026?",us-strikes-iran-by-february-28-2026-227-967-547-688-589-491-592-418-452-924-384-915-464-672-196-157-993-596-269-535-381-391-471-256-988-997-296-225-762-973-292-827-345-182-558-215-794-879-189-761,us-strikes-iran-by,Yes,0,0x3bEc11488ec47170Cc4F4e1176d320eF9C912Af5-1771689081780,88.57133999999999
0x0b7f0954de5283e1c9556d6db808faed3e3707f2,BUY,0x3488f31e6449f9803f99a8b5dd232c7ad883637f1c86e6953305a2ef19c77f20,5819.37,0.015,1772263439,"US strikes Iran by February 28, 2026?",us-strikes-iran-by-february-28-2026-227-967-547-688-589-491-592-418-452-924-384-915-464-672-196-157-993-596-269-535-381-391-471-256-988-997-296-225-762-973-292-827-345-182-558-215-794-879-189-761,us-strikes-iran-by,No,1,,87.29055
0x9edf9da3157f1a6a2d7b1bff298aacf3088b0f44,SELL,0x3488f31e6449f9803f99a8b5dd232c7ad883637f1c86e6953305a2ef19c77f20,87.35,0.986,1772263395,"US strikes Iran by February 28, 2026?",us-strikes-iran-by-february-28-2026-227-967-547-688-589-491-592-418-452-924-384-915-464-672-196-157-993-596-269-535-381-391-471-256-988-997-296-225-762-973-292-827-345-182-558-215-794-879-189-761,us-strikes-iran-by,Yes,0,GoldenHelmet,86.1271
0xdad912e871aa3c20cf9d7bdfe4d299e57adbceaf,SELL,0x3488f31e6449f9803f99a8b5dd232c7ad883637f1c86e6953305a2ef19c77f20,86.2,0.999,1772266911,"US strikes Iran by February 28, 2026?",us-strikes-iran-by-february-28-2026-227-967-547-688-589-491-592-418-452-924-384-915-464-672-196-157-993-596-269-535-381-391-471-256-988-997-296-225-762-973-292-827-345-182-558-215-794-879-189-761,us-strikes-iran-by,Yes,0,AK72,86.1138
0x9b8741e0e1c4a753f14a2142369c710cf239a20a,SELL,0x3488f31e6449f9803f99a8b5dd232c7ad883637f1c86e6953305a2ef19c77f20,86.19,0.999,1772267219,"US strikes Iran by February 28, 2026?",us-strikes-iran-by-february-28-2026-227-967-547-688-589-491-592-418-452-924-384-915-464-672-196-157-993-596-269-535-381-391-471-256-988-997-296-225-762-973-292-827-345-182-558-215-794-879-189-761,us-strikes-iran-by,Yes,0,Toporceanu,86.10381
0xfb2e7f3a8df3e1d89a49a02b9b7cffa8454ac1f0,SELL,0x3488f31e6449f9803f99a8b5dd232c7ad883637f1c86e6953305a2ef19c77f20,86.95,0.99,1772263815,"US strikes Iran by February 28, 2026?",us-strikes-iran-by-february-28-2026-227-967-547-688-589-491-592-418-452-924-384-915-464-672-196-157-993-596-269-535-381-391-471-256-988-997-296-225-762-973-292-827-345-182-558-215-794-879-189-761,us-strikes-iran-by,Yes,0,NavalWang,86.0805
0x29abea426af2608a2b19a6c4af242de1077dafb8,SELL,0x3488f31e6449f9803f99a8b5dd232c7ad883637f1c86e6953305a2ef19c77f20,85.55,0.998,1772266171,"US strikes Iran by February 28, 2026?",us-strikes-iran-by-february-28-2026-227-967-547-688-589-491-592-418-452-924-384-915-464-672-196-157-993-596-269-535-381-391-471-256-988-997-296-225-762-973-292-827-345-182-558-215-794-879-189-761,us-strikes-iran-by,Yes,0,silvergorilla,85.3789
0x93cb4d045e0375aeee1db67f5b0d35549f16058e,SELL,0x3488f31e6449f9803f99a8b5dd232c7ad883637f1c86e6953305a2ef19c77f20,84.35,0.999,1772267495,"US strikes Iran by February 28, 2026?",us-strikes-iran-by-february-28-2026-227-967-547-688-589-491-592-418-452-924-384-915-464-672-196-157-993-596-269-535-381-391-471-256-988-997-296-225-762-973-292-827-345-182-558-215-794-879-189-761,us-strikes-iran-by,Yes,0,Volanka,84.26565
0x9ca119b8cd7bdb890aecf1ff3b0f6e3a45cc13b5,SELL,0x3488f31e6449f9803f99a8b5dd232c7ad883637f1c86e6953305a2ef19c77f20,6456.77,0.013,1772263559,"US strikes Iran by February 28, 2026?",us-strikes-iran-by-february-28-2026-227-967-547-688-589-491-592-418-452-924-384-915-464-672-196-157-993-596-269-535-381-391-471-256-988-997-296-225-762-973-292-827-345-182-558-215-794-879-189-761,us-strikes-iran-by,No,1,JoeBlack01,83.93801
0xfd8fcded3e03bae62ec45a10418ff055cc64a3b1,SELL,0x3488f31e6449f9803f99a8b5dd232c7ad883637f1c86e6953305a2ef19c77f20,20000.04,0.004181874636250728,1772263907,"US strikes Iran by February 28, 2026?",us-strikes-iran-by-february-28-2026-227-967-547-688-589-491-592-418-452-924-384-915-464-672-196-157-993-596-269-535-381-391-471-256-988-997-296-225-762-973-292-827-345-182-558-215-794-879-189-761,us-strikes-iran-by,No,1,chosie,83.63766000000001
0x1573c91bb3c4a5a8ce4636515c292e00ace636b3,BUY,0x3488f31e6449f9803f99a8b5dd232c7ad883637f1c86e6953305a2ef19c77f20,84.35,0.988,1772263567,"US strikes Iran by February 28, 2026?",us-strikes-iran-by-february-28-2026-227-967-547-688-589-491-592-418-452-924-384-915-464-672-196-157-993-596-269-535-381-391-471-256-988-997-296-225-762-973-292-827-345-182-558-215-794-879-189-761,us-strikes-iran-by,Yes,0,0x1573C91bB3C4A5A8CE4636515c292E00aCe636b3-1772044325434,83.33779999999999
0xd95d9ca5e59f7a5511a1970a9e690d18f62a0947,SELL,0x3488f31e6449f9803f99a8b5dd232c7ad883637f1c86e6953305a2ef19c77f20,83.39,0.999,1772268015,"US strikes Iran by February 28, 2026?",us-strikes-iran-by-february-28-2026-227-967-547-688-589-491-592-418-452-924-384-915-464-672-196-157-993-596-269-535-381-391-471-256-988-997-296-225-762-973-292-827-345-182-558-215-794-879-189-761,us-strikes-iran-by,Yes,0,guyguy9,83.30661
0xcd93ac28d9897b74b6903931436664f2d4ab7182,SELL,0x3488f31e6449f9803f99a8b5dd232c7ad883637f1c86e6953305a2ef19c77f20,83.34,0.998,1772266311,"US strikes Iran by February 28, 2026?",us-strikes-iran-by-february-28-2026-227-967-547-688-589-491-592-418-452-924-384-915-464-672-196-157-993-596-269-535-381-391-471-256-988-997-296-225-762-973-292-827-345-182-558-215-794-879-189-761,us-strikes-iran-by,Yes,0,YuvAm,83.17332
0x42e0182204f6eb8f675bed7afcb30712b2735211,SELL,0x3488f31e6449f9803f99a8b5dd232c7ad883637f1c86e6953305a2ef19c77f20,83.22,0.998,1772264511,"US strikes Iran by February 28, 2026?",us-strikes-iran-by-february-28-2026-227-967-547-688-589-491-592-418-452-924-384-915-464-672-196-157-993-596-269-535-381-391-471-256-988-997-296-225-762-973-292-827-345-182-558-215-794-879-189-761,us-strikes-iran-by,Yes,0,MaxRockatansky,83.05356
0xc5033301308c75c062b2f956611c6d74e3112344,SELL,0x3488f31e6449f9803f99a8b5dd232c7ad883637f1c86e6953305a2ef19c77f20,83.33,0.987,1772263599,"US strikes Iran by February 28, 2026?",us-strikes-iran-by-february-28-2026-227-967-547-688-589-491-592-418-452-924-384-915-464-672-196-157-993-596-269-535-381-391-471-256-988-997-296-225-762-973-292-827-345-182-558-215-794-879-189-761,us-strikes-iran-by,Yes,0,,82.24671
0x4cb5b3f4c0e56d4fc05dc5284503c80ba7722d42,SELL,0x3488f31e6449f9803f99a8b5dd232c7ad883637f1c86e6953305a2ef19c77f20,82.35,0.998,1772266325,"US strikes Iran by February 28, 2026?",us-strikes-iran-by-february-28-2026-227-967-547-688-589-491-592-418-452-924-384-915-464-672-196-157-993-596-269-535-381-391-471-256-988-997-296-225-762-973-292-827-345-182-558-215-794-879-189-761,us-strikes-iran-by,Yes,0,angelinganador123,82.1853
0x92b579c18404156883110e99a7a4200ff4e42def,SELL,0x3488f31e6449f9803f99a8b5dd232c7ad883637f1c86e6953305a2ef19c77f20,82.77,0.985,1772263379,"US strikes Iran by February 28, 2026?",us-strikes-iran-by-february-28-2026-227-967-547-688-589-491-592-418-452-924-384-915-464-672-196-157-993-596-269-535-381-391-471-256-988-997-296-225-762-973-292-827-345-182-558-215-794-879-189-761,us-strikes-iran-by,Yes,0,0x92b579C18404156883110e99A7a4200ff4E42dEF-1768456816441,81.52844999999999
0x8870e8af587b3b9f952841ad658fb2add2185a34,BUY,0x3488f31e6449f9803f99a8b5dd232c7ad883637f1c86e6953305a2ef19c77f20,40665.35,0.002,1772264001,"US strikes Iran by February 28, 2026?",us-strikes-iran-by-february-28-2026-227-967-547-688-589-491-592-418-452-924-384-915-464-672-196-157-993-596-269-535-381-391-471-256-988-997-296-225-762-973-292-827-345-182-558-215-794-879-189-761,us-strikes-iran-by,No,1,0x8870E8Af587B3b9f952841AD658FB2Add2185a34-1771731518863,81.3307
0xa2fb77dde34ef67d20c2141f698e30eb2109ff75,BUY,0x3488f31e6449f9803f99a8b5dd232c7ad883637f1c86e6953305a2ef19c77f20,81.361,0.999,1772266043,"US strikes Iran by February 28, 2026?",us-strikes-iran-by-february-28-2026-227-967-547-688-589-491-592-418-452-924-384-915-464-672-196-157-993-596-269-535-381-391-471-256-988-997-296-225-762-973-292-827-345-182-558-215-794-879-189-761,us-strikes-iran-by,Yes,0,,81.279639
0x890cf7688a7b3cdcbbff37849b4455f96218f190,SELL,0x3488f31e6449f9803f99a8b5dd232c7ad883637f1c86e6953305a2ef19c77f20,80.91,0.998,1772266473,"US strikes Iran by February 28, 2026?",us-strikes-iran-by-february-28-2026-227-967-547-688-589-491-592-418-452-924-384-915-464-672-196-157-993-596-269-535-381-391-471-256-988-997-296-225-762-973-292-827-345-182-558-215-794-879-189-761,us-strikes-iran-by,Yes,0,fartcaptain,80.74817999999999
0x0dd36cdeccb344711c72b8900df78d9c33c68254,SELL,0x3488f31e6449f9803f99a8b5dd232c7ad883637f1c86e6953305a2ef19c77f20,81.6,0.989,1772263795,"US strikes Iran by February 28, 2026?",us-strikes-iran-by-february-28-2026-227-967-547-688-589-491-592-418-452-924-384-915-464-672-196-157-993-596-269-535-381-391-471-256-988-997-296-225-762-973-292-827-345-182-558-215-794-879-189-761,us-strikes-iran-by,Yes,0,WorldBase1909,80.7024
0x0b03ee340e904773aaa9dc13884e16efd2d2c340,SELL,0x3488f31e6449f9803f99a8b5dd232c7ad883637f1c86e6953305a2ef19c77f20,40323.16,0.002,1772264645,"US strikes Iran by February 28, 2026?",us-strikes-iran-by-february-28-2026-227-967-547-688-589-491-592-418-452-924-384-915-464-672-196-157-993-596-269-535-381-391-471-256-988-997-296-225-762-973-292-827-345-182-558-215-794-879-189-761,us-strikes-iran-by,No,1,openclawd-3,80.64632
0xee40f3d785d56d3a61b8bc60cc87aa7760f779e1,BUY,0x3488f31e6449f9803f99a8b5dd232c7ad883637f1c86e6953305a2ef19c77f20,80000.0,0.001,1772269145,"US strikes Iran by February 28, 2026?",us-strikes-iran-by-february-28-2026-227-967-547-688-589-491-592-418-452-924-384-915-464-672-196-157-993-596-269-535-381-391-471-256-988-997-296-225-762-973-292-827-345-182-558-215-794-879-189-761,us-strikes-iran-by,No,1,Rswest,80.0
0xbfeca022742c0b8502befb303c6aad8259a98b83,BUY,0x3488f31e6449f9803f99a8b5dd232c7ad883637f1c86e6953305a2ef19c77f20,5333.333333,0.0150000000009375,1772263357,"US strikes Iran by February 28, 2026?",us-strikes-iran-by-february-28-2026-227-967-547-688-589-491-592-418-452-924-384-915-464-672-196-157-993-596-269-535-381-391-471-256-988-997-296-225-762-973-292-827-345-182-558-215-794-879-189-761,us-strikes-iran-by,No,1,dsl88,79.99999999999999
0x8870e8af587b3b9f952841ad658fb2add2185a34,SELL,0x3488f31e6449f9803f99a8b5dd232c7ad883637f1c86e6953305a2ef19c77f20,79998.68,0.001,1772264759,"US strikes Iran by February 28, 2026?",us-strikes-iran-by-february-28-2026-227-967-547-688-589-491-592-418-452-924-384-915-464-672-196-157-993-596-269-535-381-391-471-256-988-997-296-225-762-973-292-827-345-182-558-215-794-879-189-761,us-strikes-iran-by,No,1,0x8870E8Af587B3b9f952841AD658FB2Add2185a34-1771731518863,79.99868
0xd9b82f8f53dcb072eeb9fcb11768d251888a8363,SELL,0x3488f31e6449f9803f99a8b5dd232c7ad883637f1c86e6953305a2ef19c77f20,79.53,0.998,1772265703,"US strikes Iran by February 28, 2026?",us-strikes-iran-by-february-28-2026-227-967-547-688-589-491-592-418-452-924-384-915-464-672-196-157-993-596-269-535-381-391-471-256-988-997-296-225-762-973-292-827-345-182-558-215-794-879-189-761,us-strikes-iran-by,Yes,0,sieb970,79.37094
0x51e3fabef8a2e88b5f308b296f4f9dcd603bedc7,SELL,0x3488f31e6449f9803f99a8b5dd232c7ad883637f1c86e6953305a2ef19c77f20,6148.99,0.012905029931744888,1772263439,"US strikes Iran by February 28, 2026?",us-strikes-iran-by-february-28-2026-227-967-547-688-589-491-592-418-452-924-384-915-464-672-196-157-993-596-269-535-381-391-471-256-988-997-296-225-762-973-292-827-345-182-558-215-794-879-189-761,us-strikes-iran-by,No,1,0x51E3FAbeF8A2e88B5f308B296F4f9dcd603bEDc7-1768173212552,79.35289999999999
0x0e0c3da8caf2ef73842d1d2e76e6563a576eb90a,SELL,0x3488f31e6449f9803f99a8b5dd232c7ad883637f1c86e6953305a2ef19c77f20,78.94,0.999,1772270147,"US strikes Iran by February 28, 2026?",us-strikes-iran-by-february-28-2026-227-967-547-688-589-491-592-418-452-924-384-915-464-672-196-157-993-596-269-535-381-391-471-256-988-997-296-225-762-973-292-827-345-182-558-215-794-879-189-761,us-strikes-iran-by,Yes,0,Philinho12,78.86106
0x20c7d555f7da143eb9c37717f0de5bf9fbcfbc23,SELL,0x3488f31e6449f9803f99a8b5dd232c7ad883637f1c86e6953305a2ef19c77f20,78.94,0.999,1772270889,"US strikes Iran by February 28, 2026?",us-strikes-iran-by-february-28-2026-227-967-547-688-589-491-592-418-452-924-384-915-464-672-196-157-993-596-269-535-381-391-471-256-988-997-296-225-762-973-292-827-345-182-558-215-794-879-189-761,us-strikes-iran-by,Yes,0,DNDRLT21,78.86106
0x74324902f30f1e01476bae506a0974f902dbc16a,SELL,0x3488f31e6449f9803f99a8b5dd232c7ad883637f1c86e6953305a2ef19c77f20,39419.98,0.002,1772264637,"US strikes Iran by February 28, 2026?",us-strikes-iran-by-february-28-2026-227-967-547-688-589-491-592-418-452-924-384-915-464-672-196-157-993-596-269-535-381-391-471-256-988-997-296-225-762-973-292-827-345-182-558-215-794-879-189-761,us-strikes-iran-by,No,1,71.btc,78.83996
0x8ec4684845e354f7442992b8c1db2c9b3e32ac29,BUY,0x3488f31e6449f9803f99a8b5dd232c7ad883637f1c86e6953305a2ef19c77f20,78.64,0.999,1772264335,"US strikes Iran by February 28, 2026?",us-strikes-iran-by-february-28-2026-227-967-547-688-589-491-592-418-452-924-384-915-464-672-196-157-993-596-269-535-381-391-471-256-988-997-296-225-762-973-292-827-345-182-558-215-794-879-189-761,us-strikes-iran-by,Yes,0,LL05,78.56136
0x7e5246abed17a5cff43a17b55b30f982f45200f5,SELL,0x3488f31e6449f9803f99a8b5dd232c7ad883637f1c86e6953305a2ef19c77f20,60999.98,0.0012683963175069894,1772264167,"US strikes Iran by February 28, 2026?",us-strikes-iran-by-february-28-2026-227-967-547-688-589-491-592-418-452-924-384-915-464-672-196-157-993-596-269-535-381-391-471-256-988-997-296-225-762-973-292-827-345-182-558-215-794-879-189-761,us-strikes-iran-by,No,1,0x7E5246ABED17A5cFF43A17B55B30F982f45200f5-1771073039758,77.37215
0xf0629c783bdf6839d0b309066360d246d614d0e7,SELL,0x3488f31e6449f9803f99a8b5dd232c7ad883637f1c86e6953305a2ef19c77f20,76.92,0.999,1772269429,"US strikes Iran by February 28, 2026?",us-strikes-iran-by-february-28-2026-227-967-547-688-589-491-592-418-452-924-384-915-464-672-196-157-993-596-269-535-381-391-471-256-988-997-296-225-762-973-292-827-345-182-558-215-794-879-189-761,us-strikes-iran-by,Yes,0,,76.84308
0x3581e1062f352ed49b713564c38b1917a45f7427,SELL,0x3488f31e6449f9803f99a8b5dd232c7ad883637f1c86e6953305a2ef19c77f20,76.92,0.998,1772266549,"US strikes Iran by February 28, 2026?",us-strikes-iran-by-february-28-2026-227-967-547-688-589-491-592-418-452-924-384-915-464-672-196-157-993-596-269-535-381-391-471-256-988-997-296-225-762-973-292-827-345-182-558-215-794-879-189-761,us-strikes-iran-by,Yes,0,TNT88,76.76616
0xd4612cef65da2efbdeb00ca4ca8739d5a509c9cb,SELL,0x3488f31e6449f9803f99a8b5dd232c7ad883637f1c86e6953305a2ef19c77f20,76.67,0.999,1772270367,"US strikes Iran by February 28, 2026?",us-strikes-iran-by-february-28-2026-227-967-547-688-589-491-592-418-452-924-384-915-464-672-196-157-993-596-269-535-381-391-471-256-988-997-296-225-762-973-292-827-345-182-558-215-794-879-189-761,us-strikes-iran-by,Yes,0,0xD4612ceF65Da2Efbdeb00cA4Ca8739d5A509c9cb-1771276791344,76.59333
0x73d7099e4079bdd9c5f5ab0c05758e2de4aa11b2,SELL,0x3488f31e6449f9803f99a8b5dd232c7ad883637f1c86e6953305a2ef19c77f20,75.37,0.998,1772265695,"US strikes Iran by February 28, 2026?",us-strikes-iran-by-february-28-2026-227-967-547-688-589-491-592-418-452-924-384-915-464-672-196-157-993-596-269-535-381-391-471-256-988-997-296-225-762-973-292-827-345-182-558-215-794-879-189-761,us-strikes-iran-by,Yes,0,offroadtms,75.21926
0x56052d1a84f379190a437f6eb892e30c1cc52113,BUY,0x3488f31e6449f9803f99a8b5dd232c7ad883637f1c86e6953305a2ef19c77f20,5001.066665,0.014996800487561588,1772263447,"US strikes Iran by February 28, 2026?",us-strikes-iran-by-february-28-2026-227-967-547-688-589-491-592-418-452-924-384-915-464-672-196-157-993-596-269-535-381-391-471-256-988-997-296-225-762-973-292-827-345-182-558-215-794-879-189-761,us-strikes-iran-by,No,1,nurman,74.999999
0x9094c89f2567315d37e9fc78ac71722fbe2ddcab,SELL,0x3488f31e6449f9803f99a8b5dd232c7ad883637f1c86e6953305a2ef19c77f20,74.84,0.997,1772264269,"US strikes Iran by February 28, 2026?",us-strikes-iran-by-february-28-2026-227-967-547-688-589-491-592-418-452-924-384-915-464-672-196-157-993-596-269-535-381-391-471-256-988-997-296-225-762-973-292-827-345-182-558-215-794-879-189-761,us-strikes-iran-by,Yes,0,Troy168,74.61548
0x29f0342cb825bbfb235d1365ce5ecd4a654665f3,SELL,0x3488f31e6449f9803f99a8b5dd232c7ad883637f1c86e6953305a2ef19c77f20,74.57,0.999,1772270963,"US strikes Iran by February 28, 2026?",us-strikes-iran-by-february-28-2026-227-967-547-688-589-491-592-418-452-924-384-915-464-672-196-157-993-596-269-535-381-391-471-256-988-997-296-225-762-973-292-827-345-182-558-215-794-879-189-761,us-strikes-iran-by,Yes,0,0x29F0342cb825bbfb235d1365cE5eCD4a654665f3-1771651258109,74.49543
0xb003ec19b50c38e5f71abd666800ff61c4acb34e,SELL,0x3488f31e6449f9803f99a8b5dd232c7ad883637f1c86e6953305a2ef19c77f20,74.0,0.997,1772264225,"US strikes Iran by February 28, 2026?",us-strikes-iran-by-february-28-2026-227-967-547-688-589-491-592-418-452-924-384-915-464-672-196-157-993-596-269-535-381-391-471-256-988-997-296-225-762-973-292-827-345-182-558-215-794-879-189-761,us-strikes-iran-by,Yes,0,playbot,73.778
0x79b87103d338569e94ba39f9f320149ea3b5a794,SELL,0x3488f31e6449f9803f99a8b5dd232c7ad883637f1c86e6953305a2ef19c77f20,73.81,0.999,1772271113,"US strikes Iran by February 28, 2026?",us-strikes-iran-by-february-28-2026-227-967-547-688-589-491-592-418-452-924-384-915-464-672-196-157-993-596-269-535-381-391-471-256-988-997-296-225-762-973-292-827-345-182-558-215-794-879-189-761,us-strikes-iran-by,Yes,0,0x79B87103d338569e94ba39f9f320149EA3b5A794-1756873559129,73.73619000000001
0xf5558f4dc218004acaaeb9102901ac381d64e8bc,SELL,0x3488f31e6449f9803f99a8b5dd232c7ad883637f1c86e6953305a2ef19c77f20,73.45,0.998,1772266003,"US strikes Iran by February 28, 2026?",us-strikes-iran-by-february-28-2026-227-967-547-688-589-491-592-418-452-924-384-915-464-672-196-157-993-596-269-535-381-391-471-256-988-997-296-225-762-973-292-827-345-182-558-215-794-879-189-761,us-strikes-iran-by,Yes,0,adrianma,73.3031
0x5f45b60c29d6e4d55c0bfd8ddd39ad45c5e0a77a,SELL,0x3488f31e6449f9803f99a8b5dd232c7ad883637f1c86e6953305a2ef19c77f20,10359.93,0.007,1772263823,"US strikes Iran by February 28, 2026?",us-strikes-iran-by-february-28-2026-227-967-547-688-589-491-592-418-452-924-384-915-464-672-196-157-993-596-269-535-381-391-471-256-988-997-296-225-762-973-292-827-345-182-558-215-794-879-189-761,us-strikes-iran-by,No,1,0x5F45b60C29d6e4D55c0bFd8dDD39ad45C5e0a77A-1761473032186,72.51951
0x61c6efc4d65fb72d9c1faf563df3d3ff41657e20,SELL,0x3488f31e6449f9803f99a8b5dd232c7ad883637f1c86e6953305a2ef19c77f20,72.5,0.998,1772268133,"US strikes Iran by February 28, 2026?",us-strikes-iran-by-february-28-2026-227-967-547-688-589-491-592-418-452-924-384-915-464-672-196-157-993-596-269-535-381-391-471-256-988-997-296-225-762-973-292-827-345-182-558-215-794-879-189-761,us-strikes-iran-by,Yes,0,0x61c6eFC4d65fb72d9C1faf563dF3D3fF41657E20-1771519515562,72.355
0xb442b3e92da23077418bba852287aa127c7abed7,BUY,0x3488f31e6449f9803f99a8b5dd232c7ad883637f1c86e6953305a2ef19c77f20,72.322,0.999,1772266043,"US strikes Iran by February 28, 2026?",us-strikes-iran-by-february-28-2026-227-967-547-688-589-491-592-418-452-924-384-915-464-672-196-157-993-596-269-535-381-391-471-256-988-997-296-225-762-973-292-827-345-182-558-215-794-879-189-761,us-strikes-iran-by,Yes,0,Tomer12,72.249678
0x2afc9bcbbfce9470181ee7a3dfc1f68dbd1eecd9,BUY,0x3488f31e6449f9803f99a8b5dd232c7ad883637f1c86e6953305a2ef19c77f20,9000.0,0.008,1772263847,"US strikes Iran by February 28, 2026?",us-strikes-iran-by-february-28-2026-227-967-547-688-589-491-592-418-452-924-384-915-464-672-196-157-993-596-269-535-381-391-471-256-988-997-296-225-762-973-292-827-345-182-558-215-794-879-189-761,us-strikes-iran-by,No,1,touzhu,72.0
0xad8c74fb63526bb8c991348ef58d1f04dd305b05,SELL,0x3488f31e6449f9803f99a8b5dd232c7ad883637f1c86e6953305a2ef19c77f20,71.42,0.999,1772267071,"US strikes Iran by February 28, 2026?",us-strikes-iran-by-february-28-2026-227-967-547-688-589-491-592-418-452-924-384-915-464-672-196-157-993-596-269-535-381-391-471-256-988-997-296-225-762-973-292-827-345-182-558-215-794-879-189-761,us-strikes-iran-by,Yes,0,0xaD8C74Fb63526BB8C991348ef58d1f04dd305B05-1768248233104,71.34858
0xcfaa0b8afdad8747288d1ef9fc7b30432229dbb7,SELL,0x3488f31e6449f9803f99a8b5dd232c7ad883637f1c86e6953305a2ef19c77f20,71.42,0.998,1772264293,"US strikes Iran by February 28, 2026?",us-strikes-iran-by-february-28-2026-227-967-547-688-589-491-592-418-452-924-384-915-464-672-196-157-993-596-269-535-381-391-471-256-988-997-296-225-762-973-292-827-345-182-558-215-794-879-189-761,us-strikes-iran-by,Yes,0,,71.27716
0x53d6a35968fec0bfcbb2ffba55b14250f756bdd7,SELL,0x3488f31e6449f9803f99a8b5dd232c7ad883637f1c86e6953305a2ef19c77f20,5882.35,0.012,1772263647,"US strikes Iran by February 28, 2026?",us-strikes-iran-by-february-28-2026-227-967-547-688-589-491-592-418-452-924-384-915-464-672-196-157-993-596-269-535-381-391-471-256-988-997-296-225-762-973-292-827-345-182-558-215-794-879-189-761,us-strikes-iran-by,No,1,hvjhvjnkbjkj,70.5882
0xc6d386772710bfabe3f2147dcea83ecbb064c039,SELL,0x3488f31e6449f9803f99a8b5dd232c7ad883637f1c86e6953305a2ef19c77f20,70.42,0.999,1772269301,"US strikes Iran by February 28, 2026?",us-strikes-iran-by-february-28-2026-227-967-547-688-589-491-592-418-452-924-384-915-464-672-196-157-993-596-269-535-381-391-471-256-988-997-296-225-762-973-292-827-345-182-558-215-794-879-189-761,us-strikes-iran-by,Yes,0,0xc6d386772710BFAbe3F2147dcEa83ECbb064c039-1769786118784,70.34958
0xadd99606fd5ce844f80c18b6d221cedcd8855349,SELL,0x3488f31e6449f9803f99a8b5dd232c7ad883637f1c86e6953305a2ef19c77f20,70.37,0.998,1772268471,"US strikes Iran by February 28, 2026?",us-strikes-iran-by-february-28-2026-227-967-547-688-589-491-592-418-452-924-384-915-464-672-196-157-993-596-269-535-381-391-471-256-988-997-296-225-762-973-292-827-345-182-558-215-794-879-189-761,us-strikes-iran-by,Yes,0,Fenrirtho,70.22926000000001
0x9f2f920a63ea14cc014f5f7103b4daa1fb3996ae,SELL,0x3488f31e6449f9803f99a8b5dd232c7ad883637f1c86e6953305a2ef19c77f20,71.0,0.987,1772263713,"US strikes Iran by February 28, 2026?",us-strikes-iran-by-february-28-2026-227-967-547-688-589-491-592-418-452-924-384-915-464-672-196-157-993-596-269-535-381-391-471-256-988-997-296-225-762-973-292-827-345-182-558-215-794-879-189-761,us-strikes-iran-by,Yes,0,,70.077
0x61c6efc4d65fb72d9c1faf563df3d3ff41657e20,SELL,0x3488f31e6449f9803f99a8b5dd232c7ad883637f1c86e6953305a2ef19c77f20,69.67,0.998,1772268427,"US strikes Iran by February 28, 2026?",us-strikes-iran-by-february-28-2026-227-967-547-688-589-491-592-418-452-924-384-915-464-672-196-157-993-596-269-535-381-391-471-256-988-997-296-225-762-973-292-827-345-182-558-215-794-879-189-761,us-strikes-iran-by,Yes,0,0x61c6eFC4d65fb72d9C1faf563dF3D3fF41657E20-1771519515562,69.53066
0x9fd4dbcb914208e7daa0491c82ac0b04833c3c40,SELL,0x3488f31e6449f9803f99a8b5dd232c7ad883637f1c86e6953305a2ef19c77f20,69.58,0.999,1772270423,"US strikes Iran by February 28, 2026?",us-strikes-iran-by-february-28-2026-227-967-547-688-589-491-592-418-452-924-384-915-464-672-196-157-993-596-269-535-381-391-471-256-988-997-296-225-762-973-292-827-345-182-558-215-794-879-189-761,us-strikes-iran-by,Yes,0,JosephLee92,69.51042
0x50d7ec4076188975c582aee019116da7f1329ccb,SELL,0x3488f31e6449f9803f99a8b5dd232c7ad883637f1c86e6953305a2ef19c77f20,69.39,0.998,1772265567,"US strikes Iran by February 28, 2026?",us-strikes-iran-by-february-28-2026-227-967-547-688-589-491-592-418-452-924-384-915-464-672-196-157-993-596-269-535-381-391-471-256-988-997-296-225-762-973-292-827-345-182-558-215-794-879-189-761,us-strikes-iran-by,Yes,0,liba23,69.25122
0x135b599b1c873530bdb68339b4bb6c0fd9e724f8,SELL,0x3488f31e6449f9803f99a8b5dd232c7ad883637f1c86e6953305a2ef19c77f20,69.5,0.995,1772263901,"US strikes Iran by February 28, 2026?",us-strikes-iran-by-february-28-2026-227-967-547-688-589-491-592-418-452-924-384-915-464-672-196-157-993-596-269-535-381-391-471-256-988-997-296-225-762-973-292-827-345-182-558-215-794-879-189-761,us-strikes-iran-by,Yes,0,Sverdlov,69.1525
0x237a237d1cdec971dc94864ebf636a1b8cf62a3f,SELL,0x3488f31e6449f9803f99a8b5dd232c7ad883637f1c86e6953305a2ef19c77f20,68.96,0.999,1772269993,"US strikes Iran by February 28, 2026?",us-strikes-iran-by-february-28-2026-227-967-547-688-589-491-592-418-452-924-384-915-464-672-196-157-993-596-269-535-381-391-471-256-988-997-296-225-762-973-292-827-345-182-558-215-794-879-189-761,us-strikes-iran-by,Yes,0,,68.89103999999999
0x2a5b6463bc0e44f097dfa08bdbdc80187deb1231,BUY,0x3488f31e6449f9803f99a8b5dd232c7ad883637f1c86e6953305a2ef19c77f20,68.85,0.999,1772266689,"US strikes Iran by February 28, 2026?",us-strikes-iran-by-february-28-2026-227-967-547-688-589-491-592-418-452-924-384-915-464-672-196-157-993-596-269-535-381-391-471-256-988-997-296-225-762-973-292-827-345-182-558-215-794-879-189-761,us-strikes-iran-by,Yes,0,jinjihahaha,68.78115
0x1a374e027ad5d6778144c88fbda5ad4381eca1e0,SELL,0x3488f31e6449f9803f99a8b5dd232c7ad883637f1c86e6953305a2ef19c77f20,68.84,0.997,1772264859,"US strikes Iran by February 28, 2026?",us-strikes-iran-by-february-28-2026-227-967-547-688-589-491-592-418-452-924-384-915-464-672-196-157-993-596-269-535-381-391-471-256-988-997-296-225-762-973-292-827-345-182-558-215-794-879-189-761,us-strikes-iran-by,Yes,0,PredicToy,68.63348
0x612df50cff8bf1b35a56f3bad517f5afc54d8491,SELL,0x3488f31e6449f9803f99a8b5dd232c7ad883637f1c86e6953305a2ef19c77f20,68.72,0.998,1772265211,"US strikes Iran by February 28, 2026?",us-strikes-iran-by-february-28-2026-227-967-547-688-589-491-592-418-452-924-384-915-464-672-196-157-993-596-269-535-381-391-471-256-988-997-296-225-762-973-292-827-345-182-558-215-794-879-189-761,us-strikes-iran-by,Yes,0,0x612DF50CfF8bF1b35a56f3BaD517F5AFc54D8491-1769112890737,68.58256
0xda33256a072893ea1a284e00e4f264dbe61544fb,SELL,0x3488f31e6449f9803f99a8b5dd232c7ad883637f1c86e6953305a2ef19c77f20,11334.97,0.006,1772263861,"US strikes Iran by February 28, 2026?",us-strikes-iran-by-february-28-2026-227-967-547-688-589-491-592-418-452-924-384-915-464-672-196-157-993-596-269-535-381-391-471-256-988-997-296-225-762-973-292-827-345-182-558-215-794-879-189-761,us-strikes-iran-by,No,1,cremebrulee,68.00981999999999
0xa6d9693701f3ba318cfd6e7f5e72be1fd8ad1d85,SELL,0x3488f31e6449f9803f99a8b5dd232c7ad883637f1c86e6953305a2ef19c77f20,68.18,0.997,1772264019,"US strikes Iran by February 28, 2026?",us-strikes-iran-by-february-28-2026-227-967-547-688-589-491-592-418-452-924-384-915-464-672-196-157-993-596-269-535-381-391-471-256-988-997-296-225-762-973-292-827-345-182-558-215-794-879-189-761,us-strikes-iran-by,Yes,0,DragatskyM,67.97546000000001
0x1621f247c47f56069a5e2c9268663af3f56aca2e,SELL,0x3488f31e6449f9803f99a8b5dd232c7ad883637f1c86e6953305a2ef19c77f20,67.5,0.999,1772269911,"US strikes Iran by February 28, 2026?",us-strikes-iran-by-february-28-2026-227-967-547-688-589-491-592-418-452-924-384-915-464-672-196-157-993-596-269-535-381-391-471-256-988-997-296-225-762-973-292-827-345-182-558-215-794-879-189-761,us-strikes-iran-by,Yes,0,terantoni,67.4325
0xed4dccadb698d8fbabeea6ff2342dadba8422d68,SELL,0x3488f31e6449f9803f99a8b5dd232c7ad883637f1c86e6953305a2ef19c77f20,67.0,0.998,1772266113,"US strikes Iran by February 28, 2026?",us-strikes-iran-by-february-28-2026-227-967-547-688-589-491-592-418-452-924-384-915-464-672-196-157-993-596-269-535-381-391-471-256-988-997-296-225-762-973-292-827-345-182-558-215-794-879-189-761,us-strikes-iran-by,Yes,0,PylypSasin,66.866
0xff5578e6aa08a10f54118cea26f6a3fb6ae99550,SELL,0x3488f31e6449f9803f99a8b5dd232c7ad883637f1c86e6953305a2ef19c77f20,66.89,0.998,1772265635,"US strikes Iran by February 28, 2026?",us-strikes-iran-by-february-28-2026-227-967-547-688-589-491-592-418-452-924-384-915-464-672-196-157-993-596-269-535-381-391-471-256-988-997-296-225-762-973-292-827-345-182-558-215-794-879-189-761,us-strikes-iran-by,Yes,0,Politomi,66.75622
0x234c2e500b11b041ea4e93b48244856234c43f51,SELL,0x3488f31e6449f9803f99a8b5dd232c7ad883637f1c86e6953305a2ef19c77f20,66.66,0.998,1772264961,"US strikes Iran by February 28, 2026?",us-strikes-iran-by-february-28-2026-227-967-547-688-589-491-592-418-452-924-384-915-464-672-196-157-993-596-269-535-381-391-471-256-988-997-296-225-762-973-292-827-345-182-558-215-794-879-189-761,us-strikes-iran-by,Yes,0,User8511,66.52668
0xc62bcfa71cee5cbc9bf6ce3b42fa7bd66fad1f5c,SELL,0x3488f31e6449f9803f99a8b5dd232c7ad883637f1c86e6953305a2ef19c77f20,66.66,0.986,1772263661,"US strikes Iran by February 28, 2026?",us-strikes-iran-by-february-28-2026-227-967-547-688-589-491-592-418-452-924-384-915-464-672-196-157-993-596-269-535-381-391-471-256-988-997-296-225-762-973-292-827-345-182-558-215-794-879-189-761,us-strikes-iran-by,Yes,0,inputcircuit,65.72676
0x3ca553c0cee30e9187ae19f5666a662b73296aec,SELL,0x3488f31e6449f9803f99a8b5dd232c7ad883637f1c86e6953305a2ef19c77f20,5376.34,0.012186000141360108,1772263417,"US strikes Iran by February 28, 2026?",us-strikes-iran-by-february-28-2026-227-967-547-688-589-491-592-418-452-924-384-915-464-672-196-157-993-596-269-535-381-391-471-256-988-997-296-225-762-973-292-827-345-182-558-215-794-879-189-761,us-strikes-iran-by,No,1,0x3CA553c0CEe30e9187aE19f5666a662B73296AeC-1770995482028,65.51608
0xd44c2de98e5b4e2d3b9d23a9cde790f693511223,SELL,0x3488f31e6449f9803f99a8b5dd232c7ad883637f1c86e6953305a2ef19c77f20,64999.99,0.001,1772265157,"US strikes Iran by February 28, 2026?",us-strikes-iran-by-february-28-2026-227-967-547-688-589-491-592-418-452-924-384-915-464-672-196-157-993-596-269-535-381-391-471-256-988-997-296-225-762-973-292-827-345-182-558-215-794-879-189-761,us-strikes-iran-by,No,1,m8i,64.99999
0x3ba46e48679c23da9b184a28b5a4cbe3bb9d1555,SELL,0x3488f31e6449f9803f99a8b5dd232c7ad883637f1c86e6953305a2ef19c77f20,64.51,0.999,1772269215,"US strikes Iran by February 28, 2026?",us-strikes-iran-by-february-28-2026-227-967-547-688-589-491-592-418-452-924-384-915-464-672-196-157-993-596-269-535-381-391-471-256-988-997-296-225-762-973-292-827-345-182-558-215-794-879-189-761,us-strikes-iran-by,Yes,0,0x3Ba46E48679C23Da9B184a28B5a4CBE3bb9d1555-1770371584401,64.44549
0xcb262dda95f006fa34ac9e3dfcf416678f88fca1,BUY,0x3488f31e6449f9803f99a8b5dd232c7ad883637f1c86e6953305a2ef19c77f20,65.0,0.988,1772263419,"US strikes Iran by February 28, 2026?",us-strikes-iran-by-february-28-2026-227-967-547-688-589-491-592-418-452-924-384-915-464-672-196-157-993-596-269-535-381-391-471-256-988-997-296-225-762-973-292-827-345-182-558-215-794-879-189-761,us-strikes-iran-by,Yes,0,mimishushu,64.22
0x91c0849f88317b562532fe43bfc6c76ef464a15d,SELL,0x3488f31e6449f9803f99a8b5dd232c7ad883637f1c86e6953305a2ef19c77f20,65.13,0.986,1772263407,"US strikes Iran by February 28, 2026?",us-strikes-iran-by-february-28-2026-227-967-547-688-589-491-592-418-452-924-384-915-464-672-196-157-993-596-269-535-381-391-471-256-988-997-296-225-762-973-292-827-345-182-558-215-794-879-189-761,us-strikes-iran-by,Yes,0,Huhuahu,64.21817999999999
0x28c0ee4e451e92675b80871f60643748679fcedf,BUY,0x3488f31e6449f9803f99a8b5dd232c7ad883637f1c86e6953305a2ef19c77f20,63120.0,0.001,1772269175,"US strikes Iran by February 28, 2026?",us-strikes-iran-by-february-28-2026-227-967-547-688-589-491-592-418-452-924-384-915-464-672-196-157-993-596-269-535-381-391-471-256-988-997-296-225-762-973-292-827-345-182-558-215-794-879-189-761,us-strikes-iran-by,No,1,SMWong,63.120000000000005
0xaf8b63220650a12b44f5bf8812efc5282801be4f,SELL,0x3488f31e6449f9803f99a8b5dd232c7ad883637f1c86e6953305a2ef19c77f20,63.15,0.999,1772266995,"US strikes Iran by February 28, 2026?",us-strikes-iran-by-february-28-2026-227-967-547-688-589-491-592-418-452-924-384-915-464-672-196-157-993-596-269-535-381-391-471-256-988-997-296-225-762-973-292-827-345-182-558-215-794-879-189-761,us-strikes-iran-by,Yes,0,Its.the.mahdi,63.08685
0x338bfa9da093ce7ee8a192095009f70dd4ccbf88,BUY,0x3488f31e6449f9803f99a8b5dd232c7ad883637f1c86e6953305a2ef19c77f20,4483.57,0.014,1772263353,"US strikes Iran by February 28, 2026?",us-strikes-iran-by-february-28-2026-227-967-547-688-589-491-592-418-452-924-384-915-464-672-196-157-993-596-269-535-381-391-471-256-988-997-296-225-762-973-292-827-345-182-558-215-794-879-189-761,us-strikes-iran-by,No,1,0x338bFA9DA093Ce7ee8A192095009F70dd4ccBF88-1758036776618,62.76998
0x4fac3f54a5aca16ec487ffbd1470572ca969b08d,SELL,0x3488f31e6449f9803f99a8b5dd232c7ad883637f1c86e6953305a2ef19c77f20,62.76,0.999,1772269813,"US strikes Iran by February 28, 2026?",us-strikes-iran-by-february-28-2026-227-967-547-688-589-491-592-418-452-924-384-915-464-672-196-157-993-596-269-535-381-391-471-256-988-997-296-225-762-973-292-827-345-182-558-215-794-879-189-761,us-strikes-iran-by,Yes,0,0x4fAC3f54A5aCa16Ec487FfbD1470572ca969b08d-1768982118102,62.69724
0x9f1b3ffc05b40e83e5ea62581e8939e6a7846084,SELL,0x3488f31e6449f9803f99a8b5dd232c7ad883637f1c86e6953305a2ef19c77f20,62.64,0.997,1772264587,"US strikes Iran by February 28, 2026?",us-strikes-iran-by-february-28-2026-227-967-547-688-589-491-592-418-452-924-384-915-464-672-196-157-993-596-269-535-381-391-471-256-988-997-296-225-762-973-292-827-345-182-558-215-794-879-189-761,us-strikes-iran-by,Yes,0,0x9F1B3fFC05B40e83E5EA62581E8939e6a7846084-1767639150442,62.45208
0x519999e046f00b1ea5ff9c6c5c616eaf50056713,SELL,0x3488f31e6449f9803f99a8b5dd232c7ad883637f1c86e6953305a2ef19c77f20,62.5,0.999,1772270595,"US strikes Iran by February 28, 2026?",us-strikes-iran-by-february-28-2026-227-967-547-688-589-491-592-418-452-924-384-915-464-672-196-157-993-596-269-535-381-391-471-256-988-997-296-225-762-973-292-827-345-182-558-215-794-879-189-761,us-strikes-iran-by,Yes,0,NerouN,62.4375
0xfe1f92e2afcc700ddaa87d158ac08e4d0ffac113,SELL,0x3488f31e6449f9803f99a8b5dd232c7ad883637f1c86e6953305a2ef19c77f20,62.5,0.999,1772268231,"US strikes Iran by February 28, 2026?",us-strikes-iran-by-february-28-2026-227-967-547-688-589-491-592-418-452-924-384-915-464-672-196-157-993-596-269-535-381-391-471-256-988-997-296-225-762-973-292-827-345-182-558-215-794-879-189-761,us-strikes-iran-by,Yes,0,Zizibazizi23,62.4375
0xe81567dd638521afce3e4291ecac626e04cab7eb,SELL,0x3488f31e6449f9803f99a8b5dd232c7ad883637f1c86e6953305a2ef19c77f20,4802.0,0.013,1772263521,"US strikes Iran by February 28, 2026?",us-strikes-iran-by-february-28-2026-227-967-547-688-589-491-592-418-452-924-384-915-464-672-196-157-993-596-269-535-381-391-471-256-988-997-296-225-762-973-292-827-345-182-558-215-794-879-189-761,us-strikes-iran-by,No,1,0xe81567dD638521aFce3e4291eCaC626e04CAB7EB-1769280988666,62.425999999999995
0xfa323e40632edca701abc6c8cf1f82175909bd9a,SELL,0x3488f31e6449f9803f99a8b5dd232c7ad883637f1c86e6953305a2ef19c77f20,27388.94,0.002278953110270058,1772263959,"US strikes Iran by February 28, 2026?",us-strikes-iran-by-february-28-2026-227-967-547-688-589-491-592-418-452-924-384-915-464-672-196-157-993-596-269-535-381-391-471-256-988-997-296-225-762-973-292-827-345-182-558-215-794-879-189-761,us-strikes-iran-by,No,1,FridayNight,62.41811
0xeefd3237a8228c30e53344522bbaf9fe1c3649a8,BUY,0x3488f31e6449f9803f99a8b5dd232c7ad883637f1c86e6953305a2ef19c77f20,4790.769229,0.012999999796066152,1772263715,"US strikes Iran by February 28, 2026?",us-strikes-iran-by-february-28-2026-227-967-547-688-589-491-592-418-452-924-384-915-464-672-196-157-993-596-269-535-381-391-471-256-988-997-296-225-762-973-292-827-345-182-558-215-794-879-189-761,us-strikes-iran-by,No,1,Sputnik22k,62.279999000000004
0x61c121967bc78680f4a658149968c9fac8ea6a1a,SELL,0x3488f31e6449f9803f99a8b5dd232c7ad883637f1c86e6953305a2ef19c77f20,62.0,0.998,1772268493,"US strikes Iran by February 28, 2026?",us-strikes-iran-by-february-28-2026-227-967-547-688-589-491-592-418-452-924-384-915-464-672-196-157-993-596-269-535-381-391-471-256-988-997-296-225-762-973-292-827-345-182-558-215-794-879-189-761,us-strikes-iran-by,Yes,0,,61.876
0xafc5d2ec5b328aa3e30617eefdc347b8455f866b,SELL,0x3488f31e6449f9803f99a8b5dd232c7ad883637f1c86e6953305a2ef19c77f20,61.78,0.998,1772264519,"US strikes Iran by February 28, 2026?",us-strikes-iran-by-february-28-2026-227-967-547-688-589-491-592-418-452-924-384-915-464-672-196-157-993-596-269-535-381-391-471-256-988-997-296-225-762-973-292-827-345-182-558-215-794-879-189-761,us-strikes-iran-by,Yes,0,,61.65644
0xb422fed6656200031f6a368e624abc790823a9cd,SELL,0x3488f31e6449f9803f99a8b5dd232c7ad883637f1c86e6953305a2ef19c77f20,61.53,0.999,1772269439,"US strikes Iran by February 28, 2026?",us-strikes-iran-by-february-28-2026-227-967-547-688-589-491-592-418-452-924-384-915-464-672-196-157-993-596-269-535-381-391-471-256-988-997-296-225-762-973-292-827-345-182-558-215-794-879-189-761,us-strikes-iran-by,Yes,0,0xB422FED6656200031F6a368e624abc790823a9CD-1760225466608,61.46847
0x5d36d23c5195d94eee3c9700784129176c0345c6,BUY,0x3488f31e6449f9803f99a8b5dd232c7ad883637f1c86e6953305a2ef19c77f20,30540.0,0.002,1772265499,"US strikes Iran by February 28, 2026?",us-strikes-iran-by-february-28-2026-227-967-547-688-589-491-592-418-452-924-384-915-464-672-196-157-993-596-269-535-381-391-471-256-988-997-296-225-762-973-292-827-345-182-558-215-794-879-189-761,us-strikes-iran-by,No,1,Jen888,61.08
0x79f7e846bd39733826c397f2403902d4470b087c,BUY,0x3488f31e6449f9803f99a8b5dd232c7ad883637f1c86e6953305a2ef19c77f20,30480.0,0.002,1772265605,"US strikes Iran by February 28, 2026?",us-strikes-iran-by-february-28-2026-227-967-547-688-589-491-592-418-452-924-384-915-464-672-196-157-993-596-269-535-381-391-471-256-988-997-296-225-762-973-292-827-345-182-558-215-794-879-189-761,us-strikes-iran-by,No,1,F.U.C.KYEAD,60.96
0x4bc26247abd4c4f908c786c4873acd49beb2597a,SELL,0x3488f31e6449f9803f99a8b5dd232c7ad883637f1c86e6953305a2ef19c77f20,4051.36,0.015,1772263315,"US strikes Iran by February 28, 2026?",us-strikes-iran-by-february-28-2026-227-967-547-688-589-491-592-418-452-924-384-915-464-672-196-157-993-596-269-535-381-391-471-256-988-997-296-225-762-973-292-827-345-182-558-215-794-879-189-761,us-strikes-iran-by,No,1,TheManInTheSky,60.7704
0x06cf27c93c4e1ccc232244a3f684a971333d4c86,BUY,0x3488f31e6449f9803f99a8b5dd232c7ad883637f1c86e6953305a2ef19c77f20,60.6,0.999,1772265969,"US strikes Iran by February 28, 2026?",us-strikes-iran-by-february-28-2026-227-967-547-688-589-491-592-418-452-924-384-915-464-672-196-157-993-596-269-535-381-391-471-256-988-997-296-225-762-973-292-827-345-182-558-215-794-879-189-761,us-strikes-iran-by,Yes,0,vchtd76,60.5394
0x6d5f693c94f78acb4aa70a0bbf29d1be7e466dfc,SELL,0x3488f31e6449f9803f99a8b5dd232c7ad883637f1c86e6953305a2ef19c77f20,60500.0,0.001,1772268455,"US strikes Iran by February 28, 2026?",us-strikes-iran-by-february-28-2026-227-967-547-688-589-491-592-418-452-924-384-915-464-672-196-157-993-596-269-535-381-391-471-256-988-997-296-225-762-973-292-827-345-182-558-215-794-879-189-761,us-strikes-iran-by,No,1,,60.5
0x61c6efc4d65fb72d9c1faf563df3d3ff41657e20,SELL,0x3488f31e6449f9803f99a8b5dd232c7ad883637f1c86e6953305a2ef19c77f20,60.66,0.997,1772264121,"US strikes Iran by February 28, 2026?",us-strikes-iran-by-february-28-2026-227-967-547-688-589-491-592-418-452-924-384-915-464-672-196-157-993-596-269-535-381-391-471-256-988-997-296-225-762-973-292-827-345-182-558-215-794-879-189-761,us-strikes-iran-by,Yes,0,0x61c6eFC4d65fb72d9C1faf563dF3D3fF41657E20-1771519515562,60.478019999999994
0xfcb22b5cf8c9148610b90ea0465c0fa17f438eed,BUY,0x3488f31e6449f9803f99a8b5dd232c7ad883637f1c86e6953305a2ef19c77f20,60.16,0.999,1772265967,"US strikes Iran by February 28, 2026?",us-strikes-iran-by-february-28-2026-227-967-547-688-589-491-592-418-452-924-384-915-464-672-196-157-993-596-269-535-381-391-471-256-988-997-296-225-762-973-292-827-345-182-558-215-794-879-189-761,us-strikes-iran-by,Yes,0,cxz3,60.09983999999999
0x47fc035d622d5835c1c71ce0915eadaf192b8d6b,BUY,0x3488f31e6449f9803f99a8b5dd232c7ad883637f1c86e6953305a2ef19c77f20,5000.0,0.012,1772263727,"US strikes Iran by February 28, 2026?",us-strikes-iran-by-february-28-2026-227-967-547-688-589-491-592-418-452-924-384-915-464-672-196-157-993-596-269-535-381-391-471-256-988-997-296-225-762-973-292-827-345-182-558-215-794-879-189-761,us-strikes-iran-by,No,1,spartanX,60.0
0x6317fd0f08c8a72806b63ac13434bcd7fa4a15aa,SELL,0x3488f31e6449f9803f99a8b5dd232c7ad883637f1c86e6953305a2ef19c77f20,5000.0,0.012,1772263593,"US strikes Iran by February 28, 2026?",us-strikes-iran-by-february-28-2026-227-967-547-688-589-491-592-418-452-924-384-915-464-672-196-157-993-596-269-535-381-391-471-256-988-997-296-225-762-973-292-827-345-182-558-215-794-879-189-761,us-strikes-iran-by,No,1,HalaFish,60.0
0x2ac517c2edb82973d17c216c07ceee012120b17c,BUY,0x3488f31e6449f9803f99a8b5dd232c7ad883637f1c86e6953305a2ef19c77f20,30000.0,0.002,1772265621,"US strikes Iran by February 28, 2026?",us-strikes-iran-by-february-28-2026-227-967-547-688-589-491-592-418-452-924-384-915-464-672-196-157-993-596-269-535-381-391-471-256-988-997-296-225-762-973-292-827-345-182-558-215-794-879-189-761,us-strikes-iran-by,No,1,berlow0605,60.0
0x6dc2a3bf99f08598a341debd70477c34312e2f88,BUY,0x3488f31e6449f9803f99a8b5dd232c7ad883637f1c86e6953305a2ef19c77f20,20000.0,0.003,1772264089,"US strikes Iran by February 28, 2026?",us-strikes-iran-by-february-28-2026-227-967-547-688-589-491-592-418-452-924-384-915-464-672-196-157-993-596-269-535-381-391-471-256-988-997-296-225-762-973-292-827-345-182-558-215-794-879-189-761,us-strikes-iran-by,No,1,0x6dc2A3BF99f08598A341DeBD70477C34312e2F88-1771996837393,60.0
0xcb21c5f2152f9eae2c69be7f1727339ec35b36ce,BUY,0x3488f31e6449f9803f99a8b5dd232c7ad883637f1c86e6953305a2ef19c77f20,60.05,0.999,1772265967,"US strikes Iran by February 28, 2026?",us-strikes-iran-by-february-28-2026-227-967-547-688-589-491-592-418-452-924-384-915-464-672-196-157-993-596-269-535-381-391-471-256-988-997-296-225-762-973-292-827-345-182-558-215-794-879-189-761,us-strikes-iran-by,Yes,0,mny8uf,59.98995
0xe59420fcdb6e6529e85d9e9bb9ca9e6298eb8aab,SELL,0x3488f31e6449f9803f99a8b5dd232c7ad883637f1c86e6953305a2ef19c77f20,60.0,0.998,1772265151,"US strikes Iran by February 28, 2026?",us-strikes-iran-by-february-28-2026-227-967-547-688-589-491-592-418-452-924-384-915-464-672-196-157-993-596-269-535-381-391-471-256-988-997-296-225-762-973-292-827-345-182-558-215-794-879-189-761,us-strikes-iran-by,Yes,0,0xE59420Fcdb6E6529E85d9e9bB9CA9E6298EB8Aab-1765183161009,59.88
0x3242329ec038cd34614c1108119512ae8a7c30ee,SELL,0x3488f31e6449f9803f99a8b5dd232c7ad883637f1c86e6953305a2ef19c77f20,60.0,0.998,1772265003,"US strikes Iran by February 28, 2026?",us-strikes-iran-by-february-28-2026-227-967-547-688-589-491-592-418-452-924-384-915-464-672-196-157-993-596-269-535-381-391-471-256-988-997-296-225-762-973-292-827-345-182-558-215-794-879-189-761,us-strikes-iran-by,Yes,0,0x3242329ec038CD34614C1108119512ae8A7c30EE-1762624604780,59.88
0x5e35a9264ab0218e06b2520b45877e97e9bb4e0a,SELL,0x3488f31e6449f9803f99a8b5dd232c7ad883637f1c86e6953305a2ef19c77f20,60.0,0.998,1772268051,"US strikes Iran by February 28, 2026?",us-strikes-iran-by-february-28-2026-227-967-547-688-589-491-592-418-452-924-384-915-464-672-196-157-993-596-269-535-381-391-471-256-988-997-296-225-762-973-292-827-345-182-558-215-794-879-189-761,us-strikes-iran-by,Yes,0,,59.88
0x313d9cda3c21210d9f1ee5ab824b4418909dd2cf,SELL,0x3488f31e6449f9803f99a8b5dd232c7ad883637f1c86e6953305a2ef19c77f20,60.0,0.998,1772265941,"US strikes Iran by February 28, 2026?",us-strikes-iran-by-february-28-2026-227-967-547-688-589-491-592-418-452-924-384-915-464-672-196-157-993-596-269-535-381-391-471-256-988-997-296-225-762-973-292-827-345-182-558-215-794-879-189-761,us-strikes-iran-by,Yes,0,HardSt,59.88
0x9e23ce7a07e6dabfca267afd02d5dab0d828f0a5,SELL,0x3488f31e6449f9803f99a8b5dd232c7ad883637f1c86e6953305a2ef19c77f20,58.81,0.998,1772266309,"US strikes Iran by February 28, 2026?",us-strikes-iran-by-february-28-2026-227-967-547-688-589-491-592-418-452-924-384-915-464-672-196-157-993-596-269-535-381-391-471-256-988-997-296-225-762-973-292-827-345-182-558-215-794-879-189-761,us-strikes-iran-by,Yes,0,,58.69238
0xaa99d53f30f95df586e4e5303ceb21f5003a92b6,BUY,0x3488f31e6449f9803f99a8b5dd232c7ad883637f1c86e6953305a2ef19c77f20,58.617,0.998,1772264597,"US strikes Iran by February 28, 2026?",us-strikes-iran-by-february-28-2026-227-967-547-688-589-491-592-418-452-924-384-915-464-672-196-157-993-596-269-535-381-391-471-256-988-997-296-225-762-973-292-827-345-182-558-215-794-879-189-761,us-strikes-iran-by,Yes,0,0xaa99d53F30f95df586E4E5303CeB21f5003A92B6-1771986254103,58.499765999999994
0x0a9c52380b6c7e4fc2a8b065326d6855f3aea3d5,SELL,0x3488f31e6449f9803f99a8b5dd232c7ad883637f1c86e6953305a2ef19c77f20,58.82,0.987,1772263719,"US strikes Iran by February 28, 2026?",us-strikes-iran-by-february-28-2026-227-967-547-688-589-491-592-418-452-924-384-915-464-672-196-157-993-596-269-535-381-391-471-256-988-997-296-225-762-973-292-827-345-182-558-215-794-879-189-761,us-strikes-iran-by,Yes,0,Smsefc,58.05534
0x7f14548da63295a1283f0906548dda126a436748,SELL,0x3488f31e6449f9803f99a8b5dd232c7ad883637f1c86e6953305a2ef19c77f20,4450.0,0.013,1772263545,"US strikes Iran by February 28, 2026?",us-strikes-iran-by-february-28-2026-227-967-547-688-589-491-592-418-452-924-384-915-464-672-196-157-993-596-269-535-381-391-471-256-988-997-296-225-762-973-292-827-345-182-558-215-794-879-189-761,us-strikes-iran-by,No,1,Kizua,57.849999999999994
0x888910d0b64fd12149719eab952e5f2d03f67481,SELL,0x3488f31e6449f9803f99a8b5dd232c7ad883637f1c86e6953305a2ef19c77f20,57.89,0.998,1772268987,"US strikes Iran by February 28, 2026?",us-strikes-iran-by-february-28-2026-227-967-547-688-589-491-592-418-452-924-384-915-464-672-196-157-993-596-269-535-381-391-471-256-988-997-296-225-762-973-292-827-345-182-558-215-794-879-189-761,us-strikes-iran-by,Yes,0,0x888910d0b64FD12149719eAB952E5f2d03f67481-1771836285608,57.77422
0x89961a19e53b0378f29283ba1f72a10f5297b38e,SELL,0x3488f31e6449f9803f99a8b5dd232c7ad883637f1c86e6953305a2ef19c77f20,57.69,0.998,1772266849,"US strikes Iran by February 28, 2026?",us-strikes-iran-by-february-28-2026-227-967-547-688-589-491-592-418-452-924-384-915-464-672-196-157-993-596-269-535-381-391-471-256-988-997-296-225-762-973-292-827-345-182-558-215-794-879-189-761,us-strikes-iran-by,Yes,0,0x89961A19e53B0378f29283BA1f72A10F5297B38e-1767712750207,57.574619999999996
0x327d095102f9c334fcbd0fc099ebd5f219c83ee8,SELL,0x3488f31e6449f9803f99a8b5dd232c7ad883637f1c86e6953305a2ef19c77f20,57.46,0.999,1772271145,"US strikes Iran by February 28, 2026?",us-strikes-iran-by-february-28-2026-227-967-547-688-589-491-592-418-452-924-384-915-464-672-196-157-993-596-269-535-381-391-471-256-988-997-296-225-762-973-292-827-345-182-558-215-794-879-189-761,us-strikes-iran-by,Yes,0,spectatorsport,57.40254
0x584dd445825b873f384b86190dadb63581ef79cf,SELL,0x3488f31e6449f9803f99a8b5dd232c7ad883637f1c86e6953305a2ef19c77f20,57.57,0.995,1772263901,"US strikes Iran by February 28, 2026?",us-strikes-iran-by-february-28-2026-227-967-547-688-589-491-592-418-452-924-384-915-464-672-196-157-993-596-269-535-381-391-471-256-988-997-296-225-762-973-292-827-345-182-558-215-794-879-189-761,us-strikes-iran-by,Yes,0,AlgoWhale,57.28215
0x83d6f395c8e52a771985655f18fdc7f42ded7733,SELL,0x3488f31e6449f9803f99a8b5dd232c7ad883637f1c86e6953305a2ef19c77f20,58.05,0.985,1772263383,"US strikes Iran by February 28, 2026?",us-strikes-iran-by-february-28-2026-227-967-547-688-589-491-592-418-452-924-384-915-464-672-196-157-993-596-269-535-381-391-471-256-988-997-296-225-762-973-292-827-345-182-558-215-794-879-189-761,us-strikes-iran-by,Yes,0,0x83D6F395C8e52A771985655f18FdC7f42DeD7733-1769856338921,57.179249999999996
0x6541b4512240a27b6704342b1610f97c3d07b614,BUY,0x3488f31e6449f9803f99a8b5dd232c7ad883637f1c86e6953305a2ef19c77f20,57.067,0.999,1772268439,"US strikes Iran by February 28, 2026?",us-strikes-iran-by-february-28-2026-227-967-547-688-589-491-592-418-452-924-384-915-464-672-196-157-993-596-269-535-381-391-471-256-988-997-296-225-762-973-292-827-345-182-558-215-794-879-189-761,us-strikes-iran-by,Yes,0,Laroy,57.009933
0x1d8e141e88a13ae9033cac35866becf99e42624d,BUY,0x3488f31e6449f9803f99a8b5dd232c7ad883637f1c86e6953305a2ef19c77f20,56.076,0.999,1772266525,"US strikes Iran by February 28, 2026?",us-strikes-iran-by-february-28-2026-227-967-547-688-589-491-592-418-452-924-384-915-464-672-196-157-993-596-269-535-381-391-471-256-988-997-296-225-762-973-292-827-345-182-558-215-794-879-189-761,us-strikes-iran-by,Yes,0,rt452453,56.019924
0x73b4ff4938d2ee8848e377511fcf56935c41c95c,BUY,0x3488f31e6449f9803f99a8b5dd232c7ad883637f1c86e6953305a2ef19c77f20,56.036,0.999,1772266525,"US strikes Iran by February 28, 2026?",us-strikes-iran-by-february-28-2026-227-967-547-688-589-491-592-418-452-924-384-915-464-672-196-157-993-596-269-535-381-391-471-256-988-997-296-225-762-973-292-827-345-182-558-215-794-879-189-761,us-strikes-iran-by,Yes,0,34564wret,55.979964
0x5ecde7348ea5100af4360dd7a6e0a3fb1d420787,BUY,0x3488f31e6449f9803f99a8b5dd232c7ad883637f1c86e6953305a2ef19c77f20,3720.06,0.015,1772263365,"US strikes Iran by February 28, 2026?",us-strikes-iran-by-february-28-2026-227-967-547-688-589-491-592-418-452-924-384-915-464-672-196-157-993-596-269-535-381-391-471-256-988-997-296-225-762-973-292-827-345-182-558-215-794-879-189-761,us-strikes-iran-by,No,1,Mujurry,55.8009
0x9c974188ece000dc8fc381c7cabc9eb897a9d97d,BUY,0x3488f31e6449f9803f99a8b5dd232c7ad883637f1c86e6953305a2ef19c77f20,55.835,0.999,1772266529,"US strikes Iran by February 28, 2026?",us-strikes-iran-by-february-28-2026-227-967-547-688-589-491-592-418-452-924-384-915-464-672-196-157-993-596-269-535-381-391-471-256-988-997-296-225-762-973-292-827-345-182-558-215-794-879-189-761,us-strikes-iran-by,Yes,0,ty456eds,55.779165
0x81ad12f77cf7d5deb07ac7b9616e8f4e4efadc19,BUY,0x3488f31e6449f9803f99a8b5dd232c7ad883637f1c86e6953305a2ef19c77f20,55.765,0.999,1772266415,"US strikes Iran by February 28, 2026?",us-strikes-iran-by-february-28-2026-227-967-547-688-589-491-592-418-452-924-384-915-464-672-196-157-993-596-269-535-381-391-471-256-988-997-296-225-762-973-292-827-345-182-558-215-794-879-189-761,us-strikes-iran-by,Yes,0,sea35a,55.709235
0xb5c75baa87feee0359196ad22dc2874c7a10aacb,BUY,0x3488f31e6449f9803f99a8b5dd232c7ad883637f1c86e6953305a2ef19c77f20,55.765,0.999,1772266415,"US strikes Iran by February 28, 2026?",us-strikes-iran-by-february-28-2026-227-967-547-688-589-491-592-418-452-924-384-915-464-672-196-157-993-596-269-535-381-391-471-256-988-997-296-225-762-973-292-827-345-182-558-215-794-879-189-761,us-strikes-iran-by,Yes,0,ertw45e6w,55.709235
0x67cd1ae49c06fefb6fa88ca3d3a0ac4294961064,BUY,0x3488f31e6449f9803f99a8b5dd232c7ad883637f1c86e6953305a2ef19c77f20,55.765,0.999,1772266413,"US strikes Iran by February 28, 2026?",us-strikes-iran-by-february-28-2026-227-967-547-688-589-491-592-418-452-924-384-915-464-672-196-157-993-596-269-535-381-391-471-256-988-997-296-225-762-973-292-827-345-182-558-215-794-879-189-761,us-strikes-iran-by,Yes,0,57y6rt,55.709235
0xbe54087172d72effb488aae35a35793cc657a937,BUY,0x3488f31e6449f9803f99a8b5dd232c7ad883637f1c86e6953305a2ef19c77f20,55.715,0.999,1772266413,"US strikes Iran by February 28, 2026?",us-strikes-iran-by-february-28-2026-227-967-547-688-589-491-592-418-452-924-384-915-464-672-196-157-993-596-269-535-381-391-471-256-988-997-296-225-762-973-292-827-345-182-558-215-794-879-189-761,us-strikes-iran-by,Yes,0,tyutru56,55.659285000000004
0xf953f1b54283cc6b4bd0cd5fec211e9ce1c019d9,BUY,0x3488f31e6449f9803f99a8b5dd232c7ad883637f1c86e6953305a2ef19c77f20,55.705,0.999,1772266413,"US strikes Iran by February 28, 2026?",us-strikes-iran-by-february-28-2026-227-967-547-688-589-491-592-418-452-924-384-915-464-672-196-157-993-596-269-535-381-391-471-256-988-997-296-225-762-973-292-827-345-182-558-215-794-879-189-761,us-strikes-iran-by,Yes,0,uyjik8yt,55.649294999999995
0x6bdbac56f2aa62a0a7c00daba80e370fcaa081e6,SELL,0x3488f31e6449f9803f99a8b5dd232c7ad883637f1c86e6953305a2ef19c77f20,55.81,0.997,1772263939,"US strikes Iran by February 28, 2026?",us-strikes-iran-by-february-28-2026-227-967-547-688-589-491-592-418-452-924-384-915-464-672-196-157-993-596-269-535-381-391-471-256-988-997-296-225-762-973-292-827-345-182-558-215-794-879-189-761,us-strikes-iran-by,Yes,0,thebubster,55.64257
0x6271a1ced2e7ea408d832a1b620604422273695f,BUY,0x3488f31e6449f9803f99a8b5dd232c7ad883637f1c86e6953305a2ef19c77f20,55.695,0.999,1772266419,"US strikes Iran by February 28, 2026?",us-strikes-iran-by-february-28-2026-227-967-547-688-589-491-592-418-452-924-384-915-464-672-196-157-993-596-269-535-381-391-471-256-988-997-296-225-762-973-292-827-345-182-558-215-794-879-189-761,us-strikes-iran-by,Yes,0,it8yuy,55.639305
0x346168a8f8225515dcef427f4132e254561294bf,BUY,0x3488f31e6449f9803f99a8b5dd232c7ad883637f1c86e6953305a2ef19c77f20,55.695,0.999,1772266417,"US strikes Iran by February 28, 2026?",us-strikes-iran-by-february-28-2026-227-967-547-688-589-491-592-418-452-924-384-915-464-672-196-157-993-596-269-535-381-391-471-256-988-997-296-225-762-973-292-827-345-182-558-215-794-879-189-761,us-strikes-iran-by,Yes,0,uyt98r56,55.639305
0xfa6256ed394f8c2a7442cddcce4f2bf25d9d7b73,BUY,0x3488f31e6449f9803f99a8b5dd232c7ad883637f1c86e6953305a2ef19c77f20,55.655,0.999,1772266421,"US strikes Iran by February 28, 2026?",us-strikes-iran-by-february-28-2026-227-967-547-688-589-491-592-418-452-924-384-915-464-672-196-157-993-596-269-535-381-391-471-256-988-997-296-225-762-973-292-827-345-182-558-215-794-879-189-761,us-strikes-iran-by,Yes,0,fg78cy,55.599345
0x25b9383e0b17c23e337aec0a0764aff6090212a9,BUY,0x3488f31e6449f9803f99a8b5dd232c7ad883637f1c86e6953305a2ef19c77f20,55.645,0.999,1772266415,"US strikes Iran by February 28, 2026?",us-strikes-iran-by-february-28-2026-227-967-547-688-589-491-592-418-452-924-384-915-464-672-196-157-993-596-269-535-381-391-471-256-988-997-296-225-762-973-292-827-345-182-558-215-794-879-189-761,us-strikes-iran-by,Yes,0,ytui6re5,55.589355000000005
0x5efb934ef4677b7ad92b12017628466f079fefe1,BUY,0x3488f31e6449f9803f99a8b5dd232c7ad883637f1c86e6953305a2ef19c77f20,55.645,0.999,1772266415,"US strikes Iran by February 28, 2026?",us-strikes-iran-by-february-28-2026-227-967-547-688-589-491-592-418-452-924-384-915-464-672-196-157-993-596-269-535-381-391-471-256-988-997-296-225-762-973-292-827-345-182-558-215-794-879-189-761,us-strikes-iran-by,Yes,0,edrw6es,55.589355000000005
0x16bd7cc71f6da1e77d1d8255677abc75b9bae288,BUY,0x3488f31e6449f9803f99a8b5dd232c7ad883637f1c86e6953305a2ef19c77f20,55555.0,0.001,1772269187,"US strikes Iran by February 28, 2026?",us-strikes-iran-by-february-28-2026-227-967-547-688-589-491-592-418-452-924-384-915-464-672-196-157-993-596-269-535-381-391-471-256-988-997-296-225-762-973-292-827-345-182-558-215-794-879-189-761,us-strikes-iran-by,No,1,ddalkkak,55.555
0xad529df14c293d77984a0137990a1441b25211ac,BUY,0x3488f31e6449f9803f99a8b5dd232c7ad883637f1c86e6953305a2ef19c77f20,11111.0,0.005,1772263987,"US strikes Iran by February 28, 2026?",us-strikes-iran-by-february-28-2026-227-967-547-688-589-491-592-418-452-924-384-915-464-672-196-157-993-596-269-535-381-391-471-256-988-997-296-225-762-973-292-827-345-182-558-215-794-879-189-761,us-strikes-iran-by,No,1,glowingorb,55.555
0x999dfbfd8a81dac79797f4032284e5fb592d6009,SELL,0x3488f31e6449f9803f99a8b5dd232c7ad883637f1c86e6953305a2ef19c77f20,55.63,0.998,1772266567,"US strikes Iran by February 28, 2026?",us-strikes-iran-by-february-28-2026-227-967-547-688-589-491-592-418-452-924-384-915-464-672-196-157-993-596-269-535-381-391-471-256-988-997-296-225-762-973-292-827-345-182-558-215-794-879-189-761,us-strikes-iran-by,Yes,0,NightRaven28,55.51874
0x0507b6359e18cf6d4bbed143049192e2892d0c13,SELL,0x3488f31e6449f9803f99a8b5dd232c7ad883637f1c86e6953305a2ef19c77f20,55.55,0.999,1772269531,"US strikes Iran by February 28, 2026?",us-strikes-iran-by-february-28-2026-227-967-547-688-589-491-592-418-452-924-384-915-464-672-196-157-993-596-269-535-381-391-471-256-988-997-296-225-762-973-292-827-345-182-558-215-794-879-189-761,us-strikes-iran-by,Yes,0,IWOW,55.49445
0x6b148682c374c4449cfb572e9d41a2c65f053e42,SELL,0x3488f31e6449f9803f99a8b5dd232c7ad883637f1c86e6953305a2ef19c77f20,55.55,0.999,1772269621,"US strikes Iran by February 28, 2026?",us-strikes-iran-by-february-28-2026-227-967-547-688-589-491-592-418-452-924-384-915-464-672-196-157-993-596-269-535-381-391-471-256-988-997-296-225-762-973-292-827-345-182-558-215-794-879-189-761,us-strikes-iran-by,Yes,0,,55.49445
0xd4fb37914a9930317f9c744b215f20ff18a80375,SELL,0x3488f31e6449f9803f99a8b5dd232c7ad883637f1c86e6953305a2ef19c77f20,55.55,0.999,1772267141,"US strikes Iran by February 28, 2026?",us-strikes-iran-by-february-28-2026-227-967-547-688-589-491-592-418-452-924-384-915-464-672-196-157-993-596-269-535-381-391-471-256-988-997-296-225-762-973-292-827-345-182-558-215-794-879-189-761,us-strikes-iran-by,Yes,0,0xD4fB37914A9930317F9C744B215F20Ff18A80375-1772104025159,55.49445
0x6262d75ae25e087fdf87cd9d90b5afad231e3ba6,BUY,0x3488f31e6449f9803f99a8b5dd232c7ad883637f1c86e6953305a2ef19c77f20,55.545,0.999,1772266531,"US strikes Iran by February 28, 2026?",us-strikes-iran-by-february-28-2026-227-967-547-688-589-491-592-418-452-924-384-915-464-672-196-157-993-596-269-535-381-391-471-256-988-997-296-225-762-973-292-827-345-182-558-215-794-879-189-761,us-strikes-iran-by,Yes,0,sa3r,55.489455
0x2b89dfdfc8ed6dcc3527e9a93c593ed9ecf44958,BUY,0x3488f31e6449f9803f99a8b5dd232c7ad883637f1c86e6953305a2ef19c77f20,55.515,0.999,1772265877,"US strikes Iran by February 28, 2026?",us-strikes-iran-by-february-28-2026-227-967-547-688-589-491-592-418-452-924-384-915-464-672-196-157-993-596-269-535-381-391-471-256-988-997-296-225-762-973-292-827-345-182-558-215-794-879-189-761,us-strikes-iran-by,Yes,0,fvd5s6s5g,55.459485
0xaed898aa3662f1d3af384850cfb951b5745e07c6,BUY,0x3488f31e6449f9803f99a8b5dd232c7ad883637f1c86e6953305a2ef19c77f20,56.0,0.99,1772263787,"US strikes Iran by February 28, 2026?",us-strikes-iran-by-february-28-2026-227-967-547-688-589-491-592-418-452-924-384-915-464-672-196-157-993-596-269-535-381-391-471-256-988-997-296-225-762-973-292-827-345-182-558-215-794-879-189-761,us-strikes-iran-by,Yes,0,938gs,55.44
0xab7e937439585af054efb05dc6452454808cf6ab,SELL,0x3488f31e6449f9803f99a8b5dd232c7ad883637f1c86e6953305a2ef19c77f20,55.55,0.998,1772265389,"US strikes Iran by February 28, 2026?",us-strikes-iran-by-february-28-2026-227-967-547-688-589-491-592-418-452-924-384-915-464-672-196-157-993-596-269-535-381-391-471-256-988-997-296-225-762-973-292-827-345-182-558-215-794-879-189-761,us-strikes-iran-by,Yes,0,0xAB7e937439585aF054eFB05dc6452454808CF6ab-1768760092564,55.4389
0x9d77b8f906ec4e25f2954ae6c65eb8b667a4ee78,BUY,0x3488f31e6449f9803f99a8b5dd232c7ad883637f1c86e6953305a2ef19c77f20,55.485,0.999,1772266525,"US strikes Iran by February 28, 2026?",us-strikes-iran-by-february-28-2026-227-967-547-688-589-491-592-418-452-924-384-915-464-672-196-157-993-596-269-535-381-391-471-256-988-997-296-225-762-973-292-827-345-182-558-215-794-879-189-761,us-strikes-iran-by,Yes,0,tryhre6y,55.429515
0x1cb0041b0befdcde72d93e6d50fb108ae99564ec,BUY,0x3488f31e6449f9803f99a8b5dd232c7ad883637f1c86e6953305a2ef19c77f20,55.455,0.999,1772266527,"US strikes Iran by February 28, 2026?",us-strikes-iran-by-february-28-2026-227-967-547-688-589-491-592-418-452-924-384-915-464-672-196-157-993-596-269-535-381-391-471-256-988-997-296-225-762-973-292-827-345-182-558-215-794-879-189-761,us-strikes-iran-by,Yes,0,erw345r5t,55.399544999999996
0x02e1ee419d24ec9247211746516775cad4de3d7a,BUY,0x3488f31e6449f9803f99a8b5dd232c7ad883637f1c86e6953305a2ef19c77f20,55.455,0.999,1772265883,"US strikes Iran by February 28, 2026?",us-strikes-iran-by-february-28-2026-227-967-547-688-589-491-592-418-452-924-384-915-464-672-196-157-993-596-269-535-381-391-471-256-988-997-296-225-762-973-292-827-345-182-558-215-794-879-189-761,us-strikes-iran-by,Yes,0,gj76redtgrs,55.399544999999996
0x6b481c168e632a3242f3c76612444ce4c4676a35,BUY,0x3488f31e6449f9803f99a8b5dd232c7ad883637f1c86e6953305a2ef19c77f20,55.435,0.999,1772266525,"US strikes Iran by February 28, 2026?",us-strikes-iran-by-february-28-2026-227-967-547-688-589-491-592-418-452-924-384-915-464-672-196-157-993-596-269-535-381-391-471-256-988-997-296-225-762-973-292-827-345-182-558-215-794-879-189-761,us-strikes-iran-by,Yes,0,ert5445rt,55.379565
0xf5e3159612492d418fa1bd31a2ff6b8dcf3532c4,BUY,0x3488f31e6449f9803f99a8b5dd232c7ad883637f1c86e6953305a2ef19c77f20,55.405,0.999,1772265879,"US strikes Iran by February 28, 2026?",us-strikes-iran-by-february-28-2026-227-967-547-688-589-491-592-418-452-924-384-915-464-672-196-157-993-596-269-535-381-391-471-256-988-997-296-225-762-973-292-827-345-182-558-215-794-879-189-761,us-strikes-iran-by,Yes,0,hng7yfgc,55.349595
0x627f00d239edb9f492de6ad19f494148c8f5f83a,SELL,0x3488f31e6449f9803f99a8b5dd232c7ad883637f1c86e6953305a2ef19c77f20,55320.66,0.001,1772266101,"US strikes Iran by February 28, 2026?",us-strikes-iran-by-february-28-2026-227-967-547-688-589-491-592-418-452-924-384-915-464-672-196-157-993-596-269-535-381-391-471-256-988-997-296-225-762-973-292-827-345-182-558-215-794-879-189-761,us-strikes-iran-by,No,1,Joethebirria125,55.320660000000004
0x428f764f03688552e9b99e738eb7fff6a72c39f4,BUY,0x3488f31e6449f9803f99a8b5dd232c7ad883637f1c86e6953305a2ef19c77f20,55.315,0.999,1772265875,"US strikes Iran by February 28, 2026?",us-strikes-iran-by-february-28-2026-227-967-547-688-589-491-592-418-452-924-384-915-464-672-196-157-993-596-269-535-381-391-471-256-988-997-296-225-762-973-292-827-345-182-558-215-794-879-189-761,us-strikes-iran-by,Yes,0,hg9tf7j,55.259685
0x96d15f8da58fb82af73103e83ca03596db36945a,BUY,0x3488f31e6449f9803f99a8b5dd232c7ad883637f1c86e6953305a2ef19c77f20,55.195,0.999,1772265965,"US strikes Iran by February 28, 2026?",us-strikes-iran-by-february-28-2026-227-967-547-688-589-491-592-418-452-924-384-915-464-672-196-157-993-596-269-535-381-391-471-256-988-997-296-225-762-973-292-827-345-182-558-215-794-879-189-761,us-strikes-iran-by,Yes,0,vng89,55.139805
0xdda2a128f11ce05cba45982f117c61185e0f94f8,BUY,0x3488f31e6449f9803f99a8b5dd232c7ad883637f1c86e6953305a2ef19c77f20,55.195,0.999,1772265967,"US strikes Iran by February 28, 2026?",us-strikes-iran-by-february-28-2026-227-967-547-688-589-491-592-418-452-924-384-915-464-672-196-157-993-596-269-535-381-391-471-256-988-997-296-225-762-973-292-827-345-182-558-215-794-879-189-761,us-strikes-iran-by,Yes,0,vbx45,55.139805
0xcf1c4f8e615f550b241f523cc51ce74ea6709e3e,BUY,0x3488f31e6449f9803f99a8b5dd232c7ad883637f1c86e6953305a2ef19c77f20,55.095,0.999,1772265963,"US strikes Iran by February 28, 2026?",us-strikes-iran-by-february-28-2026-227-967-547-688-589-491-592-418-452-924-384-915-464-672-196-157-993-596-269-535-381-391-471-256-988-997-296-225-762-973-292-827-345-182-558-215-794-879-189-761,us-strikes-iran-by,Yes,0,nmx4e,55.039905
0x7419c5e1333f72e0607ac174c0f96adfea57e598,BUY,0x3488f31e6449f9803f99a8b5dd232c7ad883637f1c86e6953305a2ef19c77f20,55.075,0.999,1772265965,"US strikes Iran by February 28, 2026?",us-strikes-iran-by-february-28-2026-227-967-547-688-589-491-592-418-452-924-384-915-464-672-196-157-993-596-269-535-381-391-471-256-988-997-296-225-762-973-292-827-345-182-558-215-794-879-189-761,us-strikes-iran-by,Yes,0,cxve545,55.019925
0x627f00d239edb9f492de6ad19f494148c8f5f83a,BUY,0x3488f31e6449f9803f99a8b5dd232c7ad883637f1c86e6953305a2ef19c77f20,27500.0,0.002,1772266335,"US strikes Iran by February 28, 2026?",us-strikes-iran-by-february-28-2026-227-967-547-688-589-491-592-418-452-924-384-915-464-672-196-157-993-596-269-535-381-391-471-256-988-997-296-225-762-973-292-827-345-182-558-215-794-879-189-761,us-strikes-iran-by,No,1,Joethebirria125,55.0
0x627f00d239edb9f492de6ad19f494148c8f5f83a,BUY,0x3488f31e6449f9803f99a8b5dd232c7ad883637f1c86e6953305a2ef19c77f20,27500.0,0.002,1772266167,"US strikes Iran by February 28, 2026?",us-strikes-iran-by-february-28-2026-227-967-547-688-589-491-592-418-452-924-384-915-464-672-196-157-993-596-269-535-381-391-471-256-988-997-296-225-762-973-292-827-345-182-558-215-794-879-189-761,us-strikes-iran-by,No,1,Joethebirria125,55.0
0x156565275b565530f43429cbe95a20ae098c3a47,SELL,0x3488f31e6449f9803f99a8b5dd232c7ad883637f1c86e6953305a2ef19c77f20,55.0,0.999,1772266909,"US strikes Iran by February 28, 2026?",us-strikes-iran-by-february-28-2026-227-967-547-688-589-491-592-418-452-924-384-915-464-672-196-157-993-596-269-535-381-391-471-256-988-997-296-225-762-973-292-827-345-182-558-215-794-879-189-761,us-strikes-iran-by,Yes,0,eieilaoshi,54.945
0x4572d981de3109530f5ea6092d99eb2613da704c,BUY,0x3488f31e6449f9803f99a8b5dd232c7ad883637f1c86e6953305a2ef19c77f20,54.994,0.999,1772265967,"US strikes Iran by February 28, 2026?",us-strikes-iran-by-february-28-2026-227-967-547-688-589-491-592-418-452-924-384-915-464-672-196-157-993-596-269-535-381-391-471-256-988-997-296-225-762-973-292-827-345-182-558-215-794-879-189-761,us-strikes-iran-by,Yes,0,vbntu8,54.939006
0xe92759f854785734bbf3603c76a4d3b2db70ca72,SELL,0x3488f31e6449f9803f99a8b5dd232c7ad883637f1c86e6953305a2ef19c77f20,55.0,0.998,1772264305,"US strikes Iran by February 28, 2026?",us-strikes-iran-by-february-28-2026-227-967-547-688-589-491-592-418-452-924-384-915-464-672-196-157-993-596-269-535-381-391-471-256-988-997-296-225-762-973-292-827-345-182-558-215-794-879-189-761,us-strikes-iran-by,Yes,0,wykchem,54.89
0xd58ae4625e7fd93bd798ead1c02d24c03266f4ba,BUY,0x3488f31e6449f9803f99a8b5dd232c7ad883637f1c86e6953305a2ef19c77f20,54.914,0.999,1772265965,"US strikes Iran by February 28, 2026?",us-strikes-iran-by-february-28-2026-227-967-547-688-589-491-592-418-452-924-384-915-464-672-196-157-993-596-269-535-381-391-471-256-988-997-296-225-762-973-292-827-345-182-558-215-794-879-189-761,us-strikes-iran-by,Yes,0,cxz56y5,54.859086000000005
0x2c37ef852aced749e999ce0c71569e4ace754a7f,BUY,0x3488f31e6449f9803f99a8b5dd232c7ad883637f1c86e6953305a2ef19c77f20,3917.857141,0.013999999751394713,1772263615,"US strikes Iran by February 28, 2026?",us-strikes-iran-by-february-28-2026-227-967-547-688-589-491-592-418-452-924-384-915-464-672-196-157-993-596-269-535-381-391-471-256-988-997-296-225-762-973-292-827-345-182-558-215-794-879-189-761,us-strikes-iran-by,No,1,0x2C37Ef852acEd749E999CE0c71569e4Ace754a7F-1772255226300,54.849999
0xf3c2db152d00615b1d1e5fdc3423a02baee3272f,BUY,0x3488f31e6449f9803f99a8b5dd232c7ad883637f1c86e6953305a2ef19c77f20,54.674,0.999,1772266175,"US strikes Iran by February 28, 2026?",us-strikes-iran-by-february-28-2026-227-967-547-688-589-491-592-418-452-924-384-915-464-672-196-157-993-596-269-535-381-391-471-256-988-997-296-225-762-973-292-827-345-182-558-215-794-879-189-761,us-strikes-iran-by,Yes,0,fdf7tdsf,54.619326
0xcb51edf8a348eaae012eb96626c6a09c8aff62a5,BUY,0x3488f31e6449f9803f99a8b5dd232c7ad883637f1c86e6953305a2ef19c77f20,54.674,0.999,1772266177,"US strikes Iran by February 28, 2026?",us-strikes-iran-by-february-28-2026-227-967-547-688-589-491-592-418-452-924-384-915-464-672-196-157-993-596-269-535-381-391-471-256-988-997-296-225-762-973-292-827-345-182-558-215-794-879-189-761,us-strikes-iran-by,Yes,0,vcbt78hj,54.619326
0xa038bc2ad88aed5e429bdc3eac0567a13324925c,BUY,0x3488f31e6449f9803f99a8b5dd232c7ad883637f1c86e6953305a2ef19c77f20,54.674,0.999,1772266177,"US strikes Iran by February 28, 2026?",us-strikes-iran-by-february-28-2026-227-967-547-688-589-491-592-418-452-924-384-915-464-672-196-157-993-596-269-535-381-391-471-256-988-997-296-225-762-973-292-827-345-182-558-215-794-879-189-761,us-strikes-iran-by,Yes,0,nghift6,54.619326
0xe139f511036089cc14ee4239fdffa807b6bd1c92,BUY,0x3488f31e6449f9803f99a8b5dd232c7ad883637f1c86e6953305a2ef19c77f20,54.674,0.999,1772266181,"US strikes Iran by February 28, 2026?",us-strikes-iran-by-february-28-2026-227-967-547-688-589-491-592-418-452-924-384-915-464-672-196-157-993-596-269-535-381-391-471-256-988-997-296-225-762-973-292-827-345-182-558-215-794-879-189-761,us-strikes-iran-by,Yes,0,rgew454,54.619326
0x34d9a7579e3a440238eae0792793a079da269367,SELL,0x3488f31e6449f9803f99a8b5dd232c7ad883637f1c86e6953305a2ef19c77f20,54.72,0.998,1772266049,"US strikes Iran by February 28, 2026?",us-strikes-iran-by-february-28-2026-227-967-547-688-589-491-592-418-452-924-384-915-464-672-196-157-993-596-269-535-381-391-471-256-988-997-296-225-762-973-292-827-345-182-558-215-794-879-189-761,us-strikes-iran-by,Yes,0,,54.61056
0x4af4ddd53f36571a5724211101abbaf5d32cbd6f,BUY,0x3488f31e6449f9803f99a8b5dd232c7ad883637f1c86e6953305a2ef19c77f20,54.664,0.999,1772266177,"US strikes Iran by February 28, 2026?",us-strikes-iran-by-february-28-2026-227-967-547-688-589-491-592-418-452-924-384-915-464-672-196-157-993-596-269-535-381-391-471-256-988-997-296-225-762-973-292-827-345-182-558-215-794-879-189-761,us-strikes-iran-by,Yes,0,xz456sd,54.609336
0xfe4f54498591b0ccc8ff4c24117ca51eee71a66a,BUY,0x3488f31e6449f9803f99a8b5dd232c7ad883637f1c86e6953305a2ef19c77f20,54.664,0.999,1772266177,"US strikes Iran by February 28, 2026?",us-strikes-iran-by-february-28-2026-227-967-547-688-589-491-592-418-452-924-384-915-464-672-196-157-993-596-269-535-381-391-471-256-988-997-296-225-762-973-292-827-345-182-558-215-794-879-189-761,us-strikes-iran-by,Yes,0,dsa3qw53,54.609336
0xd5f7dfd59e555293e40890383ca22cceb1dd10cd,BUY,0x3488f31e6449f9803f99a8b5dd232c7ad883637f1c86e6953305a2ef19c77f20,54.664,0.999,1772266179,"US strikes Iran by February 28, 2026?",us-strikes-iran-by-february-28-2026-227-967-547-688-589-491-592-418-452-924-384-915-464-672-196-157-993-596-269-535-381-391-471-256-988-997-296-225-762-973-292-827-345-182-558-215-794-879-189-761,us-strikes-iran-by,Yes,0,rete5tsae,54.609336
0xb4c5b72152e5d02b226b51658bab8ef26b537ebc,BUY,0x3488f31e6449f9803f99a8b5dd232c7ad883637f1c86e6953305a2ef19c77f20,54.654,0.999,1772266175,"US strikes Iran by February 28, 2026?",us-strikes-iran-by-february-28-2026-227-967-547-688-589-491-592-418-452-924-384-915-464-672-196-157-993-596-269-535-381-391-471-256-988-997-296-225-762-973-292-827-345-182-558-215-794-879-189-761,us-strikes-iran-by,Yes,0,sz345ae,54.599346000000004
0x215f0ac3d476542817c973cfdc307ac372d2eb69,BUY,0x3488f31e6449f9803f99a8b5dd232c7ad883637f1c86e6953305a2ef19c77f20,54.654,0.999,1772266181,"US strikes Iran by February 28, 2026?",us-strikes-iran-by-february-28-2026-227-967-547-688-589-491-592-418-452-924-384-915-464-672-196-157-993-596-269-535-381-391-471-256-988-997-296-225-762-973-292-827-345-182-558-215-794-879-189-761,us-strikes-iran-by,Yes,0,sd234se,54.599346000000004
0xce8330aa0aa89116c6699b1fe012868dc78fb5c3,BUY,0x3488f31e6449f9803f99a8b5dd232c7ad883637f1c86e6953305a2ef19c77f20,54.644,0.999,1772266181,"US strikes Iran by February 28, 2026?",us-strikes-iran-by-february-28-2026-227-967-547-688-589-491-592-418-452-924-384-915-464-672-196-157-993-596-269-535-381-391-471-256-988-997-296-225-762-973-292-827-345-182-558-215-794-879-189-761,us-strikes-iran-by,Yes,0,rytw45ea,54.589355999999995
0x9a5be5bb6bc2ddf3ff68aacfd661bea18e28691d,BUY,0x3488f31e6449f9803f99a8b5dd232c7ad883637f1c86e6953305a2ef19c77f20,54460.0,0.001,1772268017,"US strikes Iran by February 28, 2026?",us-strikes-iran-by-february-28-2026-227-967-547-688-589-491-592-418-452-924-384-915-464-672-196-157-993-596-269-535-381-391-471-256-988-997-296-225-762-973-292-827-345-182-558-215-794-879-189-761,us-strikes-iran-by,No,1,Mj-313,54.46
0x4013c5abbd94587447502895288eaae0da9005fb,SELL,0x3488f31e6449f9803f99a8b5dd232c7ad883637f1c86e6953305a2ef19c77f20,55.31,0.982,1772263289,"US strikes Iran by February 28, 2026?",us-strikes-iran-by-february-28-2026-227-967-547-688-589-491-592-418-452-924-384-915-464-672-196-157-993-596-269-535-381-391-471-256-988-997-296-225-762-973-292-827-345-182-558-215-794-879-189-761,us-strikes-iran-by,Yes,0,0x4013c5ABbD94587447502895288eaae0da9005fB-1765041680420,54.31442
0x0844b5d14332a8d73cd0ee567439781ceeae09f7,SELL,0x3488f31e6449f9803f99a8b5dd232c7ad883637f1c86e6953305a2ef19c77f20,54.84,0.986,1772263561,"US strikes Iran by February 28, 2026?",us-strikes-iran-by-february-28-2026-227-967-547-688-589-491-592-418-452-924-384-915-464-672-196-157-993-596-269-535-381-391-471-256-988-997-296-225-762-973-292-827-345-182-558-215-794-879-189-761,us-strikes-iran-by,Yes,0,0x0844B5D14332a8D73Cd0EE567439781CEEae09F7-1767234093771,54.07224
0x233cc3a33fa2db88e525ab35f1a958bec94ffa66,SELL,0x3488f31e6449f9803f99a8b5dd232c7ad883637f1c86e6953305a2ef19c77f20,54.05,0.999,1772267565,"US strikes Iran by February 28, 2026?",us-strikes-iran-by-february-28-2026-227-967-547-688-589-491-592-418-452-924-384-915-464-672-196-157-993-596-269-535-381-391-471-256-988-997-296-225-762-973-292-827-345-182-558-215-794-879-189-761,us-strikes-iran-by,Yes,0,,53.99595
0x9fc04328779787d59935a6649ca8e7694b78cb4b,BUY,0x3488f31e6449f9803f99a8b5dd232c7ad883637f1c86e6953305a2ef19c77f20,54.44,0.986,1772263339,"US strikes Iran by February 28, 2026?",us-strikes-iran-by-february-28-2026-227-967-547-688-589-491-592-418-452-924-384-915-464-672-196-157-993-596-269-535-381-391-471-256-988-997-296-225-762-973-292-827-345-182-558-215-794-879-189-761,us-strikes-iran-by,Yes,0,DorkiPorki,53.677839999999996
0x20f39bf60a7ea337a45681885725c92dd847ac3f,SELL,0x3488f31e6449f9803f99a8b5dd232c7ad883637f1c86e6953305a2ef19c77f20,52.94,0.999,1772267227,"US strikes Iran by February 28, 2026?",us-strikes-iran-by-february-28-2026-227-967-547-688-589-491-592-418-452-924-384-915-464-672-196-157-993-596-269-535-381-391-471-256-988-997-296-225-762-973-292-827-345-182-558-215-794-879-189-761,us-strikes-iran-by,Yes,0,0x20F39BF60A7Ea337a45681885725c92Dd847aC3f-1771960038183,52.88706
0x2f5e890b9374ee7b2051d81098049f9d968452dc,SELL,0x3488f31e6449f9803f99a8b5dd232c7ad883637f1c86e6953305a2ef19c77f20,52.94,0.998,1772265611,"US strikes Iran by February 28, 2026?",us-strikes-iran-by-february-28-2026-227-967-547-688-589-491-592-418-452-924-384-915-464-672-196-157-993-596-269-535-381-391-471-256-988-997-296-225-762-973-292-827-345-182-558-215-794-879-189-761,us-strikes-iran-by,Yes,0,0x2f5E890B9374eE7b2051d81098049f9D968452DC-1724086166819,52.83412
0xfb92225ac879f60d13e83e8bdc62ec97e6ed333e,SELL,0x3488f31e6449f9803f99a8b5dd232c7ad883637f1c86e6953305a2ef19c77f20,52.63,0.999,1772270379,"US strikes Iran by February 28, 2026?",us-strikes-iran-by-february-28-2026-227-967-547-688-589-491-592-418-452-924-384-915-464-672-196-157-993-596-269-535-381-391-471-256-988-997-296-225-762-973-292-827-345-182-558-215-794-879-189-761,us-strikes-iran-by,Yes,0,0xfb92225aC879F60D13e83e8BDC62EC97E6ed333E-1771839839639,52.57737
0xa6f064e89a761a14d2972e9c8510c7143b33d8a0,SELL,0x3488f31e6449f9803f99a8b5dd232c7ad883637f1c86e6953305a2ef19c77f20,52.64,0.998,1772266713,"US strikes Iran by February 28, 2026?",us-strikes-iran-by-february-28-2026-227-967-547-688-589-491-592-418-452-924-384-915-464-672-196-157-993-596-269-535-381-391-471-256-988-997-296-225-762-973-292-827-345-182-558-215-794-879-189-761,us-strikes-iran-by,Yes,0,CordialAmbition,52.53472
0xa485de40a7bff1d7fd75a777a012297efb37ad89,SELL,0x3488f31e6449f9803f99a8b5dd232c7ad883637f1c86e6953305a2ef19c77f20,52.63,0.998,1772265747,"US strikes Iran by February 28, 2026?",us-strikes-iran-by-february-28-2026-227-967-547-688-589-491-592-418-452-924-384-915-464-672-196-157-993-596-269-535-381-391-471-256-988-997-296-225-762-973-292-827-345-182-558-215-794-879-189-761,us-strikes-iran-by,Yes,0,Geodood,52.52474
0x0976995aa1649abbc0b3b18ab328997062a0319a,SELL,0x3488f31e6449f9803f99a8b5dd232c7ad883637f1c86e6953305a2ef19c77f20,52.63,0.998,1772266839,"US strikes Iran by February 28, 2026?",us-strikes-iran-by-february-28-2026-227-967-547-688-589-491-592-418-452-924-384-915-464-672-196-157-993-596-269-535-381-391-471-256-988-997-296-225-762-973-292-827-345-182-558-215-794-879-189-761,us-strikes-iran-by,Yes,0,0x0976995AA1649aBbc0B3b18ab328997062a0319a-1772208108611,52.52474
0xb27c6221f92cc93847a1e762711b26786731f9c2,BUY,0x3488f31e6449f9803f99a8b5dd232c7ad883637f1c86e6953305a2ef19c77f20,52.422,0.999,1772265689,"US strikes Iran by February 28, 2026?",us-strikes-iran-by-february-28-2026-227-967-547-688-589-491-592-418-452-924-384-915-464-672-196-157-993-596-269-535-381-391-471-256-988-997-296-225-762-973-292-827-345-182-558-215-794-879-189-761,us-strikes-iran-by,Yes,0,qwr3q,52.369578
0xda20f86f65e07d559f72941eaec99d5580481f7e,SELL,0x3488f31e6449f9803f99a8b5dd232c7ad883637f1c86e6953305a2ef19c77f20,5233.99,0.01,1772263755,"US strikes Iran by February 28, 2026?",us-strikes-iran-by-february-28-2026-227-967-547-688-589-491-592-418-452-924-384-915-464-672-196-157-993-596-269-535-381-391-471-256-988-997-296-225-762-973-292-827-345-182-558-215-794-879-189-761,us-strikes-iran-by,No,1,MrZedZed,52.3399
0x9f667da8f9878c49092447335f7cb28c18ff2077,BUY,0x3488f31e6449f9803f99a8b5dd232c7ad883637f1c86e6953305a2ef19c77f20,52.342,0.999,1772265689,"US strikes Iran by February 28, 2026?",us-strikes-iran-by-february-28-2026-227-967-547-688-589-491-592-418-452-924-384-915-464-672-196-157-993-596-269-535-381-391-471-256-988-997-296-225-762-973-292-827-345-182-558-215-794-879-189-761,us-strikes-iran-by,Yes,0,te5s6rds,52.289657999999996
0xc0d4b208b4c3747434457418ee15d2939b528555,BUY,0x3488f31e6449f9803f99a8b5dd232c7ad883637f1c86e6953305a2ef19c77f20,52.292,0.999,1772265691,"US strikes Iran by February 28, 2026?",us-strikes-iran-by-february-28-2026-227-967-547-688-589-491-592-418-452-924-384-915-464-672-196-157-993-596-269-535-381-391-471-256-988-997-296-225-762-973-292-827-345-182-558-215-794-879-189-761,us-strikes-iran-by,Yes,0,4567yse,52.239708
0xcdaab20e0ee93fdf89f22e535dcc5cd655bea4d7,BUY,0x3488f31e6449f9803f99a8b5dd232c7ad883637f1c86e6953305a2ef19c77f20,52.222,0.999,1772265687,"US strikes Iran by February 28, 2026?",us-strikes-iran-by-february-28-2026-227-967-547-688-589-491-592-418-452-924-384-915-464-672-196-157-993-596-269-535-381-391-471-256-988-997-296-225-762-973-292-827-345-182-558-215-794-879-189-761,us-strikes-iran-by,Yes,0,ughdr6y,52.169778
0x23a46957a09060d234509e84639d1b06dc6beae1,SELL,0x3488f31e6449f9803f99a8b5dd232c7ad883637f1c86e6953305a2ef19c77f20,52.63,0.99,1772263813,"US strikes Iran by February 28, 2026?",us-strikes-iran-by-february-28-2026-227-967-547-688-589-491-592-418-452-924-384-915-464-672-196-157-993-596-269-535-381-391-471-256-988-997-296-225-762-973-292-827-345-182-558-215-794-879-189-761,us-strikes-iran-by,Yes,0,0x23A46957A09060d234509E84639d1b06Dc6BEAE1-1772211170067,52.1037
0x307a44ef48ca52744c8060f923d573b8a4182bbc,BUY,0x3488f31e6449f9803f99a8b5dd232c7ad883637f1c86e6953305a2ef19c77f20,52.132,0.999,1772265689,"US strikes Iran by February 28, 2026?",us-strikes-iran-by-february-28-2026-227-967-547-688-589-491-592-418-452-924-384-915-464-672-196-157-993-596-269-535-381-391-471-256-988-997-296-225-762-973-292-827-345-182-558-215-794-879-189-761,us-strikes-iran-by,Yes,0,657tserd,52.079868
0x95b7a9f2ed37b9ca312853e07f37cb7dbfd3bdee,SELL,0x3488f31e6449f9803f99a8b5dd232c7ad883637f1c86e6953305a2ef19c77f20,52.08,0.999,1772267381,"US strikes Iran by February 28, 2026?",us-strikes-iran-by-february-28-2026-227-967-547-688-589-491-592-418-452-924-384-915-464-672-196-157-993-596-269-535-381-391-471-256-988-997-296-225-762-973-292-827-345-182-558-215-794-879-189-761,us-strikes-iran-by,Yes,0,,52.02792
0x590ee2c3652c32afe3a5ef4b3b2cead464ceeca4,SELL,0x3488f31e6449f9803f99a8b5dd232c7ad883637f1c86e6953305a2ef19c77f20,4000.0,0.013,1772263525,"US strikes Iran by February 28, 2026?",us-strikes-iran-by-february-28-2026-227-967-547-688-589-491-592-418-452-924-384-915-464-672-196-157-993-596-269-535-381-391-471-256-988-997-296-225-762-973-292-827-345-182-558-215-794-879-189-761,us-strikes-iran-by,No,1,ph0t0n,52.0
0xcae5acf7b3252add2efe9c8b5eb3e3fde2a26e29,SELL,0x3488f31e6449f9803f99a8b5dd232c7ad883637f1c86e6953305a2ef19c77f20,4725.79,0.011,1772263731,"US strikes Iran by February 28, 2026?",us-strikes-iran-by-february-28-2026-227-967-547-688-589-491-592-418-452-924-384-915-464-672-196-157-993-596-269-535-381-391-471-256-988-997-296-225-762-973-292-827-345-182-558-215-794-879-189-761,us-strikes-iran-by,No,1,Mx1999,51.983689999999996
0x99210f285aedc8bd45d734c82ae2885996b0a893,BUY,0x3488f31e6449f9803f99a8b5dd232c7ad883637f1c86e6953305a2ef19c77f20,51.98,0.999,1772266245,"US strikes Iran by February 28, 2026?",us-strikes-iran-by-february-28-2026-227-967-547-688-589-491-592-418-452-924-384-915-464-672-196-157-993-596-269-535-381-391-471-256-988-997-296-225-762-973-292-827-345-182-558-215-794-879-189-761,us-strikes-iran-by,Yes,0,wocaonimade,51.92802
0xa5de3fc1a2ef18bd862c162c19534f74b39a882d,SELL,0x3488f31e6449f9803f99a8b5dd232c7ad883637f1c86e6953305a2ef19c77f20,5172.05,0.01,1772263753,"US strikes Iran by February 28, 2026?",us-strikes-iran-by-february-28-2026-227-967-547-688-589-491-592-418-452-924-384-915-464-672-196-157-993-596-269-535-381-391-471-256-988-997-296-225-762-973-292-827-345-182-558-215-794-879-189-761,us-strikes-iran-by,No,1,darcy1988,51.7205
0x172913d58908c58c3abdd58ecc26a39688886a61,SELL,0x3488f31e6449f9803f99a8b5dd232c7ad883637f1c86e6953305a2ef19c77f20,51.72,0.999,1772269937,"US strikes Iran by February 28, 2026?",us-strikes-iran-by-february-28-2026-227-967-547-688-589-491-592-418-452-924-384-915-464-672-196-157-993-596-269-535-381-391-471-256-988-997-296-225-762-973-292-827-345-182-558-215-794-879-189-761,us-strikes-iran-by,Yes,0,,51.668279999999996
0x9fdcd30cff8db906799cb2700d3a40f955612233,BUY,0x3488f31e6449f9803f99a8b5dd232c7ad883637f1c86e6953305a2ef19c77f20,51.641,0.999,1772265687,"US strikes Iran by February 28, 2026?",us-strikes-iran-by-february-28-2026-227-967-547-688-589-491-592-418-452-924-384-915-464-672-196-157-993-596-269-535-381-391-471-256-988-997-296-225-762-973-292-827-345-182-558-215-794-879-189-761,us-strikes-iran-by,Yes,0,hjgf76,51.589359
0x066adfa6b421165bb6cf387010777f783a24c1a6,BUY,0x3488f31e6449f9803f99a8b5dd232c7ad883637f1c86e6953305a2ef19c77f20,50.84,0.999,1772265877,"US strikes Iran by February 28, 2026?",us-strikes-iran-by-february-28-2026-227-967-547-688-589-491-592-418-452-924-384-915-464-672-196-157-993-596-269-535-381-391-471-256-988-997-296-225-762-973-292-827-345-182-558-215-794-879-189-761,us-strikes-iran-by,Yes,0,kjh90hk,50.78916
0xfc3596b37f20320eca5595b953d22fee96899eeb,SELL,0x3488f31e6449f9803f99a8b5dd232c7ad883637f1c86e6953305a2ef19c77f20,5075.5,0.01,1772263749,"US strikes Iran by February 28, 2026?",us-strikes-iran-by-february-28-2026-227-967-547-688-589-491-592-418-452-924-384-915-464-672-196-157-993-596-269-535-381-391-471-256-988-997-296-225-762-973-292-827-345-182-558-215-794-879-189-761,us-strikes-iran-by,No,1,aokihayato,50.755
0x6ac125058e475ff06687f7b4b6b3e49a409d61d9,BUY,0x3488f31e6449f9803f99a8b5dd232c7ad883637f1c86e6953305a2ef19c77f20,50.5,0.999,1772266527,"US strikes Iran by February 28, 2026?",us-strikes-iran-by-february-28-2026-227-967-547-688-589-491-592-418-452-924-384-915-464-672-196-157-993-596-269-535-381-391-471-256-988-997-296-225-762-973-292-827-345-182-558-215-794-879-189-761,us-strikes-iran-by,Yes,0,gy56e5,50.4495
0x115696d9b27000943852ea292d2fc24a45092a24,BUY,0x3488f31e6449f9803f99a8b5dd232c7ad883637f1c86e6953305a2ef19c77f20,50.48,0.999,1772265569,"US strikes Iran by February 28, 2026?",us-strikes-iran-by-february-28-2026-227-967-547-688-589-491-592-418-452-924-384-915-464-672-196-157-993-596-269-535-381-391-471-256-988-997-296-225-762-973-292-827-345-182-558-215-794-879-189-761,us-strikes-iran-by,Yes,0,dsfgsdds,50.42952
0x26ad500f6248b23bc0bbf73bbde7e89f3ed2b837,BUY,0x3488f31e6449f9803f99a8b5dd232c7ad883637f1c86e6953305a2ef19c77f20,50.45,0.999,1772265565,"US strikes Iran by February 28, 2026?",us-strikes-iran-by-february-28-2026-227-967-547-688-589-491-592-418-452-924-384-915-464-672-196-157-993-596-269-535-381-391-471-256-988-997-296-225-762-973-292-827-345-182-558-215-794-879-189-761,us-strikes-iran-by,Yes,0,qwersdaf,50.399550000000005
0x8b2aab61dcd5269a96ed3018befe6c4b24e42c11,SELL,0x3488f31e6449f9803f99a8b5dd232c7ad883637f1c86e6953305a2ef19c77f20,50.5,0.997,1772264179,"US strikes Iran by February 28, 2026?",us-strikes-iran-by-february-28-2026-227-967-547-688-589-491-592-418-452-924-384-915-464-672-196-157-993-596-269-535-381-391-471-256-988-997-296-225-762-973-292-827-345-182-558-215-794-879-189-761,us-strikes-iran-by,Yes,0,,50.3485
0x978fb5f404301d1947b8957ff56f7f5a22379bb3,BUY,0x3488f31e6449f9803f99a8b5dd232c7ad883637f1c86e6953305a2ef19c77f20,50.37,0.999,1772265563,"US strikes Iran by February 28, 2026?",us-strikes-iran-by-february-28-2026-227-967-547-688-589-491-592-418-452-924-384-915-464-672-196-157-993-596-269-535-381-391-471-256-988-997-296-225-762-973-292-827-345-182-558-215-794-879-189-761,us-strikes-iran-by,Yes,0,77fc,50.31963
0xf4c3225bbe8292f510c269d61dde3a0ed4ab3733,BUY,0x3488f31e6449f9803f99a8b5dd232c7ad883637f1c86e6953305a2ef19c77f20,50.37,0.999,1772265567,"US strikes Iran by February 28, 2026?",us-strikes-iran-by-february-28-2026-227-967-547-688-589-491-592-418-452-924-384-915-464-672-196-157-993-596-269-535-381-391-471-256-988-997-296-225-762-973-292-827-345-182-558-215-794-879-189-761,us-strikes-iran-by,Yes,0,435rdsfg,50.31963
0x3764e839f3d535e3c283f7c3f0fabd6f13db9d7e,BUY,0x3488f31e6449f9803f99a8b5dd232c7ad883637f1c86e6953305a2ef19c77f20,51.0,0.986,1772263285,"US strikes Iran by February 28, 2026?",us-strikes-iran-by-february-28-2026-227-967-547-688-589-491-592-418-452-924-384-915-464-672-196-157-993-596-269-535-381-391-471-256-988-997-296-225-762-973-292-827-345-182-558-215-794-879-189-761,us-strikes-iran-by,Yes,0,lebandit,50.286
0x3764e839f3d535e3c283f7c3f0fabd6f13db9d7e,BUY,0x3488f31e6449f9803f99a8b5dd232c7ad883637f1c86e6953305a2ef19c77f20,51.0,0.986,1772263285,"US strikes Iran by February 28, 2026?",us-strikes-iran-by-february-28-2026-227-967-547-688-589-491-592-418-452-924-384-915-464-672-196-157-993-596-269-535-381-391-471-256-988-997-296-225-762-973-292-827-345-182-558-215-794-879-189-761,us-strikes-iran-by,Yes,0,lebandit,50.286
0x4d70984ff9a047d283888fceb207df3e76782698,SELL,0x3488f31e6449f9803f99a8b5dd232c7ad883637f1c86e6953305a2ef19c77f20,12340.17,0.004069920430593744,1772263929,"US strikes Iran by February 28, 2026?",us-strikes-iran-by-february-28-2026-227-967-547-688-589-491-592-418-452-924-384-915-464-672-196-157-993-596-269-535-381-391-471-256-988-997-296-225-762-973-292-827-345-182-558-215-794-879-189-761,us-strikes-iran-by,No,1,chilloutTt,50.223510000000005
0x5bf38249084134322adc0ff5a552b591a657d1be,BUY,0x3488f31e6449f9803f99a8b5dd232c7ad883637f1c86e6953305a2ef19c77f20,50.27,0.999,1772265567,"US strikes Iran by February 28, 2026?",us-strikes-iran-by-february-28-2026-227-967-547-688-589-491-592-418-452-924-384-915-464-672-196-157-993-596-269-535-381-391-471-256-988-997-296-225-762-973-292-827-345-182-558-215-794-879-189-761,us-strikes-iran-by,Yes,0,wqds,50.219730000000006
0x1d06891802eef1ee450a5f1c90157de91f218767,BUY,0x3488f31e6449f9803f99a8b5dd232c7ad883637f1c86e6953305a2ef19c77f20,50.27,0.999,1772265567,"US strikes Iran by February 28, 2026?",us-strikes-iran-by-february-28-2026-227-967-547-688-589-491-592-418-452-924-384-915-464-672-196-157-993-596-269-535-381-391-471-256-988-997-296-225-762-973-292-827-345-182-558-215-794-879-189-761,us-strikes-iran-by,Yes,0,reyfz,50.219730000000006
0x4cc77c3a49af87b639a340f93cf3f16229987ce8,BUY,0x3488f31e6449f9803f99a8b5dd232c7ad883637f1c86e6953305a2ef19c77f20,50.27,0.999,1772265565,"US strikes Iran by February 28, 2026?",us-strikes-iran-by-february-28-2026-227-967-547-688-589-491-592-418-452-924-384-915-464-672-196-157-993-596-269-535-381-391-471-256-988-997-296-225-762-973-292-827-345-182-558-215-794-879-189-761,us-strikes-iran-by,Yes,0,rtdfgfd,50.219730000000006
0xd6b51ae969f5a83870931d06d40316064c1606de,BUY,0x3488f31e6449f9803f99a8b5dd232c7ad883637f1c86e6953305a2ef19c77f20,50.26,0.999,1772265563,"US strikes Iran by February 28, 2026?",us-strikes-iran-by-february-28-2026-227-967-547-688-589-491-592-418-452-924-384-915-464-672-196-157-993-596-269-535-381-391-471-256-988-997-296-225-762-973-292-827-345-182-558-215-794-879-189-761,us-strikes-iran-by,Yes,0,78ivgh,50.20974
0x885ff0161b70dc145ef82bdad8cb931c5fc61219,BUY,0x3488f31e6449f9803f99a8b5dd232c7ad883637f1c86e6953305a2ef19c77f20,50.25,0.999,1772265565,"US strikes Iran by February 28, 2026?",us-strikes-iran-by-february-28-2026-227-967-547-688-589-491-592-418-452-924-384-915-464-672-196-157-993-596-269-535-381-391-471-256-988-997-296-225-762-973-292-827-345-182-558-215-794-879-189-761,us-strikes-iran-by,Yes,0,uiyovbn,50.19975
0x37abee18182eed4d4da305ab18b35113ee2b4edf,BUY,0x3488f31e6449f9803f99a8b5dd232c7ad883637f1c86e6953305a2ef19c77f20,50.2,0.999,1772265569,"US strikes Iran by February 28, 2026?",us-strikes-iran-by-february-28-2026-227-967-547-688-589-491-592-418-452-924-384-915-464-672-196-157-993-596-269-535-381-391-471-256-988-997-296-225-762-973-292-827-345-182-558-215-794-879-189-761,us-strikes-iran-by,Yes,0,tyhfdz,50.149800000000006
0x63ca0ad850d42ea58a4371c2f40b92e71737d8f1,BUY,0x3488f31e6449f9803f99a8b5dd232c7ad883637f1c86e6953305a2ef19c77f20,50.19,0.999,1772265873,"US strikes Iran by February 28, 2026?",us-strikes-iran-by-february-28-2026-227-967-547-688-589-491-592-418-452-924-384-915-464-672-196-157-993-596-269-535-381-391-471-256-988-997-296-225-762-973-292-827-345-182-558-215-794-879-189-761,us-strikes-iran-by,Yes,0,vd5er4,50.13981
0x84906b2dee282a7fca52ab92675d7fac2fcc17b5,BUY,0x3488f31e6449f9803f99a8b5dd232c7ad883637f1c86e6953305a2ef19c77f20,16666.666665,0.0030000000003,1772264059,"US strikes Iran by February 28, 2026?",us-strikes-iran-by-february-28-2026-227-967-547-688-589-491-592-418-452-924-384-915-464-672-196-157-993-596-269-535-381-391-471-256-988-997-296-225-762-973-292-827-345-182-558-215-794-879-189-761,us-strikes-iran-by,No,1,dearsey,50.00000000000001
0xf81a30c37dd6bfa91239dfb9a4be994dd0b375e3,BUY,0x3488f31e6449f9803f99a8b5dd232c7ad883637f1c86e6953305a2ef19c77f20,25000.0,0.002,1772265579,"US strikes Iran by February 28, 2026?",us-strikes-iran-by-february-28-2026-227-967-547-688-589-491-592-418-452-924-384-915-464-672-196-157-993-596-269-535-381-391-471-256-988-997-296-225-762-973-292-827-345-182-558-215-794-879-189-761,us-strikes-iran-by,No,1,,50.0
0xefc7715d7f1a093c5ae9f97c0ff67a7efabeac54,BUY,0x3488f31e6449f9803f99a8b5dd232c7ad883637f1c86e6953305a2ef19c77f20,3333.333332,0.015000000006,1772263657,"US strikes Iran by February 28, 2026?",us-strikes-iran-by-february-28-2026-227-967-547-688-589-491-592-418-452-924-384-915-464-672-196-157-993-596-269-535-381-391-471-256-988-997-296-225-762-973-292-827-345-182-558-215-794-879-189-761,us-strikes-iran-by,No,1,0xEfC7715d7F1a093C5aE9f97c0Ff67A7eFAbeaC54-1772195672548,50.0
0xb7968abf2c5ba934db17add2f9e87b38fcbf58a8,BUY,0x3488f31e6449f9803f99a8b5dd232c7ad883637f1c86e6953305a2ef19c77f20,3352.655332,0.014913552109805722,1772263437,"US strikes Iran by February 28, 2026?",us-strikes-iran-by-february-28-2026-227-967-547-688-589-491-592-418-452-924-384-915-464-672-196-157-993-596-269-535-381-391-471-256-988-997-296-225-762-973-292-827-345-182-558-215-794-879-189-761,us-strikes-iran-by,No,1,vayz,50.0
0xc5fc5449ec54d666fa7aeb6d6574e7e82aa4b579,BUY,0x3488f31e6449f9803f99a8b5dd232c7ad883637f1c86e6953305a2ef19c77f20,6250.0,0.008,1772263873,"US strikes Iran by February 28, 2026?",us-strikes-iran-by-february-28-2026-227-967-547-688-589-491-592-418-452-924-384-915-464-672-196-157-993-596-269-535-381-391-471-256-988-997-296-225-762-973-292-827-345-182-558-215-794-879-189-761,us-strikes-iran-by,No,1,YYzzy,50.0
0x5d36d23c5195d94eee3c9700784129176c0345c6,BUY,0x3488f31e6449f9803f99a8b5dd232c7ad883637f1c86e6953305a2ef19c77f20,25000.0,0.002,1772265249,"US strikes Iran by February 28, 2026?",us-strikes-iran-by-february-28-2026-227-967-547-688-589-491-592-418-452-924-384-915-464-672-196-157-993-596-269-535-381-391-471-256-988-997-296-225-762-973-292-827-345-182-558-215-794-879-189-761,us-strikes-iran-by,No,1,Jen888,50.0
0x17cffdd0ae03f516cda4b061a488f9004db2ccf2,BUY,0x3488f31e6449f9803f99a8b5dd232c7ad883637f1c86e6953305a2ef19c77f20,3500.0,0.014285714285714285,1772263627,"US strikes Iran by February 28, 2026?",us-strikes-iran-by-february-28-2026-227-967-547-688-589-491-592-418-452-924-384-915-464-672-196-157-993-596-269-535-381-391-471-256-988-997-296-225-762-973-292-827-345-182-558-215-794-879-189-761,us-strikes-iran-by,No,1,helloitisme,50.0
0x17cffdd0ae03f516cda4b061a488f9004db2ccf2,BUY,0x3488f31e6449f9803f99a8b5dd232c7ad883637f1c86e6953305a2ef19c77f20,14296.636,0.003497326224155109,1772263947,"US strikes Iran by February 28, 2026?",us-strikes-iran-by-february-28-2026-227-967-547-688-589-491-592-418-452-924-384-915-464-672-196-157-993-596-269-535-381-391-471-256-988-997-296-225-762-973-292-827-345-182-558-215-794-879-189-761,us-strikes-iran-by,No,1,helloitisme,50.0
0x84906b2dee282a7fca52ab92675d7fac2fcc17b5,BUY,0x3488f31e6449f9803f99a8b5dd232c7ad883637f1c86e6953305a2ef19c77f20,6250.0,0.008,1772263853,"US strikes Iran by February 28, 2026?",us-strikes-iran-by-february-28-2026-227-967-547-688-589-491-592-418-452-924-384-915-464-672-196-157-993-596-269-535-381-391-471-256-988-997-296-225-762-973-292-827-345-182-558-215-794-879-189-761,us-strikes-iran-by,No,1,dearsey,50.0
0x17cffdd0ae03f516cda4b061a488f9004db2ccf2,BUY,0x3488f31e6449f9803f99a8b5dd232c7ad883637f1c86e6953305a2ef19c77f20,6337.5,0.007889546351084813,1772263837,"US strikes Iran by February 28, 2026?",us-strikes-iran-by-february-28-2026-227-967-547-688-589-491-592-418-452-924-384-915-464-672-196-157-993-596-269-535-381-391-471-256-988-997-296-225-762-973-292-827-345-182-558-215-794-879-189-761,us-strikes-iran-by,No,1,helloitisme,50.0
0xf397068fa02ee20639d54ae4595efeeff595e1da,BUY,0x3488f31e6449f9803f99a8b5dd232c7ad883637f1c86e6953305a2ef19c77f20,50000.0,0.001,1772266845,"US strikes Iran by February 28, 2026?",us-strikes-iran-by-february-28-2026-227-967-547-688-589-491-592-418-452-924-384-915-464-672-196-157-993-596-269-535-381-391-471-256-988-997-296-225-762-973-292-827-345-182-558-215-794-879-189-761,us-strikes-iran-by,No,1,Kidpoker007,50.0
0x93f2e2f8313faae5abd2ff06623ef69917eca879,BUY,0x3488f31e6449f9803f99a8b5dd232c7ad883637f1c86e6953305a2ef19c77f20,4545.454544,0.01100000000352,1772263797,"US strikes Iran by February 28, 2026?",us-strikes-iran-by-february-28-2026-227-967-547-688-589-491-592-418-452-924-384-915-464-672-196-157-993-596-269-535-381-391-471-256-988-997-296-225-762-973-292-827-345-182-558-215-794-879-189-761,us-strikes-iran-by,No,1,destiny,50.0
0x187749a0c3d3a62dbd3f07babdd341ed9e8e2ea9,BUY,0x3488f31e6449f9803f99a8b5dd232c7ad883637f1c86e6953305a2ef19c77f20,16666.666666,0.00300000000012,1772263967,"US strikes Iran by February 28, 2026?",us-strikes-iran-by-february-28-2026-227-967-547-688-589-491-592-418-452-924-384-915-464-672-196-157-993-596-269-535-381-391-471-256-988-997-296-225-762-973-292-827-345-182-558-215-794-879-189-761,us-strikes-iran-by,No,1,0x187749A0C3D3A62dBD3f07baBDd341ed9e8E2Ea9-1772260883578,50.0
0xb809b6887451d67f044a09917f0074233f16b13c,BUY,0x3488f31e6449f9803f99a8b5dd232c7ad883637f1c86e6953305a2ef19c77f20,3846.153845,0.0130000000039,1772263647,"US strikes Iran by February 28, 2026?",us-strikes-iran-by-february-28-2026-227-967-547-688-589-491-592-418-452-924-384-915-464-672-196-157-993-596-269-535-381-391-471-256-988-997-296-225-762-973-292-827-345-182-558-215-794-879-189-761,us-strikes-iran-by,No,1,,49.99999999999999
